:020000040800F2
:1000000080690020B10200085B540008854D00089B
:1000100059540008ED0B000841650008000000007D
:10002000000000000000000000000000F1010008D6
:10003000BB0C0008000000004D020008B956000883
:10004000CB020008CB020008CB020008CB0200085C
:10005000CB020008CB020008CB020008CB0200084C
:10006000CB020008CB020008CB020008F10B00080D
:10007000FD0B0008CB020008CB020008CB020008F1
:10008000CB020008CB020008FD0A0008CB020008E2
:10009000CB020008C10C0008CB020008CB0200080C
:1000A0005D57000869570008CB020008CB02000822
:1000B00075570008CB020008CB020008CB020008ED
:1000C000CB020008CB020008CB020008CB020008DC
:1000D000CB02000809650008CB020008CB0200082B
:1000E000CB020008CB020008CB020008CB020008BC
:1000F000CB020008CB020008CB020008CB020008AC
:10010000CB020008CB02000881570008CB02000890
:10011000CB020008CB020008CB0200088D57000874
:10012000CB020008CB020008CB020008CB0200087B
:10013000CB020008CB020008CB020008CB0200086B
:10014000CB020008CB020008CB020008CB0200085B
:10015000CB020008CB020008CB020008CB0200084B
:10016000CB020008CB020008CB020008CB0200083B
:10017000CB020008CB020008CB020008CB0200082B
:10018000CB020008CB020008CB020008CB0200081B
:10019000CB02000800000000CB020008CB020008E0
:1001A000CB020008CB020008CB020008CB020008FB
:1001B000CB020008CB020008CB020008CB020008EB
:1001C000CB020008CB020008CB020008CB020008DB
:1001D000CB020008CB020008DFF810D000F078FB5B
:1001E0000048004729A00008AFF300808069002084
:1001F0002C4B19680868B0E8F04F80F30988BFF30A
:100200006F8F4FF0000080F31188704700000000EE
:1002100008480068006880F308884FF0000080F309
:10022000148862B661B6BFF34F8FBFF36F8F00DFE4
:1002300000BF00BF08ED00E0DFF80C00016841F4EA
:1002400070010160704700BF88ED00E0EFF30980A6
:10025000BFF36F8F134B1A681EF0100F08BF20ED0D
:10026000108A20E9F04F106009B44FF0500080F37D
:100270001188BFF34F8FBFF36F8F0CF0CFFD4FF09E
:10028000000080F3118809BC19680868B0E8F04FD5
:100290001EF0100F08BFB0EC108A80F30988BFF37E
:1002A0006F8F704768000020EFF3058070470000F3
:1002B0000648804706480047FEE7FEE7FEE7FEE700
:1002C000FEE7FEE7FEE7FEE7FEE7FEE74D57000824
:1002D000D90100082DE9F05F0546002092469B46B3
:1002E00088460646814640241BE02846414647464C
:1002F000224600F0A6F853465A46C01A914110D340
:1003000011461846224600F08DF82D1A67EB0108B9
:100310004F4622460120002100F084F817EB000927
:100320004E41201EA4F10104DFDC484631462A4636
:100330004346BDE8F09F2DE9F0410024061B254609
:1003400071F1000605DA01240027D0EB070067EB06
:100350000101161E73F1000605DA0027D2EB070231
:10036000012567EB0303FFF7B5FF86460E461746E8
:100370009C46AC4204D00025D0EB050E65EB01068F
:1003800024B10020D2EB000760EB030C704631462D
:100390003A466346BDE8F08140EA01039B0703D07B
:1003A00009E008C9121F08C0042AFAD203E011F8B4
:1003B000013B00F8013B521EF9D27047D2B201E076
:1003C00000F8012B491EFBD270470022F6E710B55A
:1003D00013460A4604461946FFF7F0FF204610BDB3
:1003E00010B5044604E00B7800F8013B03B1491C4A
:1003F000521EF8D2204610BD30B50B4601460020F3
:100400002022012409E021FA02F59D4205D303FAD6
:1004100002F5491B04FA02F52844151EA2F1010257
:10042000F1DC30BD202A04DB203A00FA02F1002082
:1004300070479140C2F1200320FA03F31943904022
:100440007047202A04DB203A21FA02F0002170478D
:1004500021FA02F3D040C2F120029140084319462C
:1004600070470029A8BF7047401C490008BF20F012
:100470000100704710B4B0FA80FC00FA0CF050EAAA
:10048000010404BF10BC704749B1CCF1200421FA2B
:1004900004F411FA0CF118BF012121430843A3EB26
:1004A0000C01CB1D4FEA00614FEA102042BF002033
:1004B00010BC704700EBC35010440029A4BF10BC0F
:1004C0007047401C490008BF20F0010010BC704775
:1004D00010B541000CD0C0F3C751962908DC7E2925
:1004E00009DC06DB410204D000F0004040F07E5001
:1004F00010BD002010BDC1F19604C4F1200100FA26
:1005000001F1E040FFF7ADFFA04010BDF0B400F0F6
:10051000004221F0004120F00040CE0DC30DC1F398
:10052000160141F40001C0F316004C42154640F498
:100530000000761E09E010EB440002D582F0004274
:1005400040428842F7D840005B1EB342F9DA18B146
:10055000F0BC0021FFF78EBF2846F0BC70472DE9A4
:10056000FE4F804681EA0300C00F0C46009021F048
:10057000004123F00045B8EB0200A94105D24046F6
:10058000214690461C460B46024623F0004010438D
:1005900047D0270DC7F30A00C3F30A510290401A4F
:1005A000019040286BDAC3F3130040F4801B0098DD
:1005B000924620B10023D2EB030A63EB0B0B0198A8
:1005C0005946C0F140025046FFF72CFF06460D4643
:1005D00050465946019A00F08DF910EB0800614130
:1005E000002487EA115284EAE7731A4340D0009A44
:1005F00062B3019A012A4FEA075215DC001B61EB36
:1006000002014FF0004202EA0752CDE90042001C0D
:1006100041F5801132462B4600F08DF903B0BDE85C
:10062000F08F40462146F9E7001B61EB0201001CF8
:1006300041F5801300185B412018A2F5001747EB25
:10064000030140EAD570B6196D4111E06D084FEA1B
:10065000360645EAC0754FEA0752001B61EB0201FE
:10066000001C41F5801149084FEA30000019514142
:1006700032462B4603B0BDE8F04F00F04DB900986C
:10068000012240000023D0EB020263EBE0730098EC
:1006900021464FEAE074B8EB000061EB0401E9E7A2
:1006A00083F000435BE781F0004158E72DE9FE4FFE
:1006B00081EA030404F0004421F0004100944FF06B
:1006C000000B23F0004350EA01045ED052EA030419
:1006D0005BD0C3F30A54C1F30A552C44A4F2F3349B
:1006E0000194A0FB0254C1F3130141F48011C3F340
:1006F000130343F4801301FB024400FB034E840AFE
:10070000970A44EA815447EA8357A4FB0768029595
:100710008D0A05FB07854FEA932C04FB0C54270533
:10072000029D4FEA065847EA1637B5EB08056EEB0F
:10073000070C870E920E47EA811742EA8312A7FB45
:100740000201B6EB0B0164EB00042B0D43EA0C3302
:100750005E1844EB1C50DA465146E7FB0201C5F334
:1007600013044FEA0B3343EA14534FEA0432019C5B
:1007700043EA0603A4F10C040294009CCDE900B402
:1007800000F0D9F803B0BDE8F08F00200146F9E78A
:100790002DE9F04D81EA030404F0004B21F00045FF
:1007A00014464FF0000A23F0004150EA050220D021
:1007B00054EA01021DD0C5F30A570246C5F31303DC
:1007C000C1F31300C1F30A5640F4801543F48013BB
:1007D000A7EB0608101BD64608F2FD3873EB0500A0
:1007E00002D308F1010801E092185B41B8F1000F53
:1007F00003DA00200146BDE8F08D00204FF480119F
:10080000064684460EE0171B73EB050705D3121B43
:1008100063EB050306434CEA010C49084FEA30003C
:1008200092185B4150EA0107EDD152EA030012D061
:1008300082EA040083EA0501084305D0101BAB419E
:1008400006D20122002306E000224FF0004302E01E
:100850006FF0010253101AEB06004CEB085110EB3D
:100860000A0041EB0B01BDE8F04D00F055B8C1F3B3
:100870000A52C1F3130140F2FF3341F480119A424E
:1008800002DA00200146704740F233439A42A2F256
:10089000334202DC5242FFF7D4BDFFF7C3BD000074
:1008A00030B5041E71F1000404DB4FF000444042F7
:1008B00064EB0101141E73F1000405DB1C464FF0CC
:1008C0000043524263EB0403994208BF904230BD9B
:1008D000064C074D06E0E06840F0010394E807008D
:1008E00098471034AC42F6D3FFF77AFC2CED0008A1
:1008F0004CED0008202A06DBCB17203A41FA02F023
:1009000043EAE07306E041FA02F3D040C2F120026C
:10091000914008431946704710B5141E73F1000446
:1009200008DA401C41F1000192185B411A4301D1E1
:1009300020F0010010BD2DE9F04D92469B4611B10B
:10094000B1FA81F202E0B0FA80F220329046FFF76D
:1009500069FD04460F4640EA0A0041EA0B0153468E
:100960005A46084313D0114653EA010019D0C8F182
:1009700040025046FFF765FD05460E465046594673
:100980004246FFF74FFD084305D0012004E0204612
:100990003946BDE8F08D0020054346EAE0762C4359
:1009A00037430A986305E40AA0EB08000022FD0A19
:1009B00044EA47540A3002D500200146E9E7010520
:1009C00010196941DDE9084500196941BDE8F04D9C
:1009D000A2E700009FED221A9FED222A20EE010AD5
:1009E000B5EE001A30EE010ABDEEC01A11EE100A83
:1009F000B5EE400AF1EE10FAB8BF013801EE100A68
:100A0000B8EEC11A30EE410A20EE020ABDEEC01A5D
:100A10009FED152A11EE100A002130EE021AB1EBFB
:100A2000502F4EF228511CBF0020B0EE410AC0F6F4
:100A3000000101EE100A01EB8001B8EE411A30EE20
:100A4000410A91ED001A91ED012AB7EE003A33EE1A
:100A5000403A23EE011A20EE020A31EE000A7047F6
:100A600083F9223E00000044000000C49FED201ADC
:100A70009FED202A20EE010ABDEEC01A11EE100AE9
:100A8000B5EE400AF1EE10FAB8BF013801EE100AD7
:100A9000B8EEC11A30EE410A20EE020ABDEEC01ACD
:100AA0009FED152A11EE100A002130EE021AB1EB6B
:100AB000502F4EF228511CBF0020B0EE410AC0F664
:100AC000000101EE100A01EB8001B8EE411A30EE90
:100AD000410A91ED001A91ED012AB7EE003A33EE8A
:100AE000403A23EE011A20EE020A31EE000A704766
:100AF00083F9223E00000044000000C4014800F0D9
:100B00009BBF0000F41F0020F8B5044600200090B1
:100B1000206804F04CF9002859D1206881682D4ADA
:100B2000114209D0E06D40F01000E065206E40F009
:100B3000010020660120F8BD8168264E7F3E3140CD
:100B4000491C81602068B0F1A04F02D02249884240
:100B500001D1224800E02248806800F0E0700002E5
:100B600010D5204820490068B0FBF1F0401C00EB94
:100B700040008000009002E00098401E0090009825
:100B80000028F9D101F0C8FE05461BE004F00FF97A
:100B900020B9206881683140491C816001F0BCFEA9
:100BA000401B02280ED920680068C043C00709D046
:100BB000E06D40F01000E065206E40F0010020661E
:100BC0000120F8BD20680168C943C907DED10020B3
:100BD000F8BD00003F0000800001005000030050FD
:100BE0000007005064000020400D0300FEE70000F5
:100BF000014801F0A4BA000080230020014801F060
:100C00009EBA0000E023002010B502680E4CD1B25D
:100C100014230839A24203D20C4AB1FBF3F104E0D9
:100C20000A4A2032B1FBF3F10831436C23F003038D
:100C30001A448264054A8032C26401F01F02012115
:100C40009140016510BD0000080402400008024008
:100C5000017901F07F01074A491E02EB81024265DA
:100C6000044A4032826501F01F0201219140C165B2
:100C7000704700000009024030B5D0E913546C60A1
:100C8000446D002C02D0D0E916546C6090F84440BA
:100C900004F01F050124AC40056C6C6004686360BF
:100CA0008368102B04D0036899600068C26030BD6F
:100CB00003689A600068C16030BD704772B6FEE795
:100CC000014801F050BB00008820002010B51849F1
:100CD000184B02689A4200D11749184B9A4201D129
:100CE00001F5D461016452F8803F848E23F4F81337
:100CF00043EA0443136001F170024264026852F84F
:100D0000803F90F8384023F0706343EA0463136037
:100D100001F1B0028264D832C264D832026518325E
:100D200042650020D83200E001C19142FCD310BDE1
:100D300000A400400068004050A70040006C004044
:100D4000704700002DE9F84F04460D4600270026A5
:100D5000009600206169DFF8009494F85820012A79
:100D60000BD04FF0010884F85880FC4A41B1296A41
:100D7000012905D0A36EEBB12AE00220BDE8F88F6F
:100D80006868092838D1A86A48B1296800F07C0051
:100D900001F0F84140EA5140E96A084303E028685D
:100DA00000F0F840400C2168CB6C13400343CB6447
:100DB000606621E0A1666666A96A39B1286A01F019
:100DC0007C01401E0843E96A084301E0286A401E8E
:100DD0002968C1F38463297901F01F018B40034323
:100DE000A06E401EA066616E1943616620B920683E
:100DF000C36C13400B43C364206803F0D4FF58B99D
:100E000095F8250098B12068C16895F8262021F44E
:100E1000401141EA4251C160206803F0D4FF82468C
:100E2000206803F0C0FF5AEA000A0ED002E195F8EC
:100E3000260095F82410400540EA01512068C26858
:100E400022F440121143C160E6E7A86AE8B3E86AF9
:100E5000D8B395F82500012868D02068C16821F032
:100E60000071C16095F83000012865D020680169E3
:100E700021F002010161AA68B2F1004F3BD029685C
:100E8000206803F0BBFF2068416921F00041416107
:100E900020686A69C168C1F3C10149008A402969B3
:100EA000042958D02B6800EB8100016EDFF8B0C236
:100EB00003F0F84301EA0C011343194341F00041E8
:100EC000016620682A69A96900E01FE000EB820042
:100ED000026E22F080720A430266297F20682A6926
:100EE000012935D0002100EB8200026E22F0007251
:100EF0000A4302669EE029680022206803F07EFF14
:100F00002068416941F000414161C1E795F8250041
:100F1000012805D02068C16821F00071C160A1E7F7
:100F20002068C16841F00071C1609BE7E06D40F04E
:100F30002000E065012795E7D5E90D100143206801
:100F4000026922F4FF7242F002021143016192E74A
:100F50004FF00071C7E7002103F01BFF40036FD083
:100F60000021206803F015FF90FAA0F0B0FA80F19C
:100F7000286842036BD090FAA0F0B0FA80F081426A
:100F800004D100221146206803F04FFF01212068A0
:100F900003F0FFFE40035DD00121206803F0F9FE5D
:100FA00090FAA0F0B0FA80F12868420359D090FA84
:100FB000A0F0B0FA80F0814204D100220121206823
:100FC00003F033FF0221206803F0E3FE40034BD01F
:100FD0000221206803F0DDFE90FAA0F0B0FA80F163
:100FE0002868420347D090FAA0F0B0FA80F081421E
:100FF00004D100220221206803F017FF032120689A
:1010000003F0C7FE400339D00321206803F0C1FE7E
:1010100090FAA0F0B0FA80F12868420335D090FA37
:10102000A0F0B0FA80F0814204D1002203212068B0
:1010300003F0FBFE206803F0BEFE48B3B9E0FFE713
:101040000021206803F0A5FEC0F3846190E7C0F39F
:10105000846094E70121206803F09BFEC0F3846163
:10106000A2E7C0F38460A6E70221206803F091FEA6
:10107000C0F38461B4E7C0F38460B8E7032120685B
:1010800003F087FEC0F38461C6E7C0F38460CAE75B
:1010900021682A7B286851F8B03FC0F3120C23EA7C
:1010A0000C0302F0180C2F4A22FA0CF202401343F0
:1010B0000B60E86848457CD12868410319D090FA54
:1010C000A0F1B1FA81F1491C01F01F01092931D8C1
:1010D0004103002910D090FAA0F1B1FA81F101F199
:1010E000010101F01F0108FA01F808D1C0F3846181
:1010F00009E0C0F38461E6E7C0F38461EFE790FAAA
:10110000A0F1B1FA81F101F1010101F01F0148EAFA
:10111000816102D1C0F3846003E090FAA0F0B0FADC
:1011200080F000F1010000F01F0000EB400041EAF8
:1011300000513AE04FEA4031002915D090FAA0F171
:10114000B1FA81F101F1010101F01F0108FA01F882
:101150000DD1C0F384610EE000007F400040100418
:1011600000F0FF03FFFF0700C0F38461EAE790FA95
:10117000A0F1B1FA81F101F1010101F01F0148EA8A
:10118000816102D1C0F3846003E090FAA0F0B0FA6C
:1011900080F000F1010000F01F00A0F10A0000EB58
:1011A000400041EA005040F00071AA68206803F056
:1011B00025FE38482A68024267D020684FF0A048D0
:1011C000354BDFF8D8C0364D404501D0A84201D19B
:1011D000194600E06146896801F0E071DFF8C490CB
:1011E0004A4503D0DFF8C0904A4525D15FEA01297E
:1011F00022D4404502D02D4A904246D1404502D0EB
:10120000A84200D0634641F40000996821F0E071E3
:1012100001439960264827490068B0FBF1F0801C23
:1012200000EB40008000009002E00098401E00901B
:1012300000980028F9D128E0DFF87C904A4512D1C7
:101240005FEAC1190FD4A8421FD01C4A90421CD09B
:10125000404500D0634641F08070996821F0E0710C
:101260000143996011E0DFF858904A450DD14A02D8
:101270000BD4A84209D0404500D0634641F4800019
:10128000996821F0E0710143996084F8586038460C
:1012900074E50000000008800003005000070050C3
:1012A00000010050000021C31000C0900006005053
:1012B00064000020400D0300000052C700050050EC
:1012C000000084CB10B50B490068096888420FD133
:1012D000002006F075FF002006F066FF012006F0F2
:1012E00063FF09F025F8BDE81040012006F068BF53
:1012F00010BD0000F41F0020A1F5807100680F39B7
:101300000ED0B1F5837F08D0B1F5037F02D0D0F8BD
:1013100080007047D0F88C007047D0F88800704784
:10132000D0F88400704770472DE9F04104464FF033
:10133000A04620683E4FB04201D0B84201D13D499D
:1013400000E03D49896801F01F0503F02CFD10B154
:101350000220BDE8F0812068C16801F00041C06C46
:1013600010F4C07F00D181B194F85800012812D048
:10137000012084F858002046FFF7C6FB02460023F0
:101380005AB184F858301046E3E7E06D40F0200091
:10139000E0650120DDE70220DBE7E06DC00504D554
:1013A000206E20F00800206600E02366E06D42F227
:1013B0000101884340F48050E0652068DFF87CC07C
:1013C000DFF87C80B84201D1314604E0604501D1AC
:1013D000414600E00146814200D01DB9E16D21F493
:1013E0008011E1656021016084F858302068B842BE
:1013F00001D1314604E0604501D1414600E001469B
:10140000814209D045B1062D06D0072D04D0E06DEC
:1014100040F48010E065B6E7C16801F00071002972
:10142000B1D18168074B194041F008018160AAE7FA
:10143000000100500003005000070050000500505C
:1014400000040050C0FFFF7F704770472DE9F04F48
:101450009DB004460D464FF0000A94F8580001284C
:1014600011D0012084F85800002719971A97206896
:101470004FF0A04BDFF82881DFF828914A4E5845FD
:1014800005D1029609E002201DB0BDE8F08F40456D
:1014900002D1CDF8089000E00297029840B102987E
:1014A00003F091FC0190206803F08DFC40B109E04D
:1014B000E06D40F02000E06584F858700120E3E71B
:1014C000019848B1E06D40F02000E0654FF0010A5E
:1014D00084F858705046D7E72068584501D0B0428C
:1014E00001D1324800E03248324B296840F61F7281
:1014F00081B3816894F838C021F4604141EA4C31ED
:10150000D5F804C041EA0C0181602168594501D039
:10151000B14208D1DBF80810C1F30001B368C3F38E
:10152000000319430CE0D8F80810C1F30001D9F802
:101530000860C6F3000631439B68C3F300031943F8
:101540000029C5D1AB6829681943836893431943BF
:101550008160BDE7FFE7816821F460418160216817
:10156000594501D0B14208D1DBF80810C1F30001A0
:10157000B368C3F3000319430CE0D8F80810C1F3B3
:101580000001D9F80850C5F3000529439B68C3F34F
:101590000003194300299BD181689143816097E73B
:1015A00000040050000500500001005000030050EE
:1015B00000070050000600502DE9F84F04460D4684
:1015C000002600270097DFF8309494F8580001288F
:1015D00011D04FF0010884F85880206803F0EFFB29
:1015E00058B1E06D40F02000E065012684F85870A5
:1015F0003046BDE8F88F0220FBE7A98820682A68FA
:1016000001F4407300EB9310036B01F01F014FF0E6
:101610001F0C0CFA01FCC2F3846223EA0C038A401B
:1016200013430363206803F0CAFB8246206803F07B
:10163000B6FB5AEA000A3CD1AA68B2F1004F39D091
:101640002968206803F0CBFB2068416921F0004144
:10165000416120686A69C168C1F3C10149008A40DB
:101660002969042934D02B6800EB8100016EDFF872
:101670008CC303F0F84301EA0C011343194341F012
:101680000041016620682A69A96900EB8200026EA8
:1016900022F080720A430266297F20682A690129A4
:1016A00013D0002100EB8200026E22F000720A4388
:1016B00002667CE029680022206803F090FB206825
:1016C000416941F000414161C3E74FF00071E9E732
:1016D000002103F058FB40036ED00021206803F086
:1016E00052FB90FAA0F0B0FA80F1286842036AD069
:1016F00090FAA0F0B0FA80F0814204D100221146A5
:10170000206803F08AFB0121206803F03CFB4003C2
:101710005CD00121206803F036FB90FAA0F0B0FA0B
:1017200080F12868420358D090FAA0F0B0FA80F017
:10173000814204D100220121206803F06EFB0221C6
:10174000206803F020FB40034AD00221206803F008
:101750001AFB90FAA0F0B0FA80F12868420346D054
:1017600090FAA0F0B0FA80F0814204D10022022168
:10177000206803F052FB0321206803F004FB4003C0
:1017800038D00321206803F0FEFA90FAA0F0B0FAF6
:1017900080F12868420334D090FAA0F0B0FA80F0CB
:1017A000814204D100220321206803F036FB206827
:1017B00003F0FDFA40B3B0E00021206803F0E3FA43
:1017C000C0F3846191E7C0F3846095E7012120684C
:1017D00003F0D9FAC0F38461A3E7C0F38460A7E7FC
:1017E0000221206803F0CFFAC0F38461B5E7C0F3AB
:1017F0008460B9E70321206803F0C5FAC0F384616F
:10180000C7E7C0F38460CBE720682A7B296850F8DB
:10181000B03FC1F3120C23EA0C0302F0180C784A13
:1018200022FA0CF20A4013430360E868484574D179
:101830002868410319D090FAA0F1B1FA81F1491C4E
:1018400001F01F01092931D84103002910D090FA75
:10185000A0F1B1FA81F101F1010101F01F0108FAD3
:1018600001F808D1C0F3846109E0C0F38461E6E7C0
:10187000C0F38461EFE790FAA0F1B1FA81F101F1D0
:10188000010101F01F0148EA816102D1C0F38460C7
:1018900003E090FAA0F0B0FA80F000F1010000F04F
:1018A0001F0000EB400041EA005132E04FEA4031B6
:1018B00000290DD090FAA0F1B1FA81F101F10101F6
:1018C00001F01F0108FA01F805D1C0F3846106E0B8
:1018D000C0F38461F2E790FAA0F1B1FA81F101F16D
:1018E000010101F01F0148EA816102D1C0F3846067
:1018F00003E090FAA0F0B0FA80F000F1010000F0EF
:101900001F00A0F10A0000EB400041EA005040F047
:101910000071AA68206803F062FA3A482A68024215
:101920003FF464AE20684FF0A048374BDFF8DCC0CE
:10193000374D404501D0A84201D1194600E061462B
:10194000896801F0E071DFF8CC904A4503D0DFF8F8
:10195000C8904A4526D15FEA012923D4404503D0E7
:101960002E4A90427FF442AE404502D0A84200D0B9
:10197000634641F40000996821F0E07101439960E9
:10198000274828490068B0FBF1F0401C00EB4000FC
:101990008000009002E00098401E0090009800280F
:1019A000F9D123E6DFF880904A4512D15FEAC119E8
:1019B0000FD4A842F5D01D4A9042F2D0404500D045
:1019C000634641F08070996821F0E07101439960AD
:1019D0000CE6DFF85C904A45E3D14A02E1D4A84224
:1019E000DFD0404500D0634641F48000996821F083
:1019F000E07101439960F9E500007F4000F0FF03CA
:101A0000FFFF07000000088000030050000700509F
:101A100000010050000021C31000C09000060050DB
:101A200064000020400D0300000052C70005005074
:101A3000000084CB704770472DE9F84F04464FF003
:101A400000082068056846684FF0A049DFF8A4B296
:101A5000484501D0584501D1A74800E0A748806813
:101A600000F01F07A8070ED5B0070CD5E06DC00623
:101A700003D4E06D40F40060E0652046FFF760F9B4
:101A8000216802200860DFF878A2680701D5700796
:101A900003D4280741D530073FD5E06DC00603D4F5
:101AA000E06D40F40070E065206803F090F970B3D9
:101AB0002068584501D1494605E09249884201D144
:101AC000514600E00146814208D03FB1052F05D0C4
:101AD000092F03D0584503D1494607E0C16806E005
:101AE0008849884201D1514600E00146C96889040D
:101AF0000DD4016809070AD503F061F958B3E06D08
:101B000040F01000E065206E40F0010020662046A5
:101B1000FFF790FF21680C200860A80601D5B006E9
:101B200003D4680660D570065ED5E06DC00603D4A8
:101B3000E06D40F40050E0652068C16C11F4C07F96
:101B40001AD00021009103F042F90246206858455E
:101B500014D1494618E02068416821F00C01416029
:101B6000E06D20F48070E065E06DC004CFD4E06DDE
:101B700040F00100E065CAE70121E3E761498842DE
:101B800001D1514600E00146814208D03FB1062F05
:101B900005D0072F03D0584503D1CA4605E0C168D8
:101BA00005E05849884200D08246DAF80C10009BC4
:101BB000A3B18B0102D58AB18A040FD40268520600
:101BC0000CD589020AD403F0EAF8E8B3E06D40F0DE
:101BD0001000E065206E40F0010020662046FFF70F
:101BE00071FB21686020086028060BD5300609D5F6
:101BF000E06D40F48030E065204600F0A7F92168F0
:101C000080200860E8050CD5F0050AD5E06D40F4A9
:101C10000030E0652046FFF717FC21684FF4807024
:101C20000860A8050CD5B0050AD5E06D40F4802009
:101C3000E0652046FFF709FC21684FF4007008605A
:101C4000E80640D5F00600E00AE03CD5E06BC0B104
:101C500017B32068484501D0584515D1264814E0EF
:101C60002068416821F060014160E06D20F48050FF
:101C7000E065E06DC005B1D4E06D40F00100E065C5
:101C8000ACE74FF001080DE01C48806800F46040AC
:101C900040B14FF0010805E02068C068C00701D0DE
:101CA0004FF00108B8F1010F0AD1E06D40F48060F7
:101CB000E065206E40F0020020662046FFF7BBFE84
:101CC000216810200860680512D5700510D5E06DF8
:101CD00040F48040E065206E40F0080020662168F6
:101CE0004FF4806008602046BDE8F84FFFF71BBB4B
:101CF000BDE8F88F000100500003005000070050BD
:101D00000004005000050050F8B5044600250026E8
:101D10000096002C02D0E06D10B107E00120F8BD64
:101D2000204600F015F9266684F85860206881681E
:101D3000C1F3407119B18168794A1140816020680E
:101D40008168C1F30071A1B98168764A114041F000
:101D500080518160744875490068B0FBF1F0401C07
:101D60004000009002E00098401E0090009800287B
:101D7000F9D120688168C1F3007141B9E16D41F08A
:101D80001001E165216E41F001012166012503F09A
:101D900016F8E16DC90600D430B1E06D40F01000D6
:101DA000E06501252846F8BDE06D20F4807040F024
:101DB0000200E065206802F0FAFF58BB20684FF08F
:101DC000A0435B4A984201D0904207D19968C1F381
:101DD00000019668C6F3000631430DE05549896855
:101DE000C1F30001544EB668C6F300063143534EAA
:101DF000B668C6F30006314361B9984201D09042FB
:101E000001D14F4800E04F486168826822F47C129B
:101E10000A438260E168E06B627F0843A16841EA9F
:101E20004231084394F8241040EA0140012903D1CB
:101E3000218D491E40EA4140E16A29B101F47871DF
:101E4000226B014342EA01002168CA683E4B1A40F6
:101E50000243CA6020680169626B21F0406111434E
:101E60000161206802F09BFF80BB207F94F838104E
:101E7000800340EA41012068C26844F202039A43A9
:101E80000A43C260206968B12068016941F4803169
:101E90000161206850F8C01F22696FF30D011143E2
:101EA00001600AE02068016921F480310161206845
:101EB00050F8C01F6FF30D01016094F84000012835
:101EC00013D02068016921F00101016160690128D6
:101ED0001CD02068016B21F00F010163E06D20F040
:101EE000020040F00100E0655CE7D4E91110014315
:101EF000D4E91302104301432068026940F2FC73E5
:101F00009A43114341F001010161DFE72068016B51
:101F1000226A21F00F01521E11430163DEE7000027
:101F2000C0FFFF5FC0FFFF7F64000020400D030083
:101F30000001005000040050000500500006005051
:101F400000030050000700500740F0FF70470000FA
:101F500030B59BB00446142116A8FEF736FA54217A
:101F600001A8FEF732FA2068B0F1A04F3DD14FF43E
:101F7000004001908003129001A800F00BFF08B10F
:101F8000FEF79CFE1A48C16C41F40051C164C16C5B
:101F900001F400510091C16C41F00101C164C16CB8
:101FA00001F001010091C16C41F00201C164C06CFB
:101FB00000F0020000900F201690032417940025D3
:101FC000189516A94FF0904000F0C4FB1694179492
:101FD000189516A9074800F0BDFB00220521122024
:101FE00000F038FE122000F027FE1BB030BD0000CC
:101FF000001002400004004870B50446002C04D0D4
:1020000094F82100002510B106E0012070BD84F88D
:102010002050204600F00CF865626560A560E56020
:1020200025616561012084F82100002070BD000059
:1020300008B500680649884208D10648816C41F01D
:1020400008018164806C00F00800009008BD000069
:10205000000C02400010024010B50021002808D0FA
:1020600090F825200123022A05D00421C163012113
:1020700024E0012010BD0268146824F001041460FB
:102080000268146824F00E041460826C146824F44E
:102090008074146090F84420046C02F01F0203FA6C
:1020A00002F26260D0E913426260426D32B114689C
:1020B00024F480741460D0E91642626024304370C6
:1020C00000220270084610BD70B5002490F825105B
:1020D00000230122022906D00421243081614270AC
:1020E0000370012429E001680D6825F001050D60E9
:1020F00001680D6825F00E050D60816C0D6825F4F2
:1021000080750D6090F84410154601F01F018A405B
:10211000016C4A60D0E913215160416D31B10A6808
:1021200022F480720A60D0E91621516080F82550AF
:1021300080F82430816B01B18847204670BDF0B42F
:10214000016C0A6801680B6890F84440042604F0AA
:102150001F0406FA04F5154215D05D0713D50A6869
:10216000920603D40A6822F004020A6090F8441030
:1021700001F01F0106FA01F5016C4D60016B0029A9
:1021800041D0F0BC08474FF0020C0CFA04F616429E
:102190004FF000074FF0010519D09E0717D50A68C8
:1021A000920605D40A6822F00A020A6080F82550D7
:1021B00090F8441001F01F010CFA01F6016C4E601A
:1021C00080F82470C16A00291DD0F0BC0847082699
:1021D000A640164217D01A0715D50A6822F00E023B
:1021E0000A6090F84410026C01F01F0105FA01F139
:1021F0005160C56380F8255080F82470416B002938
:1022000001D0F0BC0847F0BC7047000070B5044630
:10221000002C0DD02B4A2068142190420AD22A4A61
:102220000244B2FBF1F189006164284921640BE0AA
:10223000012070BD234A52420244B2FBF1F18900F1
:102240006164204908392164022184F8251002685C
:1022500047F6F0718A43D4E902131943D4E90435EF
:102260002B431943A3691943E3691943236A1943AB
:10227000114301602046FEF7C7FCA0680025B0F5B9
:10228000804F00D165602079A16C00F07F0008606C
:10229000D4E9131048606068401E032808D820461F
:1022A000FEF7D6FC606D0560D4E91610486002E0C8
:1022B0006565A565E5652434A5610120607025701C
:1022C000002070BD08040240F8FFFDBF000002407E
:1022D00070B50446002594F8240001280CD0012094
:1022E00084F8240094F825600020012E06D084F89C
:1022F00024000225284670BD022070BD022684F805
:102300002560E0632068066826F001060660204626
:10231000FEF7B2FC206B28B12068016841F00E0185
:10232000016009E02068016821F004010160206873
:10233000016841F00A010160A06C0168C90303D57E
:10234000016841F480710160606D18B1016841F469
:10235000807101602068016841F001010160C9E7F6
:102360007047704770472DE9F05F04462068016DA3
:1023700001F4E051D0F8548008EA0108016D01F041
:102380000701D0F8549009EA0109016D01F0380104
:10239000D0F854A00AEA010A016D01F47101476DF9
:1023A0000F40016D01F46021D0F854B00BEA010B2D
:1023B000456D016DCE43710607D4E943490604D447
:1023C000402101652046FFF7CDFFF0050ED4E8431C
:1023D000C0050BD42068D0F8D820D0F8E010114008
:1023E0004FF480720265204600F0B0F9B8F1000F9A
:1023F00006D02068C0F850804146204600F0A8F979
:10240000B9F1000F06D02068C0F850904946204628
:1024100000F098F9BAF1000F06D02068C0F850A07B
:102420005146204600F08FF9B00509D4E8438005F5
:1024300006D421684FF400700865204600F089F941
:1024400030060DD4E84300060AD42068D0F8D42022
:10245000D0F8DC10114080220265204600F077F9A8
:10246000B00409D4E843800406D421684FF4005036
:102470000865204600F069F9300409D4E8430004F7
:1024800006D421684FF400400865204600F05CF94E
:1024900070040AD4E843400407D421684FF4804014
:1024A0000865206E40F080002066BBF1000F06D06A
:1024B0002068C0F850B059462046FFF752FF27B1B8
:1024C00020680765206E38432066206E002802D001
:1024D0002046FFF745FFBDE8F09F00002DE9F047DB
:1024E0000446002C07D0724F4FF4407994F85C00FA
:1024F000002618B107E00120BDE8F08784F85D6090
:10250000204600F0D9F82068816921F0100181612E
:1025100000F002FA05464FF003080CE000F0FCF969
:10252000401B0A2807D9206E40F00100206684F87D
:102530005C800120E0E7206880690007EED4206815
:10254000816941F00101816100F0E6F905460CE086
:1025500000F0E2F9401B0A2807D9206E40F0010084
:10256000206684F85C800120C6E720688069C00787
:10257000EED02068816941F0020181612068B84293
:1025800002D14C4960680860207C012839D020685D
:10259000816941F040018161607C012837D0206869
:1025A000816921F480418161A07C012835D02068B7
:1025B000816941F48051816120688169A26821F4B8
:1025C0004071114381612068816921F0A40181611A
:1025D0002068016921F010010161E068012822D022
:1025E00030B302282BD02068816941F080018161DD
:1025F0002068016941F010010161E068032818D0EA
:1026000022E02068816921F040018161C4E72068EF
:10261000816941F480418161C6E72068816921F4C4
:1026200080518161C8E72068816941F004018161BE
:102630000AE02068816941F02001816104E020689E
:10264000816941F020018161207E401E4106E069E0
:10265000401E41EA0020216A491E0843A18A491E02
:1026600040EA01402168C861A06848450FD1A06ACE
:10267000E16A401E491E40EA0121206B401E41EAEA
:102680000011A08C401E41EA00402168C86020680B
:1026900050F8C01FE26B114301602046FEF716FBA5
:1026A000A6652666012084F85C00002024E700006F
:1026B000006400400065004010B59CB00446142141
:1026C00017A8FDF782FE542102A8FDF77EFE1B49E4
:1026D0002068884230D1801402904003109002A8F4
:1026E00000F058FB08B1FEF7E9FA1548816D41F09A
:1026F00000718165816D01F000710191C16C41F043
:102700000101C164C06C00F0010001904FF4C050A1
:10271000179002201890002019901A9009201B9001
:1027200017A9C00600F016F800220521152000F0B8
:1027300091FA152000F080FA1CB010BD0064004032
:1027400000100240704770477047704770477047ED
:10275000704770472DE9F84F0022DFF890914FF055
:10276000010803274FF00F0C09F1040AA9F1040B2B
:10277000B4E008FA02F52B40002B6ED00C7904F07F
:102780000304012C01D0022C15D18668540007FAED
:1027900004FE26EA0E06D1F80CE00EFA04FE4EEA1C
:1027A000060EC0F808E04468AC430D79C5F3001587
:1027B0009540254345600C79E443A40702D18C6819
:1027C000012C08D0C568540007FA04F6B5438E689A
:1027D000A6402E43C6600C7904F00304022C11D1EC
:1027E000D40800EB8406356A5407E40E0CFA04FEA4
:1027F00025EA0E05D1F810E00EFA04FE4EEA050EA9
:10280000C6F820E00568540007FA04F6B5430E79CF
:1028100006F00306A6402E4306604C6814F4403FC1
:102820005BD0334C256E45F001052566246E04F01F
:10283000010400942F4C22F003052E19B56894076B
:102840004FEA147E0CFA0EF4A543B0F1904F05D078
:10285000294CA04204D1012417E03EE0002414E0FA
:10286000264CA04201D102240FE0254CA04201D108
:1028700003240AE0234CA04201D1042405E0224CA9
:10288000A04201D1052400E0062404FA0EF42C43F2
:10289000B460D9F800409C434D68ED0200D51C435C
:1028A000C9F80040DAF800409C434D68AD0200D5FD
:1028B0001C43CAF80040DBF800409C434D68AD0360
:1028C00000D51C43CBF80040084D083D2C689C43C4
:1028D0004E68F60300D51C432C60521C0B6833FA7B
:1028E00002F47FF446AFBDE8F88F00000804014011
:1028F00000100240000001400004004800080048A9
:10290000000C00480010004800140048002A01D0C4
:10291000816170478162704701488068704700009C
:102920005800002090F84120202A01D00220704752
:1029300090F84020012A20D0012280F84020242253
:1029400080F841200268136823F0010313600268D5
:10295000136823F480531360026813680B431360F9
:1029600001680A6842F001020A60202180F84110E3
:10297000002180F84010002070470220704790F836
:102980004120202A01D00220704790F84020012ADF
:102990001ED0012280F84020242280F841200268C5
:1029A000136823F0010313600268136823F4706353
:1029B00043EA0121116001680A6842F001020A60DD
:1029C000202180F84110002180F84010002070473D
:1029D0000220704770B50446002C04D094F84100E2
:1029E000002510B106E0012070BD84F8405020465B
:1029F00000F056F8242084F841002068016821F096
:102A0000010101606068216820F070600861206841
:102A1000816821F400418160E068012831D0A0681C
:102A2000216840F404408860E06802282FD02068C4
:102A3000416821F40061416020684168174A1143F0
:102A400041602068C16821F40041C160D4E90401FB
:102A50000843A16940EA01202168C860D4E9070160
:102A60000843216808602068016841F001010160A5
:102A70006564202084F84100256384F842500020DA
:102A800070BDA068216840F400408860CCE72068F1
:102A9000416841F400614160CEE70000008000021F
:102AA000F0B59BB00446142116A8FDF78EFC542106
:102AB00001A8FDF78AFC20492068884239D14020CE
:102AC00001900025089501A800F064F908B1FEF70F
:102AD000F5F81A4CE06C40F00100E064E06C00F0A6
:102AE00001000090E06C40F00200E064E06C00F057
:102AF000020000904FF40040169012271797189587
:102B0000199504261A9616A9B806FFF723FE601534
:102B100016901797189519951A9616A90848FFF751
:102B200019FEA06D40F40010A065A06D00F4001027
:102B300000901BB0F0BD00000054004000100240A7
:102B4000000400480248816842681144816070476F
:102B50005800002010B50024032000F09BF80F203F
:102B600000F008F808B1012401E000F047F8204621
:102B700010BD000030B587B005461B48816D41F09F
:102B800020018165806D00F02000009001A902A85D
:102B900000F06CFB00F08EFB1449B0FBF1F1491E14
:102BA0001448134A026040F2E732C26041600021DB
:102BB0000161816001F06BF9044694B90D4801F0A0
:102BC000BFF904466CB9372000F036F8102D07D253
:102BD00000222946372000F03DF80748056000E054
:102BE000012407B0204630BD0010024040420F00D3
:102BF00000140040402400205800002008B50D4873
:102C0000016E41F001010166016E01F001010091C8
:102C1000816D41F080518165806D00F080500090A1
:102C200000220F21901E00F015F8BDE8084000F0CA
:102C3000A9B8000000100240002809DB00F01F02C4
:102C4000012191404009800000F1E020C0F800110E
:102C500070470000F0B40D460D4B1B68C3F3022310
:102C6000C3F10704042C00D90424191D072901D23B
:102C7000002300E0DB1E012606FA04F1491E29406C
:102C800099409E40761E16403143F0BC03F07DBC57
:102C90000CED00E000F00701054A10684FF6FF0355
:102CA000184040EA012003490843106070470000C3
:102CB0000CED00E00000FA052F49304B0A68322184
:102CC0004A432F4900280AD0B0F5007F2DD008686C
:102CD00020F4C06040F480600860002070470868FD
:102CE000C0F34120022805D051F8800F20F48070F5
:102CF0000860F2E7D1F8800020F48070C1F880000D
:102D0000086820F4C06040F400700860B2FBF3F083
:102D1000401C00E0401E4A69520501D50028F9D147
:102D200048694005D9D5032070470868C0F34120A1
:102D3000022805D051F8800F40F480700860CCE77D
:102D4000D1F8800040F48070C1F88000086820F459
:102D5000C06040F400700860B2FBF3F0401C00E07B
:102D6000401E4A69520501D50028F9D1486940053D
:102D7000B3D50320704700006400002040420F00DC
:102D8000007000400248816841F4804181607047D2
:102D9000007000402DE9F84F044600260027206807
:102DA000BE4D000366D54FF00008A86DC00009D4E1
:102DB000A86D40F08050A865A86D00F0805000908C
:102DC0004FF00108DFF8D8A2DAF8000040F4807074
:102DD000CAF80000FFF7A0FD814607E0FFF79CFD61
:102DE000A0EB0900022801D9032603E0DAF800006D
:102DF000C005F3D526B13746B8F1010F36D039E01A
:102E0000D5F8900000F4407080B1216D81420DD062
:102E100055F8900F20F44070296841F48031296002
:102E2000296821F48031296045F89009C00711D044
:102E3000FFF772FD814641F2883A07E0FFF76CFD2B
:102E4000A0EB0900504501D9032603E0D5F8900016
:102E50008007F3D50EB13746CEE7D5F89000216D47
:102E600020F440700843C5F89000C5E7A86D20F035
:102E70008050A8652078C00707D0D5F88800616821
:102E800020F003000843C5F888002078800707D5A4
:102E9000D5F88800A16820F00C000843C5F8880028
:102EA0002078400707D5D5F88800E16820F0300089
:102EB0000843C5F888002078000707D5D5F88800B2
:102EC000216920F0C0000843C5F888002078C006BA
:102ED00007D5D5F88800616920F440700843C5F82B
:102EE00088002078800607D5D5F88800A16920F4ED
:102EF00040600843C5F888002078400607D5D5F81B
:102F00008800E16920F440500843C5F88800207823
:102F1000000607D5D5F88800216A20F44040084310
:102F2000C5F888002088C00507D5D5F88800616AF3
:102F300020F440300843C5F888002068800307D596
:102F4000D5F89C00A16A20F003000843C5F89C0056
:102F50002088800507D5D5F88800E16A20F4402054
:102F60000843C5F88800208840050FD5D5F88800AB
:102F7000216B20F440100843C5F88800206BB0F5A1
:102F8000801F03D1E86840F48010E86020880005C5
:102F90000FD5D5F88800616B20F440000843C5F8D0
:102FA0008800606BB0F5800F03D1E86840F48010B2
:102FB000E8602088C0040FD5D5F88800A16B20F008
:102FC00040700843C5F88800A06BB0F1807F03D142
:102FD000E86840F48010E86020884FF000618004C9
:102FE0000ED5D5F88800E26B20F040601043C5F89C
:102FF0008800E06B884203D1E86840F48010E86004
:10300000208840040ED5D5F88800226C20F040605E
:103010001043C5F88800206C884203D1E86840F46A
:103020008010E860208800040FD5D5F88800616C16
:1030300020F040500843C5F88800606CB0F1805F14
:1030400003D1E86840F48030E8602068C0030FD501
:10305000D5F88800A16C20F040400843C5F88800EE
:10306000A06CB0F1804F03D1E86840F48030E86094
:10307000206840030FD5D5F89C00E16C20F4401087
:103080000843C5F89C00E06CB0F5001F03D1E86868
:1030900040F48010E8603846BDE8F88F0010024028
:1030A000007000402DE9F04704460D460027002C33
:1030B00017D0DFF8A091D9F8000000F00F00A84267
:1030C00011D2D9F8000020F00F002843C9F8000001
:1030D000D9F8000000F00F00A84204D00120BDE89C
:1030E000F0870120FBE720785B4EC00741F2883A69
:1030F0004ED06068DFF86481032806D002281ED015
:103100003068400520D40120E9E73068800101D40F
:103110000120E4E702F0A2F9404520D9B06810F0A0
:10312000F00F04D02078800719D5A068B8B9B0682E
:1031300020F0F00040F08000B06080270FE03068A1
:10314000800301D40120CAE700F0D8F8404506D931
:10315000B06820F0F00040F08000B0608027B068D8
:10316000616820F003000843B060FFF7D5FB80469C
:1031700007E0FFF7D1FBA0EB0800504501D9032081
:10318000ADE7B068616800F00C00B0EB810FF0D1E2
:103190002068810715D5400703D5B06840F4E0608A
:1031A000B0602078000705D5B06820F4605040F486
:1031B000E060B060B068A16820F0F0000843B06043
:1031C00005E0802F03D1B06820F0F000B060D9F89E
:1031D000000000F00F00A84217D9D9F8000020F035
:1031E0000F002843C9F80000FFF796FB074606E0EA
:1031F000FFF792FBC01B504501D903206FE7D9F8B8
:10320000000000F00F00A842F2D12078400705D559
:10321000B068E16820F4E0600843B06020780007FF
:1032200006D5B068216920F4605040EAC100B06062
:1032300000F064F8B1680A4AC1F30311515C01F06F
:103240001F01C8400749086007480068BDE8F0470B
:10325000FFF790BC002002400010024000B4C404FC
:10326000E4E4000864000020580000200F220260FF
:103270000B4A936803F003034360936803F0F00381
:103280008360936803F4E063C360926802F4605261
:10329000D20802610348006800F00F000860704720
:1032A0000010024000200240014800687047000002
:1032B0006400002000B5FFF7F7FF05498968054A5B
:1032C000C1F30221515C01F01F01C84000BD0000A4
:1032D00000100240F4E4000800B5FFF7E5FF0549DF
:1032E0008968054AC1F3C221515C01F01F01C84041
:1032F00000BD000000100240F4E4000810B51A4AB6
:103300009068C0F38101194801290BD091684410DD
:10331000C1F38101022906D09168C1F3810103291B
:1033200003D0002010BD204610BDD16801F003037A
:10333000D168C1F30311491C032B0DD0B0FBF1F090
:10334000D168C1F306214843D168C1F34161491CEA
:103350004900B0FBF1F010BDB4FBF1F0D168C1F34E
:1033600006214843F0E70000001002400024F4006A
:103370002DE9F8430446002C0CD02078FE4DC00700
:1033800052D0A86800F00C00E96801F003010C2895
:1033900003D004E00120BDE8F883032916D00828F3
:1033A00014D06068B0F5803F17D0B0F5A02F19D0C9
:1033B000286820F480302860286820F48020286065
:1033C000606818B3FFF7A8FA06461BE02868800378
:1033D0002AD5606840BB0120DDE7286840F48030D2
:1033E0002860EDE7286840F480202860286840F4D1
:1033F00080302860E4E7FFF78FFA801B642801D94A
:103400000320C8E728688003F5D50DE0FFF784FAAC
:10341000064606E0FFF780FA801B642801D90320E6
:10342000B9E728688003F5D4207880074ED5A868CE
:1034300000F00C00E96801F003010C2801D1022919
:103440000BD0042809D0E06870B3286840F480707D
:103450002860FFF761FA06461BE02868400501D5A1
:10346000E06868B16868217C20F0FE4040EA0160B5
:103470006860C2480068FFF77DFB38B301208AE727
:10348000012088E7FFF748FA801B022801D90320B2
:1034900081E728684005F5D56868217C20F0FE406A
:1034A00040EA0160686011E0286820F480702860BC
:1034B000FFF732FA064606E0FFF72EFA801B0228D5
:1034C00001D9032067E728684005F5D42078000774
:1034D0002CD56069A8B1D5F8940040F00100C5F87A
:1034E0009400FFF719FA064606E0FFF715FA801B6D
:1034F000022801D903204EE7D5F894008007F4D5BF
:1035000014E0D5F8940020F00100C5F89400FFF70E
:1035100003FA064606E0FFF7FFF9801B022801D9EF
:10352000032038E7D5F894008007F4D420784007CA
:103530006FD54FF00008A86DC00009D4A86D40F009
:103540008050A865A86D00F0805000904FF00108F1
:103550008B4E3068C00511D4306840F48070306004
:10356000FFF7DAF9074606E0FFF7D6F9C01B022895
:1035700001D903200FE73068C005F5D5A068012800
:1035800013D0052818D055F8900F20F001002860BE
:10359000286820F0040045F89009A06841F28836B8
:1035A00008B3FFF7B9F9074618E0D5F8900040F0E6
:1035B0000100C5F89000F0E755F8900F40F00400C6
:1035C0002860286840F0010045F89009E5E7FFF71A
:1035D000A3F9C01BB04201D90320DCE6D5F8900066
:1035E0008007F4D50EE0FFF797F9074606E0FFF7EE
:1035F00093F9C01BB04201D90320CCE6D5F8900066
:103600008007F4D4B8F1010F03D1A86D20F08050E9
:10361000A865207880062CD5A069A8B1D5F89800B7
:1036200040F00100C5F89800FFF776F9064606E07D
:10363000FFF772F9801B022801D90320ABE6D5F809
:1036400098008007F4D514E0D5F8980020F0010028
:10365000C5F89800FFF760F9064606E0FFF75CF949
:10366000801B022801D9032095E6D5F89800800731
:10367000F4D4E069F0B3A9684FF0FF37C1F38101DA
:1036800003295ED0022807D0286820F080702860C7
:10369000FFF742F904464CE0286820F0807028606B
:1036A000FFF73AF9064606E0FFF736F9801B0228D5
:1036B00001D903206FE628688001F5D454F8201F53
:1036C0006068228A401E41EA0010A16807EB52029E
:1036D000090241EA42510843217D07EB510140EACA
:1036E0004160217B40EAC160E968264A11400843F5
:1036F000E86000E062E0286840F080702860E868D8
:1037000040F08070E860FFF707F9044606E0FFF735
:1037100003F9001B022801D903203CE62868800138
:10372000F5D54BE0FFF7F8F8001B022801D903207C
:1037300031E628688001F5D4E86813490840E8605C
:103740003CE0012838D0E868226A00F00301914289
:1037500030D1616A00F0F002491EB2EB011F29D19D
:10376000A26A00F4FE41B1EB022F23D100F07841B0
:1037700094F82C200AE000000010024058000020BD
:10378000007000400C809F01FCFFEEFEB1EBC26FA9
:1037900010D1228E00F4C00107EB5202B1EB425F60
:1037A00008D194F8341000F0C06007EB5101B0EB81
:1037B000416F03D00120EEE50120ECE50020EAE5B1
:1037C00070B50446002C09D0606A002540B125611F
:1037D0006561A56294F85D0040B10CE0012070BD08
:1037E0006068B0F5827FF4D0E561F2E784F85C5060
:1037F000204600F05BF8022084F85D002068016834
:1038000021F040010160E1684FF4E062914201D98A
:10381000002001E04FF48050B1F5706F02D091426A
:1038200000D0A562A188228901F4827102F40442C9
:103830001143227C02F002021143227D02F00102B8
:103840001143228B02F400721143227F02F03802EE
:10385000114394F8202002F080021143228D02F4DB
:103860000052114322681160A169042202EA114149
:1038700094F8242000F4805002F01002114394F8D0
:10388000342002F008021143A28902F4706211434D
:103890000143206841602068C16921F40061C16171
:1038A0002566012084F85D00002070BD10B586B04B
:1038B0000446142101A8FCF788FD2168214C002250
:1038C00021480223A1421DD1016E41F480510166BD
:1038D000016E01F480510091C16C41F00101C1649D
:1038E000C06C00F001000090E02001900293039270
:1038F00004920520059001A94FF09040FEF72AFFA1
:1039000006B010BD114CA142FAD1816D41F40041C5
:103910008165816D01F400410091C16C41F00201AB
:10392000C164C06C00F00200009018200190029366
:10393000039204920620059001A90548FEF70AFFAC
:10394000DEE700000030014000100240003C004073
:10395000000400482DE9FF5F04460E9E93461F4673
:103960000125FEF7D9FF804694F85D0061680128C3
:103970000AD0B1F5827F03D1A16809B9042803D028
:10398000022004B0BDE8F09F019890B3BBF1000F96
:1039900030D038002ED094F85C0001282CD04FF0A5
:1039A000010A84F85CA094F85D00042802D0052088
:1039B00084F85D004FF00009C4F86090C4F840B08E
:1039C000A4F84670A4F844700198A063E787A7871D
:1039D000C4F84C90C4F85090E0684FF4E06188421D
:1039E00001D8012F0AD92068426822F4805242602F
:1039F00009E0FFE70120C4E70220C2E7206842682F
:103A000042F48052426020680268520603D4026881
:103A100042F040020260E068884249D9606808B11B
:103A2000012F3DD1A06B21680088C860A06B801C6D
:103A3000A063E08F401EE08732E02068816889073C
:103A40000DD5E18F59B1012D09D1A16B0988C16054
:103A5000A06B801CA063E08F401EE08700252068DB
:103A60008168C9070ED0B4F8461059B1C068216CFE
:103A70000880206C801C2064B4F84600401EA4F826
:103A800046000125FEF748FFA0EB0800B04207D32F
:103A9000701C05D084F85DA084F85C90032070E76A
:103AA000E08F0028C9D1B4F846000028C5D176E0DF
:103AB000606808B1012F6BD1E08F01280AD9A06B93
:103AC00021680088C860A06B801CA063E08F801E06
:103AD000E0875DE0A06B216800780873A06B401C54
:103AE000A063E08F401EE08752E02068816889076C
:103AF0001AD5E18FC1B1012D16D1E18F012909D964
:103B0000A16B0988C160A06B801CA063E08F801E40
:103B1000E08708E0A16B09780173A06B401CA063EB
:103B2000E08F401EE087002520688168C90726D005
:103B3000B4F8461019B3B4F84610012913D9C06877
:103B400054F8401F08802068801C2060E088801E98
:103B5000E080E088403C012810D82068416841F4AA
:103B6000805141600AE0007B216C0870206C401C91
:103B70002064B4F84600401EA4F846000125FEF774
:103B8000CBFEA0EB0800B04201D3701C13D196B15C
:103B9000E08F0028A9D1B4F846000028A5D14246FC
:103BA0003146204601F082FC58B12020206684F87E
:103BB0005C900120E5E684F85DA084F85C90032029
:103BC000DFE684F85DA084F85C90206E08B10120E7
:103BD000D7E60020D5E670477047704730B590F8BB
:103BE0003C20012A45D0012280F83C20CA680024EC
:103BF0008B6822F440721A434B6822F480621A43A5
:103C00000B6822F400621A430B6922F480521A43B3
:103C10004B6922F400521A430B6B22F480421A4380
:103C20000B8B22F4702242EA0342CB6922F08052CD
:103C30001A43114D0368AB4205D0104DAB4202D080
:103C40000F4DAB4210D10D8D22F4700242EA0552A5
:103C50000D6A22F080722A434D6A22F000722A43D4
:103C6000C96A22F000520A435A6480F83C4000209E
:103C700030BD022030BD0000002C01400034014066
:103C80000050014070477047704700002DE9F04137
:103C900090F83C20012A43D0012580F83C500222B4
:103CA00080F83D2003685A689C681E4E1E4FDFF85E
:103CB0007CC0B34203D0BB4201D0634504D122F49F
:103CC00070084A6842EA0802DFF8648002EA0802E3
:103CD000D1F8008048EA0208C3F804800268B242C2
:103CE00012D0B2F1804F0FD0124B9A420CD0124B2F
:103CF0009A4209D0114B9A4206D0BA4204D0104BD6
:103D00009A4201D0624504D124F0800389681943A6
:103D100091603C304570002101700020BDE8F081C9
:103D20000220FBE7002C014000340140005001401C
:103D30008FFFFFFD0004004000080040000C004021
:103D40000040014010B50446002909D004290AD0DA
:103D500008290BD094F8470001280AD0012010BD93
:103D600094F84400F8E794F84500F5E794F8460025
:103D7000F2E70220A1B3042936D0082937D084F80D
:103D800047000422206801F082FD2068416C41F464
:103D9000004141641A492068884214D0B0F1804F34
:103DA00011D0184988420ED0174988420BD01749C4
:103DB000884208D01649884205D01649884202D068
:103DC0001549884216D18168144A1140062915D038
:103DD000B1F5803F12D0016841F0010101600DE0B2
:103DE000FFE784F84400CCE784F84500C9E784F88D
:103DF0004600C6E7016841F001010160002010BDE6
:103E0000002C01400004004000080040000C00406D
:103E10000034014000400140005001400700010013
:103E200070B504460D4600222946206801F02FFD9A
:103E30002068036A144944F244420B4206D1036AE3
:103E4000134203D1436C23F4004343642068036AA4
:103E50000B4206D1016A114203D1016821F0010130
:103E6000016001203DB1042D08D0082D09D084F84F
:103E70004700002070BD84F84400FAE784F845004C
:103E8000F7E784F84600F4E711111100704710B508
:103E90000446002C03D094F83D0010B107E0012047
:103EA00010BD002084F83C00204600F017F80220E6
:103EB00084F83D00211D206801F06EFC01203D3496
:103EC000E0726070A070E07020716071A071E071AC
:103ED00020726072A0722070002010BD08B50068CA
:103EE0001549B0F1804F14D0144A904223D1886D07
:103EF00040F008008865886D00F0080000900022FE
:103F000005213220FEF7A6FEBDE808403220FEF76C
:103F100093BE886D40F001008865886D00F0010057
:103F20000090002205211C20FEF794FEBDE8084009
:103F30001C20FEF781BE08BD00100240000C0040AE
:103F400090F83D10012901D001207047022180F82E
:103F50003D100168CA6842F00102CA600068154954
:103F6000884214D0B0F1804F11D0134988420ED04E
:103F7000124988420BD01249884208D01149884220
:103F800005D01149884202D0104988420CD181687D
:103F90000F4A114006290BD0B1F5803F08D00168C7
:103FA00041F00101016003E0016841F0010101609D
:103FB00000207047002C0140000400400008004031
:103FC000000C00400034014000400140005001401E
:103FD0000700010070B504460846002594F83C101F
:103FE00001291CD0012684F83C60022184F83D1090
:103FF00021688A68344B1A4022F47F428A60016843
:10400000B1F5005F2FD016DC40294CD009DCD1B1CE
:10401000102918D0202916D030294ED113E00220C3
:1040200070BD50292BD0602933D070290FD0B1F545
:10403000805F42D142E011F00F0F3ED10811A0F590
:104040008030072839D8206801F038FC36E0D0E904
:1040500002134268206801F027FC2068816841F063
:10406000770181602AE0D0E902134268206801F0FC
:104070001BFC2068816841F4804181601EE0C268B9
:104080004168206801F0FAFD5021206801F016FC1B
:1040900014E0C2684168206801F024FE60212068B5
:1040A00001F00CFC0AE0C2684168206801F0E6FDFE
:1040B0004021206801F002FC00E001253C346670DC
:1040C00000202070284670BD88FFCEFF70472DE984
:1040D000F04104462068C66805694FF00007A9074B
:1040E00014D5B10712D5F91E01610120207720688F
:1040F0008069800703D02046FFF7E8FF05E02046EF
:1041000000F004F9204600F0EBF92777680717D58F
:10411000700715D521686FF0040008610220207730
:104120002068806910F4407F03D02046FFF7CEFF5F
:1041300005E0204600F0EAF8204600F0D1F92777A4
:10414000280716D5300714D521686FF008000861DC
:10415000042020772068C069800703D02046FFF73D
:10416000B5FF05E0204600F0D1F8204600F0B8F990
:104170002777E80617D5F00615D521686FF01000EF
:104180000861082020772068C06910F4407F03D0C0
:104190002046FFF79BFF05E0204600F0B7F82046D9
:1041A00000F09EF92777E80708D0F00706D02168CD
:1041B0006FF001000861204600F088FA280601D45B
:1041C000A80408D5300606D521686FF402500861AE
:1041D0002046FFF701FDE80508D5300606D5216821
:1041E0006FF4807008612046FFF7F5FC680608D57B
:1041F000700606D521686FF040000861204600F087
:1042000081FAA80608D5B00606D521686FF020000F
:1042100008612046FFF7E1FCE80208D5F00206D568
:1042200021686FF4801008612046FFF72CFDA8027A
:1042300008D5B00206D521686FF400100861204649
:10424000FFF720FD680208D5700206D521686FF4DB
:10425000800008612046FFF717FD28020AD53002CA
:1042600008D521686FF4000008612046BDE8F041E0
:10427000FFF70CBEBDE8F081F0B587B0044614210D
:1042800002A8FCF7A2F81E492068884236D11D48D2
:10429000C16C41F00201C164C16C01F002010191E5
:1042A000C16C41F00101C164C06C00F001000190DB
:1042B0004FF4C04002900225039500240494059415
:1042C00006260696104F02A93846FEF743FAA903C0
:1042D00002910395049405940420069002A938469F
:1042E000FEF738FA4FF4E0600290039504940594C9
:1042F000069602A94FF09040FEF72CFA07B0F0BDE9
:10430000002C01400010024000040048704770B5C6
:1043100004460D46002694F83C0001280BD00120ED
:1043200084F83C000C2A4FD007DC82B1042A22D04A
:10433000082A06D134E0022070BD102A59D0142A70
:104340006BD00126002084F83C00304670BD294621
:10435000206801F0BDFA2068816941F0080181619F
:104360002068816921F004018161206881692A69DE
:1043700011438161E6E72946206801F003FB2068CC
:10438000816941F4006181612068816921F4806163
:104390008161206881692A6941EA02218161D1E74E
:1043A0002946206801F044FB2068C16941F00801FA
:1043B000C1612068C16921F00401C1612068C1693F
:1043C0002A691143C161BDE72946206801F086FBD7
:1043D0002068C16941F40061C1612068C16921F4AC
:1043E0008061C1612068C1692A6941EA0221C16115
:1043F000A8E72946206801F0C7FB2068016D41F05D
:10440000080101652068016D21F004010165206843
:10441000016D2A691143016594E72946206801F07E
:10442000EFFB2068016D41F4006101652068016DBA
:1044300021F4806101652068016D2A6941EA022149
:1044400001657FE710B50446002C03D094F83D00C9
:1044500010B107E0012010BD002084F83C00204688
:1044600000F018F8022084F83D00211D206801F0BA
:1044700093F901203D34E0726070A070E07020710B
:104480006071A071E07120726072A07220700020D3
:1044900010BD000008B500680F4988421AD10F48C6
:1044A000016E41F400610166006E00F4006000904E
:1044B000002205211820FEF7CDFB1820FEF7BCFBDB
:1044C000002205211920FEF7C5FBBDE80840192090
:1044D000FEF7B2BB08BD0000002C014000100240F6
:1044E0007047000070B5044600290DD004290ED095
:1044F00008290FD00C2910D0102911D094F84300AE
:10450000012810D0012070BD94F83E00F8E794F81F
:104510003F00F5E794F84000F2E794F84100EFE738
:1045200094F84200ECE70220F1B3042949D00829AD
:104530004AD00C294BD010294CD084F843000122DA
:10454000206801F097F928492068284A284B294D0E
:1045500088420BD0904209D0984207D0264EB042F4
:1045600004D0264EB04201D0A84203D1466C46F496
:10457000004646642068884211D0B0F1804F0ED0CA
:104580001F4988420BD01F49884208D01E498842E3
:1045900005D0904203D0984201D0A8421DD1816835
:1045A0001A4A1140062900E008E01AD0B1F5803F10
:1045B00017D0016841F00101016012E084F83E006B
:1045C000BDE784F83F00BAE784F84000B7E784F815
:1045D0004100B4E784F84200B1E7016841F001010D
:1045E0000160002070BD0000002C0140003401403B
:1045F000004001400050014000440140004801409B
:104600000004004000080040000C004007000100CA
:1046100030B504460D4600222946206801F02AF9EB
:10462000244B23482268991182420ED022488242AC
:104630000BD02248824208D02148824205D021482E
:10464000824202D02048824209D1106A184206D123
:10465000106A084203D1506C20F400405064206876
:10466000026A1A4206D1026A0A4203D1016821F0A5
:104670000101016001205DB1042D0CD0082D0DD089
:104680000C2D0ED0102D0FD084F84300002030BD2B
:1046900084F83E00FAE784F83F00F7E784F840002A
:1046A000F4E784F84100F1E784F84200EEE7000007
:1046B000002C014011111100003401400040014064
:1046C00000440140004801400050014010B504463C
:1046D0002068B0F1804F01D108F0D0F90749206877
:1046E000884201D106F037FB05492068884203D192
:1046F000BDE81040FEF726BA10BD0000000C0040D7
:1047000000140040704790F88410012918D001214E
:1047100080F884102421C0F8881001680A680B68AA
:1047200023F001030B6022F000510022426603686F
:1047300019602021C0F8881080F88420002070477C
:10474000022070477047704770B5044694F88400A3
:1047500001281DD0012084F884002420C4F888009A
:1047600020680568026822F0010202602068826801
:1047700022F060620A438260204601F0D9FA206884
:1047800005602020C4F88800002084F8840070BDF3
:10479000022070BD70B5044694F8840001281DD035
:1047A000012084F884002420C4F88800206805686B
:1047B000026822F0010202602068826822F06042F2
:1047C0000A438260204601F0B3FA20680560202089
:1047D000C4F88800002084F8840070BD022070BDF9
:1047E00070477047704700002DE9F0410446236888
:1047F000D86919689A6840F60F0500EA0507002F86
:104800000ED185060CD501F0200502F08056354307
:1048100006D0616F00297DD02046BDE8F0410847F1
:1048200000260225002F76D0B54FDFF8D8C21740FA
:1048300001EA0C0C57EA0C0C6DD05FEAC07C0CD07E
:104840005FEAC15C09D54FF0010CC3F820C0D4F871
:10485000903043F00103C4F89030830709D5D307A3
:1048600007D023681D62D4F8903043F00403C4F8E5
:10487000903043070AD5D30708D0256804232B625C
:10488000D4F8903043F00203C4F8903003070CD5FD
:1048900001F020033B4308D0256808232B62D4F89D
:1048A000903043F00803C4F8903003050BD54B015A
:1048B00009D525684FF400632B62D4F8903043F09B
:1048C0002003C4F89030D4F89030002B3CD0800600
:1048D00009D501F0200002F08051084303D0616F38
:1048E00009B120468847D4F89000216889684906B4
:1048F00002D410F0280F2DD0204601F08BFB206849
:104900008068400622D52068083050E8001F21F05A
:10491000400101E018E023E040E80012002AF2D153
:10492000D4F8800068B178498163D4F88000FDF73D
:10493000CBFB002808D0D4F88000816BBDE8F041A3
:1049400008472046FFF74EFFBDE8F0812046FFF7FD
:1049500049FFF9E72046FFF745FFC4F89060F3E709
:10496000E76E012F7DD1C7067BD5CF0679D5102004
:104970001862206880684FF02003400655D5D4F8AF
:1049800080100A68506880B2F0B3B4F85C70874257
:104990003FD9A4F85E000868006880062CD420681F
:1049A00050E8001F21F4807140E80012002AF6D17F
:1049B0002068083050E8001F21F0010140E8001293
:1049C000002AF5D12068083050E8001F21F040018E
:1049D00040E80012002AF5D1C4F88C30E666206861
:1049E00050E8001F21F0100140E80012002AF6D123
:1049F000D4F88000FDF730FB2567B4F85C00B4F80C
:104A00005E10401A81B200E003E02046FFF79AFEF4
:104A10009AE7B4F85C10814296D11068800693D56D
:104A200025672046FFF78EFE8EE734F85C0F61881D
:104A3000401A81B260885C3C002885D0002983D070
:104A4000206850E8002F22F4907240E80027002FE1
:104A5000F6D12B4FFF432068083050E8002F3A4032
:104A600000E016E040E8002CBCF1000FF3D1C4F8E0
:104A70008C30E6666667206850E8002F22F010024E
:104A800040E80023002BF6D125672046FFF75AFEA9
:104A90005AE7C50209D5550207D54FF480101862B0
:104AA0002046BDE8F041FFF79CBE03060CD501F09F
:104AB000800302F40002134306D0A16F0029A7D09F
:104AC0002046BDE8F0410847420606D54A0604D50F
:104AD0002046BDE8F04101F0C7BA020206D54A00FF
:104AE00004D52046BDE8F041FFF77ABEC0018FD55E
:104AF00000298DDA2046BDE8F041FFF724BE000012
:104B00000100001020010004EB5E000810B504460F
:104B1000002C03D0D4F8880010B107E0012010BDAC
:104B2000002084F88400204600F028F82420C4F8EF
:104B300088002068016821F001010160A06A10B1BD
:104B4000204601F019F9204601F0B8FA012813D0E7
:104B50002068416821F4904141602068816821F01B
:104B60002A0181602068016841F00101016020464E
:104B7000BDE8104001F064B9012010BDF0B59BB054
:104B80000446142116A8FBF720FC542101A8FBF7CA
:104B90001CFC3149206888425CD10120019000262C
:104BA000029601A8FEF7F6F808B1FCF787F82B4843
:104BB000016E41F480410166016E01F48041009173
:104BC000C16C41F00201C164C06C00F002000090B1
:104BD000C0201690022017901896199607201A9058
:104BE00016A91F48FDF7B6FD1F4D1E482860182066
:104BF0006860AE60EE6080272F616E61AE6120203C
:104C0000E8612E622846FDF701FB08B1FCF756F873
:104C1000C4F88050AC621348134D143060352860DE
:104C2000192068601020A860EE602F616E61AE618F
:104C3000EE612E622846FDF7E9FA08B1FCF73EF86E
:104C4000E567AC62002205212520FEF703F8252048
:104C5000FDF7F2FF1BB0F0BD00380140001002402C
:104C600000040048080002408023002030B4D0F83F
:104C70008C30202B02D0022030BC7047A9B1A2B1E9
:104C80000023C3660A4C0368A3420BD05B681B0277
:104C900008D5036853E8004F44F0806443E80045BA
:104CA000002DF6D130BC01F091BB0120E4E70000FB
:104CB00000800040704770472DE9F84F04460E46CB
:104CC00015461F46D4F88800202802D00220BDE8EF
:104CD000F88F9EB195B10020C4F890004FF02108E4
:104CE000C4F88880FDF718FE8246A4F85450A4F852
:104CF0005650A068B0F5805F02D003E00120E6E7DF
:104D0000206920B1354600264FF0200925E0002516
:104D1000FAE75346002280212046009701F0A8FBC5
:104D200018B1C4F888900320D1E755B1216815F86F
:104D3000010B8862D4F8880038EA000008D001200E
:104D4000C5E736F8020B2168C0F308008862F1E776
:104D5000B4F85600401EA4F85600B4F856000028D7
:104D6000D7D15346002240212046009701F080FB16
:104D700018B1C4F888900320A9E7C4F888900020EF
:104D8000A5E77047FEE700EB8100006E00F0F840F9
:104D9000704700EB8100006E00F0F84070478068BB
:104DA000C0F3C00070478068C0F3C00070478068DF
:104DB000C0F3000070478068C0F30000704780684F
:104DC000C0F3800070478068C0F380007047C068FF
:104DD00010F4406F01D0002070470120704710B5DB
:104DE00001F0007300EBD3504369C1F30451072471
:104DF0008C40A3438A401343436110BD10B501F0BA
:104E0000007300EBD3504369C1F3045107248C4075
:104E1000A3438A401343436110BD00EB8100016E40
:104E200021F0004111430166704700EB8100016EE3
:104E300021F0004111430166704700002DE9F04167
:104E40009AB0002417941894199420210FA8FBF706
:104E5000BCFA3C216846FBF7B8FA38484FF0A0414D
:104E600001604FF4403141608460C46004610126F8
:104E7000466104258561047744770321016280F847
:104E80002440C462046380F83840C46380F8404022
:104E9000FCF73AFF08B1FBF711FF179417A9274851
:104EA000FCF7D4FA08B1FBF709FF25480F9006205C
:104EB000109011944FF07F08CDF84880139514940A
:104EC0000FA91E48FCF778FB08B1FBF7F7FE1D4F52
:104ED0000F970C2010900FA91848FCF76DFB08B134
:104EE000FBF7ECFE18480F90122010900FA9134802
:104EF000FCF762FB08B1FBF7E1FE00970920019087
:104F000002200290CDF80C800495059408968DF847
:104F100024408DF825408DF8264084200A9080207A
:104F20000B908DF8304069460448FBF70BFF0028D2
:104F300001D0FBF7C3FE1AB0BDE8F081F41F0020DA
:104F400002003004040060080800900C10B5074906
:104F5000054808600846FDF74FF8002803D0BDE873
:104F60001040FBF7ABBE10BD000C024060200020DB
:104F700008B51148816C41F004018164816C01F035
:104F800004010091816C41F001018164806C00F0AA
:104F900001000090002205210B20FDF75BFE0B2095
:104FA000FDF74AFE002205210C20FDF753FEBDE867
:104FB00008400C20FDF740BE0010024010B512481A
:104FC000104901600122426000218160C1600174CA
:104FD000417481740523436182610C23C3610423FE
:104FE000036242628262C262026341638163C1639F
:104FF000FDF774FA002803D0BDE81040FBF75EBE51
:1050000010BD0000006400408820002000B585B07D
:10501000142206496846FBF7BFF90021684606F0EE
:1050200069F90349086005B000BD0000A8E4000864
:10503000540000202DE9F04F87B0142102A8FBF79F
:10504000C4F93C48C16C41F00401C164C16C01F079
:1050500004010191C16C41F02001C164C16C01F0F7
:1050600020010191C16C41F04001C164C16C01F0AB
:1050700040010191C16C41F00101C164C16C01F0BA
:1050800001010191C16C41F00201C164C06C00F0EA
:1050900002000190DFF8A0804FF460440022214616
:1050A0004046FDF733FCDFF894904FF48066002211
:1050B00031464846FDF72AFC4FF0904A0022102165
:1050C0005046FDF723FCDFF878B041F624070022B4
:1050D00039465846FDF71AFC029401250395002431
:1050E0000494059402A94046FDF734FB029603950B
:1050F0000494059402A94846FDF72CFB1020029069
:1051000003950494059402A95046FDF723FB0297EA
:1051100003950494059402A95846FDF71BFB0296DB
:105120000394049402A95846FDF714FB07B0BDE8A8
:10513000F08F0000001002400008004800180048EE
:105140000004004810B5134811490160124941603C
:10515000002181600122C260016141618161C16100
:105160000162FDF737FC08B1FBF7A8FD00210948F3
:10517000FDF7D8FB08B1FBF7A1FD00210548FDF7BD
:10518000FEFB002803D0BDE81040FBF797BD10BD23
:1051900000540040EC200020C285B24010B51248F7
:1051A000104901604FF482714160002181604FF429
:1051B0007062C26002220261012242615202826177
:1051C0001822C2610162416281620722C2620163E8
:1051D0004163FEF7F5FA002803D0BDE81040FBF765
:1051E0006DBD10BD003001404021002010B51348B6
:1051F000114901604FF4827141604FF48061816018
:105200004FF4E061C1600021016141614FF400721F
:1052100082611822C2610162416281620722C26218
:10522000016308214163FEF7CBFA002803D0BDE8F3
:105230001040FBF743BD10BD003C0040A4210020FE
:1052400010B598B000241594169417941C210EA83C
:10525000FBF7BBF8342101A8FBF7B7F830482F491A
:10526000016044602021816042F23411C160046118
:1052700044618461FFF7E6F808B1FBF71FFD159460
:105280001694179415A92648FEF700FD08B1FBF700
:1052900015FD60200E900F941094119412941394A5
:1052A000149400220EA91E48FFF731F808B1FBF74D
:1052B00005FD04220EA91A48FFF729F808B1FBF7EB
:1052C000FDFC08220EA91648FFF721F808B1FBF7EC
:1052D000F5FC0C220EA91248FFF719F808B1FBF7EC
:1052E000EDFC019402940394049405944FF400504F
:1052F000069007940894099400030A900B940C9468
:105300000D9401A90648FEF769FC08B1FBF7D6FC2D
:105310000348FEF7B1FF18B010BD0000002C01409B
:105320000822002010B588B0002404940594069447
:10533000079401940294039412484FF08041016055
:105340004460846044F26821C16004618461FEF7B6
:105350009EFD08B1FBF7B2FC4FF48050049004A905
:105360000848FEF737FE08B1FBF7A8FC0194039448
:1053700001A90448FEF78AFC002801D0FBF79EFC37
:1053800008B010BD5422002010B588B00024049449
:1053900005940694079401940294039413481249C7
:1053A00001604460846044F26821C16004618461EA
:1053B000FEF76DFD08B1FBF781FC4FF480500490BF
:1053C00004A90A48FEF706FE08B1FBF777FC019432
:1053D000039401A90548FEF759FC002801D0FBF70A
:1053E0006DFC08B010BD0000000C0040A0220020A1
:1053F00010B51748154901601649416000218160C8
:10540000C16001610C2242618161C161016241623E
:105410008162FFF77BFB08B1FBF750FC00210C48D1
:10542000FFF7B8F908B1FBF749FC00210848FFF77E
:105430008BF908B1FBF742FC0548FFF764F9002837
:1054400003D0BDE81040FBF739BC10BD0038014067
:10545000EC22002080841E00FEE7FEE71049C868A9
:1054600000F00302C868C0F30310401C032A0ED0EA
:105470000C4AB2FBF0F0CA68C2F306225043C96876
:10548000C1F34161491C4900B0FBF1F07047064A85
:10549000B2FBF0F0CA68C2F306225043EFE7000007
:1054A000001002400024F40000127A00F8B504460F
:1054B0000E461546334600224FF4C0512046009553
:1054C00000F026F828B1206E40F02000206603206E
:1054D000F8BD3346002280212046009500F088F870
:1054E00028B1206E40F0200020660320F8BD33462E
:1054F00000224FF4C0612046009500F009F828B161
:10550000206E40F0200020660320F8BD0020F8BD8A
:105510002DE9FC5F04460C9D0E46174698464FF059
:10552000000BCDF800B0FDF7F7F9401BA8EB000524
:10553000FDF7F2F98146D4F800A00AF10C0A2B48D5
:105540000068C0EBC00000EB8000000D68430190D4
:1055500017E0B6F5C06F05D127B99AF800000090A2
:105560009DF80000B8F1FF3F0BD0FDF7D5F9A0EB97
:105570000900A8420DD265B10198A0B30198401E60
:105580000190206880683040B842E2D10020BDE838
:10559000FC9F2068416821F0E00141606068B0F53F
:1055A000827F0BD1A068B0F5004F02D0B0F5806FBC
:1055B00004D12068016821F040010160A06AB0F5C3
:1055C000005F09D12068016821F400510160206862
:1055D000016841F400510160012084F85D0084F805
:1055E0005CB00320D3E7FFE70025CAE76400002092
:1055F0002DE9F84304460F4691461E46089DFDF7E7
:105600008BF9401B351AFDF787F98046274800685B
:10561000C0F3CB30684300900DE0701C0BD0FDF759
:105620007BF9A0EB0800A84210D27DB10098B8B376
:105630000098401E00902068806837EA000032D051
:1056400000204845E9D10020BDE8F8832068416882
:1056500021F0E00141606068B0F5827F0BD1A06865
:10566000B0F5004F02D0B0F5806F04D1206801681A
:1056700021F040010160A06AB0F5005F09D1206807
:10568000016821F4005101602068016841F4005173
:10569000016001205C346070002020700320D3E79B
:1056A000FFE70025C7E70120CBE7000064000020EA
:1056B000012005F0A1FDFBE710B5502080F3118813
:1056C000BFF34F8FBFF36F8F08F074F818B1044920
:1056D0004FF080500860002080F3118810BD00005A
:1056E00004ED00E000B593B0382105A8FAF76DFE8F
:1056F00014216846FAF769FE0020FDF7DDFA022062
:105700000590C1010891402109910C900D90042150
:105710000E9155210F9110901190129005A8FDF750
:1057200027FE08B1FBF7CAFA0F2000900320019072
:10573000002002900390049004216846FDF7B2FC1B
:10574000002801D0FBF7BAFA13B000BD0248016887
:1057500041F470010160704788ED00E00148FEF7F8
:10576000B6BC0000082200200148FEF7B0BC0000D3
:10577000082200200148FEF7AABC000054220020A5
:105780000148FEF7A4BC0000A02200200148FEF75B
:105790009EBC0000402400202DE9F04F02682C4EF2
:1057A000DFF8B090DFF8B0A0DFF8B0B02C4B2D4C94
:1057B0004FF0804EB0420BD0704509D0484507D01D
:1057C000504505D0584503D0984201D0A04203D19E
:1057D00022F070054A682A43234FDFF890C0DFF8B3
:1057E0009080B04211D070450FD048450DD0504543
:1057F0000BD0584509D0984207D0B84205D0604533
:1058000003D0404501D0A04203D122F44075CA68BC
:105810002A434D6922F080022A438D68C5620D68D3
:105820008562B04209D0984207D0B84205D06045A1
:1058300003D0404501D0A04201D10969016301684C
:1058400041F004010160012141610260BDE8F08F77
:10585000002C01400004004000080040000C004003
:10586000003401400050014000400140004401402C
:105870000048014010B501F01F0101238B40046A6C
:105880009C430462036A8A401343036210BD10B54F
:1058900001F00F0104238B40046A9C430462036AF5
:1058A0008A401343036210BD10B5846824F47F441A
:1058B00042EA03220A432243826010BD8268034BFE
:1058C0001A400A4342F00701816070478FFFCFFF03
:1058D0002DE9F047056A026A22F00102026243687C
:1058E0008269214C224022F003020C68144325F007
:1058F00002058A682A431D4E1D4FDFF878C0DFF885
:105900007880DFF87890DFF878A0B04209D0B8420C
:1059100007D0604505D0404503D0484501D05045EB
:1059200007D1056A25F00405056222F00805CA685A
:105930002A43B04209D0B84207D0604505D040455F
:1059400003D0484501D0504507D123F4807323F498
:1059500000734D691D438B692B4343608461496823
:1059600041630262BDE8F0878FFFFEFF002C01401B
:105970000034014000400140004401400048014023
:1059800000500140F0B5046A026A22F0100202627F
:10599000426883691F4D2B4023F440730D6843EA2E
:1059A000052524F020038C6843EA04131A4C1B4E8F
:1059B0001B4FA04203D0B04201D0B8420BD1D0F867
:1059C00020C02CF0400CC0F820C023F08003D1F898
:1059D0000CC043EA0C13A0420CD0B0420AD0114CC8
:1059E000A04207D0104CA04204D0104CA04201D0DD
:1059F000B84209D122F4806222F400624C6942EA82
:105A000084028C6942EA840242608561496881634C
:105A10000362F0BDFF8FFFFE002C01400034014007
:105A20000050014000400140004401400048014056
:105A3000F0B5056A026A22F4807202624268C369A4
:105A40001F4C234023F003030C681C4325F4007310
:105A50008D6843EA05231B4D1B4E1C4FA84203D003
:105A6000B04201D0B8420BD1D0F820C02CF4806CE9
:105A7000C0F820C023F40063D1F80CC043EA0C2323
:105A8000A8420CD0B0420AD0114DA84207D0114D07
:105A9000A84204D0104DA84201D0B84209D122F446
:105AA000805222F400524D6942EA05128D6942EAA1
:105AB00005124260C4614968C1630362F0BD000021
:105AC0008FFFFEFF002C01400034014000500140D8
:105AD000004001400044014000480140F0B5046A24
:105AE000026A22F4805202624268C3691F4D2B4051
:105AF00023F440730D6843EA052524F400538C68B1
:105B000043EA04331A4C1B4E1B4FA04203D0B04251
:105B100001D0B8420BD1D0F820C02CF4804CC0F892
:105B200020C023F40043D1F80CC043EA0C33A04258
:105B30000CD0B0420AD0114CA04207D0104CA04269
:105B400004D0104CA04201D0B84209D122F48042C6
:105B500022F400424C6942EA84128C6942EA8412BF
:105B60004260C561496801640362F0BDFF8FFFFEBA
:105B7000002C014000340140005001400040014031
:105B8000004401400048014030B5056A026A22F431
:105B9000803202624268036D124C23400C681C4341
:105BA00025F400330D8943EA05430F4DA8420ED07A
:105BB0000E4DA8420BD00E4DA84208D00D4DA84264
:105BC00005D00D4DA84202D00C4DA84204D122F4BC
:105BD00080324D6942EA0522426004654968816469
:105BE000036230BD8FFFFEFF002C014000340140F6
:105BF0000040014000440140004801400050014085
:105C000030B5036A026A22F4801202624268046DAF
:105C1000134D2C400D6844EA052423F400130D892C
:105C200043EA05530F4DA8420ED00F4DA8420BD0AA
:105C30000E4DA84208D00E4DA84205D00D4DA842E9
:105C400002D00D4DA84204D122F480224D6942EACF
:105C50008522426004654968C164036230BD00006A
:105C6000FF8FFFFE002C0140003401400040014046
:105C700000440140004801400050014010B5046A52
:105C8000036A23F001030362104B98420ED0104BBD
:105C900098420BD00F4B984208D00F4B984205D03A
:105CA0000E4B984202D00E4B984203D1036A23F068
:105CB00004030362836923F0F00343EA021324F030
:105CC0000A020A438361026210BD0000002C0140F9
:105CD00000340140004001400044014000480140C0
:105CE0000050014010B5036A046A24F010040462F5
:105CF0000C4CA04205D00C4CA04202D00B4CA04250
:105D000003D1046A24F040040462846924F47044DA
:105D100044EA023223F0A00343EA011182610162E6
:105D200010BD0000002C0140003401400050014033
:105D300030B5416E002917D002689168C1F3426105
:105D40009268520F0B4B9C5CE50003F10804A25CC7
:105D5000B5FBF2F2A0F86A205A5C615CD200B2FB9B
:105D6000F1F1A0F8681030BD012168304180018058
:105D700030BD0000D4E4000890F82810090706D5CB
:105D800001684A68836B22F400421A434A6090F823
:105D90002810C90706D001684A68C36A22F4003295
:105DA0001A434A6090F82810890706D501684A68A6
:105DB000036B22F480321A434A6090F82810490796
:105DC00006D501684A68436B22F480221A434A6070
:105DD00090F82810C90606D501688A68C36B22F4BA
:105DE00080521A438A6090F82810890606D5016807
:105DF0008A68036C22F400521A438A6090F82810D3
:105E0000490611D501684A68436C22F480121A438E
:105E10004A60416CB1F5801F06D101684A68836C05
:105E200022F4C0021A434A6090F82810090606D5E9
:105E300001684A68C06C22F4002202434A6070473D
:105E40002DE9F84304460025C4F89050FCF764FDA2
:105E50008046206800684FF0200600076FF07E47FC
:105E600016D54346002231042046009700F000FB7F
:105E700070B1206850E8001F21F0800140E8001256
:105E8000002AF6D18434666025700320BDE8F883CB
:105E900020680068400720D5434600224FF4800167
:105EA0002046009700F0E4FAB8B1206850E8001FDF
:105EB00021F4907140E80012002AF6D120680830E1
:105EC00050E8001F21F0010140E80012002AF5D13E
:105ED0008434A66025700320D8E76C34E66126621E
:105EE0002560656025760020D0E710B5806AFEF752
:105EF00079FC10BD70B5846AD4F88800D4F88C5051
:105F000021688968090604D5212802D1204600F0BD
:105F1000BDF820688068400604D5222D02D12046B5
:105F200000F078F8D4F8900040F01000C4F8900029
:105F30002046FEF757FC70BD70B50346986A196895
:105F400009684FF0000489062DD4A0F85E4001686E
:105F500051E8002F22F4807241E80025002DF6D18F
:105F60000168083151E8002F22F0010241E80025C4
:105F7000002DF5D10168083151E8002F22F04002D0
:105F800041E80025002DF5D12021C0F88C10C16E0C
:105F9000012908D1016851E8002F22F0100241E8E0
:105FA0000025002DF6D10467C16E012902D0FEF74D
:105FB00081FE70BDA0F85E401968496889B2B0F8EA
:105FC0005C208A4201D9A0F85E10B0F85E10511A28
:105FD00089B2FEF7B7FB70BD10B50246906A012189
:105FE0000167C16E012902D0FEF765FE10BDB0F851
:105FF0005C104B08A0F85E301268526892B2914271
:1060000001D3A0F85E20B0F85E20891A89B2FEF7AD
:1060100099FB10BD10B5016851E8002F22F4907271
:1060200041E80023002BF6D10E4B0168083151E8FE
:10603000002F1A4041E80024002CF6D1C16E01293E
:1060400008D1016851E8002F22F0100241E8002336
:10605000002BF6D12021C0F88C100021C1664167C9
:1060600010BD0000FEFFFFEF10B5016851E8002FE2
:1060700022F0400241E80023002BF6D12021C0F895
:10608000881000218167FEF77CFE10BD016851E891
:10609000002F22F0C00241E80023002BF6D1016856
:1060A000083151E8002F22F4000241E80023002BC0
:1060B000F5D12021C0F88810704700002DE9F0418B
:1060C00004460025B54B20682269A168E6691143A2
:1060D0006269324311430268B14E32400A430260A2
:1060E00020684168E26821F4405111434160A06991
:1060F0002168994201D0226A10438A68A94E324031
:1061000002438A602068C16A626A21F00F0111436C
:10611000C162A5492268A5488A4214D1D0F88800F6
:1061200010F0030007D0012809D0022805D0032869
:1061300007D0102185E0012183E0022181E00421C4
:106140007FE008217DE09A498A4214D1D0F8880086
:1061500010F00C0007D0042809D0082805D00C281E
:1061600007D010216DE000216BE0022169E00421DD
:1061700067E0082165E08F498A4214D1D0F8880091
:1061800010F0300007D0102809D0202805D0302882
:1061900007D0102155E0002153E0022151E00421F5
:1061A0004FE008214DE084498A4214D1D0F888009C
:1061B00010F0C00007D0402809D0802805D0C028A2
:1061C00007D010213DE000213BE0022139E004210D
:1061D00037E0082135E079498A4217D1D0F88800A4
:1061E00010F440700AD0B0F5807F0BD0B0F5007F7E
:1061F00006D0B0F5407F07D0102122E0002120E03A
:1062000002211EE004211CE008211AE09A4217D165
:10621000D0F8880010F440600AD0B0F5806F0BD041
:10622000B0F5006F06D0B0F5406F07D0102108E040
:10623000002106E0022104E0042102E0082100E040
:1062400010215F485F4E00274FF4004C9A4239D12D
:10625000B9B1022905D0042916D0082917D0002089
:10626000012560B3616A36F81120B0FBF2F166686F
:1062700006EB46038B4202D8B1EB063F09D9012554
:1062800082E0FDF717F8ECE7FDF738F8E9E760463C
:10629000E7E700231946FAF71DF8090241EA106101
:1062A000020270081018794132460023FAF712F8FA
:1062B000454AA0F54071914202D82168C86063E068
:1062C000012561E0E2694FF6EF78624530D1092996
:1062D00011D2DFE801F0050812100B1010100E00AB
:1062E000FCF7E8FF09E0FCF7F7FF06E0FDF706F82A
:1062F00003E0604601E000200125E8B3616A36F85A
:106300001110B0FBF1F04100606801EB5001B1FBEE
:10631000F0F0A0F11001414508D84FF6F0710140AE
:10632000C0F3420001432068C1602DE001252BE04D
:10633000092911D2DFE801F0050812100B10101026
:106340000E00FCF7B7FF09E0FCF7C6FF06E0FCF71C
:10635000D5FF03E0604601E00020012560B1616ADD
:1063600036F81110B0FBF1F1606801EB5001B1FBA0
:10637000F0F0A0F1100100E006E0414503D82168EB
:1063800080B2C86000E00125012068346080208070
:10639000E76027612846BDE8F081000000800040EA
:1063A000F369FFCFFFF4FF110038014000100240F5
:1063B0000044004000480040004C004000500040B5
:1063C0000024F400BCE40008FFFC0F0070B5044694
:1063D00044F8581FA2800021A16322206063A06AB4
:1063E000583C00281DD01F4BC362241D1E48E36F7C
:1063F0001863E36F1D485863E06F8163606D54F864
:10640000041CE56F134602462431241F2846FBF77F
:106410005FFF30B110208C346060202020600120AC
:1064200070BD206940B1206850E8001F41F48071C0
:1064300040E80012002AF6D12068083050E8001F1A
:1064400041F0010140E80012002AF5D1206808302F
:1064500050E8001F41F0400140E80012002AF5D149
:10646000002070BD395F0008D95F0008F55E0008A4
:106470002DE9F0470446089E0D46174698464FF012
:10648000000935E0701C33D0FCF746FAA0EB080099
:10649000B04219D8C6B120680168490728D5802DB7
:1064A00026D0402D24D0C169C94309070ED42068E5
:1064B000082505622046FFF7ADFDC4F8905084F82A
:1064C00084900120BDE8F0870320FBE7C069C0434A
:1064D00000050DD421684FF4006008622046FFF7E4
:1064E00099FD2020C4F8900084F884900320E9E707
:1064F0002068C06935EA000004D00020B842C1D04D
:106500000020DFE70120F9E710B50B48D0F85C1652
:1065100000290BD009480068C069C04340F300144B
:10652000641C054888470CB103F080FBBDE81040AF
:106530000248FEF759B90000B0100020EC220020FC
:10654000FEE700000FB4054B10B503A9044A0298FA
:1065500000F068FB10BC5DF814FB000039930008E4
:10656000D00000204100080218BF04200A0E18BF06
:1065700040F001004FF07F4232EA010108BF40F0D5
:106580000200012808BF052070470907090E0028EE
:1065900004DB00F1E02080F80014704700F00F00E9
:1065A00000F1E02080F8141D7047000010EE100A82
:1065B000C0F3C7517F391729A8BF7047DFED140A10
:1065C000002970EE200A0DDAF5EEC00AF1EE10FA9D
:1065D0001ADD0028A8BF002016DAB0F1004F18BF5E
:1065E0000C4811E00C4ACA40104208BF7047F5EE53
:1065F000C00AF1EE10FA07DD002804DA4FF40003B8
:1066000023FA01F10844904300EE100A704700009D
:10661000CAF24971000080BFFFFF7F0010B52DED69
:10662000028BF0EE408A18EE900AB0EE608A20F0FD
:106630000040C0F1FF40C00F07D118EE100A20F053
:106640000040C0F1FF40C00F2BD018EE101A18EE1A
:10665000900AF9F75BFF00EE100A10EE100A6FEADD
:10666000D05010F0FF0F04BFBDEC028B10BD18EE30
:10667000900A00F0004110EE100A00F00040814244
:1066800004BFBDEC028B10BD18EE101A10EE100AFC
:10669000BDEC028B61F31E0000EE900A30EE600A42
:1066A00010BD18EE900A4FF07F41B1EB400F1CBFB8
:1066B00018EE100A5FEA4000C7D1012000F0EAF9A5
:1066C000BDEC028BBDE8104000F01AB910B52DEDFD
:1066D000028BB0EE408A18EE100AF9F7F9FE01EECF
:1066E000100A18EE100AB7EE000A78EE410A10F010
:1066F000004F4FF07F4010EE901A12D0B1F13F4F93
:1067000024BF10EE901AB0EB410F12D210EE901A87
:10671000B1F17C5F1CDD10EE901AB0EB410F17D386
:1067200014E0B1F13F4F07D910EE901AB0EB410FD2
:1067300002D331EE401A0BE010EE901AB1F17C5FFB
:1067400006DB10EE901AB0EB410F01D331EE001AC8
:1067500018EE100ABDEC028B11EE101A61F31E0048
:1067600000EE100A10BD000000B510EE101A2DED5D
:10677000028B81B0524A6846B2EB410F2ED94FF0DE
:10678000E640B0EB410F94BF00204FF0FF30009087
:106790000098B0EE408A00286ADB10F0010F4BD061
:1067A00068EE080A9FED471A9FED470A00EE810A3E
:1067B0009FED461A10F0020F00EE801AB7EE000AA5
:1067C00000EE810A02BF01B0BDEC028B00BD00BF2C
:1067D00001B0B1EE400ABDEC028B00BD3C4B21F094
:1067E0000042934241D911F0004FDFED3A0A20EE0A
:1067F000201ADFED390A19BF31EE601A71EE200A56
:1068000031EE201A71EE600ABDEEE01A11EE100AA8
:106810009FED321A00F0030000EEC10A9FED301A1E
:10682000009000EEC10A9FED2F1A00EEC10A9FED05
:106830002E1A00EEC10AABE728EE080A9FED2B1ACC
:10684000DFED2B0A10F0020F40EE410A9FED291AEE
:1068500000EE201A61EE000AB0EE480A08EE200AA7
:10686000B6D101B0BDEC028B00BD00F059F88FE746
:1068700018EE100A4000B0F17F4F0DD218EE100A4A
:10688000FFF770FE042808BF00F042F8B0EE480A97
:1068900001B0BDEC028B00BD09D1012000F0FAF877
:1068A00001B0BDEC028B5DF804EB00F029B801B03B
:1068B000B0EE480ABDEC028B5DF804EB00F01CB8AA
:1068C000B61F927EB93AB2BACA9F2A3DDDFFFFBE1B
:1068D000490E494683F9223F0000004B0000C93FA2
:1068E00000A0FD390020A2331A61342C336D4C39DD
:1068F000DA82083CA0AA2ABE30EE000A70470000E7
:10690000DFED020A80EEA00A7047000000000000E0
:106910009FED020A20EE000A704700000000001000
:106920002DE9F0014FF07F42B2EB410F9FBF4FF0D6
:10693000FF310160BDE8F00170474FF0004242EACC
:106940000123C1F3C752783A551112F01F0C434C82
:10695000CCF120067C44C1F3C752A2F178024FEA81
:10696000621204EB820254F8254008BFD2E90156B6
:1069700012D0556804FA0CF425FA06F73C439768E0
:1069800005FA0CF527FA06F8D26807FA0CFCF24073
:1069900045EA08054CEA0206A4FB034CA5FB03529A
:1069A000A6FB03631D449D4234BF01260026131934
:1069B000334416B1934202D903E0934201D201223B
:1069C00000E00022624402F1200C9206DC0C42EA54
:1069D000443200EE102A5B03DFED210AF8EEC01A04
:1069E00000EE103A4FEA9C1C11F0004FB8EE400A3E
:1069F000C0F800C020EE201A00EE105ADFED190A90
:106A0000B8EE400A20EE200A71EE810A70EE800A8C
:106A100010EE902A02F500626FF30B0200EE902A4E
:106A200070EEE11A31EEC11ADFED101A30EE411AA4
:106A30009FED0D0A20EE800A01EE210A9FED0C1A4F
:106A400000EE810A04BFBDE8F0017047CCF180512F
:106A50000160BDE8F001B1EE400A7047A47B000080
:106A6000000000360000802C22AAFD29DB0FC92F70
:106A70000000C92F02E008C8121F08C1002AFAD17D
:106A800070477047002001E001C1121F002AFBD1AE
:106A9000704700000149086070470000D4000020E2
:106AA0002DE9FF5F82B00021DDE90430020DDDF841
:106AB00040B0034318D044F61050A2F2FF324243D4
:106AC0001514119801281FD0A5EB0B00401C5FEA9C
:106AD000000A4FF000064E4FDFF83891B04650469E
:106AE00015D5CAF1000413E0119801244AA3012826
:106AF00001D16FEA0B010298119AC0E90031C0E997
:106B0000024206B0BDE8F09FCBF10000DFE704468B
:106B10000021404A491842EB0450CDE9001012E030
:106B2000E00707D032463B4640464946F9F7BEFDEE
:106B30008046894632463B4610461946F9F7B6FD6F
:106B400006460F466410002CEAD1DDE90401DDE9B8
:106B50000023BAF1000F06DAF9F7A8FD42464B46CA
:106B6000F9F7A4FD05E0F9F713FE42464B46F9F7A5
:106B70000FFE04460E460022284BF9F791FE03D87B
:106B80004FF0FF30014607E00022254B20463146FA
:106B9000F9F7E5FCF9F76BFE102409E0002C0ADB9D
:106BA0000A220023F9F796FB039B30321A55641E24
:106BB00050EA0102F2D1641C039AC4F11103144497
:106BC000119A012A03D0012208430DD10AE008439B
:106BD00004D000204FF0110B119072E7A3EB0B05CE
:106BE0006D1E0DE05B4504DD4FF0000205F101056F
:106BF00004E003DA4FF00002A5F10105002AECD011
:106C000002981199C0E90231C0E9004579E7000016
:106C1000000014400000F03F300000000000F0438E
:106C20000000E03F2DE9FF4F95B09A4688460646A2
:106C30000025EEE1252877D100242746F94A0121D5
:106C4000039400E0044316F8013F203B01FA03F0EF
:106C50001042F7D130782A2811D06FF02F03307806
:106C6000A0F13002092A16D8039A44F0020402EB7C
:106C7000820203EB42021044761C0390EFE758F8BF
:106C8000042B0392002A03DA504244F40054039088
:106C900044F00204761C30782E2816D116F8010F25
:106CA00044F004042A280DD06FF02F023078A0F1B0
:106CB0003003092B09D807EB870302EB4303C718FE
:106CC000761CF3E758F8047B761C30786C280FD0DC
:106CD00006DC4C2817D068280DD06A2814D104E0AF
:106CE000742810D07A280FD10DE044F400140AE083
:106CF00044F4801401E044F440147278824202D1DA
:106D000004F58014761C761C307866280BD013DCD2
:106D1000582877D009DC002875D04528F6D04628B9
:106D2000F4D047281AD193E118E0632835D06428BD
:106D300079D0652812D18BE1702873D008DC6728E0
:106D4000F1D069286FD06E280DD06F2806D1ACE045
:106D500073282CD0752874D0782853D052461799B0
:106D600090476D1C54E1C4F30250022809D0032857
:106D70000DD0D8F8001004280DD00D6008F10408DB
:106D800046E1D8F80010EA17C1E90052F6E7D8F852
:106D900000100D80F2E70D70F0E718F8041B8DF875
:106DA000001000208DF80100EB46012003E058F8A8
:106DB00004BB4FF0FF3061074FF0000102D40DE03B
:106DC00009F101018946B9420FDA8145F8DB1BF868
:106DD00009100029F4D108E009F101018946814236
:106DE000FADB1BF809100029F6D103985346A0EBF3
:106DF000090721463846179A00F080FA284400EB2C
:106E0000090507E044E008E10DE01BF8010B5246DC
:106E100017999047B9F10109F7D2534621463846F0
:106E2000179AF2E039E00A21C4F302524FF0000B46
:106E30000091022A06D058F8040BC117032A09D082
:106E40000AE023E008F1070020F00702F2E802015F
:106E5000904605E000B2C117042A01D140B2C11723
:106E6000002906DA0A460021404261EB02012D2288
:106E700002E0220504D52B228DF80420012203E034
:106E8000E20701D02022F7E7914657E00A2100E00F
:106E900010214FF0000B00910BE010214FF0000B80
:106EA00044F004040827009103E008204FF0000B91
:106EB0000090C4F30252022A05D058F8040B0021B6
:106EC000032A08D008E008F1070020F00702F2E8E2
:106ED0000201904603E080B2042A00D1C0B24FF014
:106EE000000922072AD53278702A07D0DDF800C0C1
:106EF0008CF0100C5CEA0B0C05D00EE040228DF8F3
:106F00000420012208E050EA010306D030238DF866
:106F100004308DF8052002229146009B83F008037F
:106F200053EA0B030AD150EA010201D1620705D5E9
:106F300030228DF804204FF001097F1E3278582A44
:106F400004D039A20C920CAA02920BE03BA2F9E702
:106F50005B46009AF9F7BEF90C9B9B5C029A521EA5
:106F60000292137050EA0102F2D1029804A9081AA1
:106F700000F1200B600702D524F4803400E00127E3
:106F80005F4502DDA7EB0B0000E0002000EB0B01EA
:106F9000009003984944401A0390E00306D45346F6
:106FA0002146179A039800F0A9F90544002706E046
:106FB00001A85246C05D179990476D1C7F1C4F4534
:106FC000F6DBE0030CD553462146179A039800F0F0
:106FD00095F9054404E030205246179990476D1CFE
:106FE0000099481E00900029F5DC08E002980299FB
:106FF00052460078491C0291179990476D1CBBF1CD
:107000000001ABF1010BF1DC5BE100F065F9054437
:10701000761C307800287FF40DAE19B02846BDE804
:10702000F08F000009280100303132333435363713
:1070300038396162636465660000000030313233C4
:107040003435363738394142434445460000000064
:10705000600700D4062708F1070020F00700F0E8D9
:107060000223804603F0004C5FEA0C0001D097A099
:1070700009E0200501D596A005E0E00701D095A024
:1070800001E0AFF24C001390307823F00043652804
:107090000CD006DC452809D046281DD047287FD1D2
:1070A0003BE0662818D067287AD136E00021112FFE
:1070B00001DB112000E0781CCDE9000104A90CA837
:1070C000FFF7EEFCDDE90D010C9A4FF0000B07F124
:1070D0000109109200914EE04FF000400097CDE979
:1070E000011004A90CA8FFF7DBFCDDE90D020C9BE5
:1070F0000F994FF0000B91461093009211B9791C33
:1071000000EB0109B7EB090003D4C0F1FF3B07F125
:107110000109A9EB0700019042E0012F00DA0127E5
:107120000021112F01DD112000E03846CDE90001DA
:1071300004A90CA8FFF7B4FCDDE90D010C9A00913D
:107140004FF0000BB946109221070FD4009A4A4520
:1071500003DA914601E0A9F10109B9F1010F05DD5A
:10716000109AA9F10101515C3029F4D0B84202DA39
:1071700010F1040F03DA0121CDE9011010E000281D
:1071800003DC8344A9EB000102E0411C494500DD1A
:107190008946A0EB0B00401C01904FF0004002908C
:1071A000200705D40198484502DB4FF0FF300190DD
:1071B00000208DF84B0002980DF14B07B0F1004F05
:1071C00025D002200C902B200D90029800280CDA7C
:1071D000404202902D200D9007E00A210298F9F715
:1071E0000BF93031029007F8011D0C99481E0C90E4
:1071F0000029F2DC02980028EFD1791E0D98087062
:10720000307800F0200040F0450007F8020D11A88A
:10721000C01BC01D02901398007800B1012000EB44
:107220000901019801EBE071029801440398401AAA
:10723000401E0390E00306D453462146179A039854
:1072400000F05CF805441398007818B1524617997D
:1072500090476D1CE00323D553462146179A0398A7
:1072600000F04CF805441BE0BBF1000F07DB009871
:10727000584504DD1098179910F80B0001E0179994
:1072800030205246904701980BF1010B401E05F14A
:107290000105019004D12E205246179990476D1C8C
:1072A000B9F10001A9F10109DEDC05E017F8010BD5
:1072B0005246179990476D1C0299481E029000296A
:1072C000F4DC53462146179A03989EE62D000000F1
:1072D0002B000000200000002DE9F04104460025AD
:1072E0001E461746880404D405E039462020B047DE
:1072F0006D1C641EF9D52846BDE8F0812DE9F041EA
:10730000044600251E469046C80301D5302700E0FC
:107310002027880404D505E041463846B0476D1C57
:10732000641EF9D52846BDE8F081000030B5082478
:10733000082A00D214460023084A09E002EB83051C
:1073400095ED000A00EB830585ED000A5B1CDBB2BE
:10735000A342F3D30C70002030BD0000700F00205A
:10736000002303604FF4807008600448416D116091
:10737000816D5160C06D906000207047DC0C002072
:1073800010B5044803F0EDF810B10178002900D1E0
:1073900001A010BD1C0E00204A6F696E744D6F7401
:1073A0006F72000002F0B0BB10B502F065FF00F58F
:1073B000A96010BD2DE9F0410F4615461E460A4949
:1073C000532802D30420BDE8F081084A02EB800470
:1073D0002088E27801443846F8F7DEFFA07828706C
:1073E000E07830700020EEE71C0E002044DC00083E
:1073F0002DE9FF5F81468B461646DFF874A0002713
:10740000B9F1530F03D3042004B0BDE8F09F86F810
:1074100000904FEA192070700320002520E009EB4E
:10742000050189B253291DD200F11102B2F5807F06
:1074300018D8104A02EB8104411CA2781FFA81F887
:1074400032542088E27800EB0A0106EB0800F8F7D6
:10745000A3FFE078404480B27F1CFFB26D1CADB248
:107460005D45DCD3B770039908800020CCE70000AD
:107470001C0E002044DC000830B5D5B00546124C87
:10748000A5F57F40FF3804D0532D0AD3042055B012
:1074900030BD204603F0BAF808B10820F7E7002015
:1074A000F5E7684603F0B2F808B10820EFE70748AF
:1074B00000EB8502118808196B461944D278F8F759
:1074C0006BFF0020E3E700001C0E002044DC0008F6
:1074D00010B5074802F070FB002803D005DD4FF01F
:1074E000020010BD4FF0000010BD4FF0080010BDAD
:1074F0001C0E00202DE9F0410F461646144D53286E
:1075000002D30420BDE8F081124901EB8004A07889
:10751000072804D0E078B04212D00620F2E716B176
:10752000E178B14201D20620ECE720882844F8F740
:107530004CFF2088324628443946F8F72DFF05E0F5
:107540002088324628443946F8F726FF0020D9E73C
:107550001C0E002044DC00082DE9F05F80468946BF
:1075600092469B46114F002500241BE008EB0400C7
:1075700080B2532802D30420BDE8F09F0C4901EBF0
:107580008006F2785019584501D90620F4E7308872
:107590000AEB05013844F8F7FFFEF078284485B27D
:1075A000641CA4B24C45E1D30020E5E71C0E00208A
:1075B00044DC000801494870002070471C0000208E
:1075C00010B50146034803F031F808B1022010BDA0
:1075D000002010BD1C0E00202DE9F04107460E468C
:1075E0001546FFF7E1FE04463846142F6DD00DDC3A
:1075F00014282FD2DFE800F0B3B3B3B3B3B3B3B3FF
:10760000B3B3B3B3B3B3B3B31F2F3E481B2822D0D9
:1076100008DCA0F1150005281CD2DFE800F0606A44
:10762000798897001C2850D030282DD0322821D0BE
:1076300037280FD11EE0082D02D20620BDE8F081C8
:10764000304602F09DFC84ED030A301D02F098FCE8
:1076500084ED020A83E0082D01D20620EEE73046D1
:1076600002F08EFC84ED030A301D02F089FC84EDEB
:10767000040A74E0042D01D20620DFE7304602F050
:107680007FFC84ED020A6AE0142D01D20620D5E7C2
:10769000304602F075FC84ED000A301D02F070FCEB
:1076A00084ED010A06F1080002F06AFC84ED050A87
:1076B00006F10C0002F064FC84ED060A06F11000ED
:1076C00002F05EFC84ED070A49E0042D01D2062099
:1076D000B4E7304602F054FC84ED010A3FE0042D8B
:1076E00001D20620AAE7304602F04AFC84ED000AE7
:1076F00035E0082D01D20620A0E7304602F040FC1C
:1077000084ED000A301D02F03BFC84ED010A26E006
:10771000082D01D2062091E7304602F031FC84EDBD
:10772000000A301D02F02CFC84ED020A17E0082D3F
:1077300001D2062082E7304602F022FC84ED010AE5
:10774000301D02F01DFC84ED020A08E0042D01D278
:10775000062073E7304602F013FC84ED020A384637
:1077600002F05AFE002069E7002801D0012000E065
:107770000020034B1870598002B19A800020704796
:107780001C000020F7EE001A71EEC11A21EE800AEB
:1077900000EE810A70472DE9F04106460D46144679
:1077A000287806F11407052818D0062814D1D4ED3E
:1077B000000A94ED010A15F8301F301D03F076FF22
:1077C000D4ED010A94ED030A6978384603F06EFFA0
:1077D00094ED010A86ED090ABDE8F081D4ED010AB5
:1077E00094ED030A95F831103846BDE8F04103F0F6
:1077F0005DBF70B504462DED028B0D46B0EE408A9C
:10780000F0EE608A34212046F8F7DFFD256084ED34
:107810000B8AC4ED0C8A002084F82800032084F829
:107820002900022084F82A00201D03F0EBFEBDECA5
:10783000028B04F11400BDE8704003F0E3BE0000C9
:1078400010B50446201D03F060FF04F1140003F09E
:107850005CFF9FED020A84ED090A10BD00000000E4
:107860002DE9F04105462DED028B0C4617461E46CC
:10787000D5F80080404602F06EFEF0EE408A4046A9
:1078800002F071FEB0EE408A207895F82810884208
:107890000BD194F8300095F82910884205D194F85E
:1078A000310095F82A1088420ED03A4621462846E3
:1078B000FFF771FF207805F8280F94F83000687002
:1078C00094F83100A870283D9FED370A86ED000A34
:1078D00086ED010A217805F11400072917D2DFE8A7
:1078E00001F01616164C3A1A040095ED0C1AD7ED55
:1078F000010A95ED090A94F8311003F02FFEB0EE5D
:10790000481AF1EE480A00F0A9F886ED010ABDEC2C
:10791000028BBDE8F081F5EEC08AF1EE10FA03DDCE
:10792000D4ED080A80EEA80A94ED022AD5ED0C1ACF
:10793000D7ED010A94F83110B0EE401AB0EE420AC9
:1079400003F01EFEB0EE481AF1EE480A00F086F889
:1079500086ED010ADBE7F5EEC08AF1EE10FA09DDEB
:10796000D4ED030AB0EE481A80EEA80AF1EE480AF8
:1079700000F074F886ED010AC9E7F1EE480A94EDCB
:10798000040AB0EE481AF0EE608A00F067F886ED5F
:10799000000A94ED050AB0EE481AF0EE680A00F00D
:1079A0005DF886ED010AB2E70000000070B50446FC
:1079B0002DED028B0D462878062825D194ED0B1A63
:1079C000D2ED000A95ED010A95F83010201D03F064
:1079D000C5FDB0EE408A206802F0DDFDD5ED090A54
:1079E00000EE808A206802F0B9FDF0EE408A20683F
:1079F00002F0B4FDF1EE400AB0EE681AB0EE480AAB
:107A000000F02CF884ED090ABDEC028B70BD10B5B6
:107A10002DED028B30EE608AB0EE480AFEF7C6FD0F
:107A200038EE400A10EE100AB0F17C5F03DDF7EE8D
:107A3000000A30EEC00ABDEC028B10BDB4EEE00AC5
:107A4000F1EE10FA02D2B0EE600A7047B4EEC10A4D
:107A5000F1EE10FAF9DDB0EE410A7047B4EEE00A3B
:107A6000F1EE10FA02D2B0EE600A7047B4EEC10A2D
:107A7000F1EE10FAF9DDB0EE410A7047B4EEE00A1B
:107A8000F1EE10FA02D2B0EE600A7047B4EEC10A0D
:107A9000F1EE10FAF9DDB0EE410A704710B5044678
:107AA000D4F88000804784ED010AC4ED020A84ED19
:107AB000031AF6EE001A00EEE10A01EE610ADFEDAC
:107AC000081A20EE210A84ED040A30EEC10ADFED27
:107AD000050A20EE200A20EE210A84ED050A10BDD9
:107AE000ABAA2A3FD7B35D3F642001F02BF902F027
:107AF00077F8054C02F0A6F82069401C20610120AF
:107B000002F0BEF8F6E70000DC0C00202DE9F041A1
:107B100007460E4615462F70380A68700224F8078B
:107B20000AD096ED000AA81C02F05CFA96ED010A54
:107B3000A81D02F057FA0A24B8070DD596ED030ADE
:107B4000281902F04FFA241DA4B296ED040A281950
:107B500002F048FA241DA4B2780714D596ED050A60
:107B6000281902F03FFA241DA4B296ED060A28193E
:107B700002F038FA241DA4B296ED070A281902F083
:107B800031FA241DA4B2380718D596ED080A281931
:107B900002F028FA241DA4B296ED090A281902F071
:107BA00021FA241DA4B296ED080AD6ED090A281977
:107BB00020EE200A02F016FA241DA4B2F8060DD514
:107BC00096ED0A0A281902F00DFA241DA4B296EDCA
:107BD0000B0A281902F006FA241DA4B2B8060CD527
:107BE0002819316B02F010FA241DA4B296ED0D0A8B
:107BF000281902F0F7F9241DA4B2780606D596EDEF
:107C0000020A281902F0EEF9241DA4B238060BD599
:107C10002819B16B02F0F8F9241DA4B22819F16BF0
:107C200002F0F2F9241DA4B2F80510D516F8401F91
:107C3000601C80B229557278411C89B22A54B278EE
:107C4000481C80B26A54F278411C8CB22A54B805A0
:107C50000ED50026084F07EB860090ED000A281984
:107C600002F0C0F9241DA4B2761CF6B2082EF2D39D
:107C70002046BDE8F0810000700F002030B5ABB0A9
:107C8000054601F0A1FF0446002C10D01AA801F00F
:107C90003BFF00280BD101AA1AA92046FFF736FFA7
:107CA0000346D5F8644601AACA212846A0472BB04E
:107CB00030BD10B501F08EFF002800D1052010BDA9
:107CC000192001F03FF8054C4FF4FA75284601F0F1
:107CD00039F8E168491CE160F8E70000DC0C00209D
:107CE00030B5034600200022074C09E013F8015B81
:107CF00085EA102534F8155085EA002080B2521C20
:107D00008A42F3DB30BD0000A8E20008016801F5FB
:107D10009B60D1F82C15084710B50446216084ED0E
:107D2000090A201D03F06EFC04F11400BDE81040A8
:107D300003F068BC10B50446201D03F0E6FC04F116
:107D40001400BDE8104003F0E0BC00002DE9F04154
:107D500005462DED028BB0EE408AF0EE608A2C686D
:107D600004F11C00616A8847D4F8CC2394ED080A1A
:107D7000022104F1A0009047D4F82C1504F59B6073
:107D8000884704F21440D4F89C1407468847D4F876
:107D9000A0143846884704F5806695ED091AD6ED9B
:107DA0000D0AB0EE480A0021281D03F0D7FBB0EE03
:107DB000408A95ED091AD6ED0E0AB0EE680A012147
:107DC00005F1140003F0CAFBF0EE400AD4F8AC143D
:107DD000B0EE480A38468847D4F8A4143846884795
:107DE000D4F8A81438468847D6ED190A9FED100A32
:107DF000D4F8D05404F5966060EE800AAC46FCEEF0
:107E0000E00A10EE903AD6ED180A60EE800AFCEE19
:107E1000E00A10EE902AD6ED170ABDEC028B20EE98
:107E2000800ABDE8F041BCEEC00A10EE101A6047AF
:107E300000D0044610B504462DED028B94ED020AE5
:107E4000D4ED030A20EE200AF7EE000A80EE808AC5
:107E5000002C03D15B2109A004F0E6FD94ED0B0A90
:107E600020EE080AD4ED0C0A60EE880A94ED0D1A93
:107E700021EE081ABDEC028B10BD00002E2E5C55C1
:107E80007365725C446576696365735C6465765F8F
:107E90006D6F746F725F70686173655F6375727226
:107EA000656E742E6300000070B504460D46002C0C
:107EB00003D18E2115A004F0B7FD1DB18F2113A0B1
:107EC00004F0B2FD4FF4CD612046F8F77EFA05EBE1
:107ED0004500174900EBC50001EB400004F5BD6407
:107EE000017D04F8C81C407D04F8C70C0020A06682
:107EF000012020640F48E0660F4820670F48606744
:107F00000F48A0670F48E06770BD00002E2E5C553B
:107F10007365725C446576696365735C6465765FFE
:107F2000636F6D6D756E5F756172742E6300000016
:107F3000A9E1000895800008D1800008497F000869
:107F4000957F00083580000810B50446002C03D149
:107F5000602107A004F068FDD4F84C06401CC4F86A
:107F60004C0694F82005BDE8104000F0CFBF00009B
:107F70002E2E5C557365725C446576696365735C2F
:107F80006465765F636F6D6D756E5F756172742E7B
:107F90006300000038B5044600200090002C03D197
:107FA00069211AA004F040FDD4F83406401CC4F83E
:107FB000340694F8220568B104F2235194F82005A0
:107FC0006A460D4604F08AFC50B16FF00200C4F816
:107FD000240638BDD4F83806401CC4F8380638BD2D
:107FE000BDF80020002AFAD011480460D4F83C06FD
:107FF000401CC4F83C06D4F840061044C4F84006BF
:108000002946204601F064FF38BD00002E2E5C5545
:108010007365725C446576696365735C6465765FFD
:10802000636F6D6D756E5F756172742E6300000015
:10803000500000202DE9F04104460D4616461F462B
:10804000002C03D1832109A004F0EEFC94F8220552
:10805000002809D00E4804603B4632462946204697
:10806000BDE8F04101F06ABFBDE8F0812E2E5C55FD
:108070007365725C446576696365735C6465765F9D
:10808000636F6D6D756E5F756172742E63000000B5
:108090005000002070B504460D46002C03D13D2150
:1080A00002A004F0C1FCC4F8505670BD2E2E5C55E1
:1080B0007365725C446576696365735C6465765F5D
:1080C000636F6D6D756E5F756172742E6300000075
:1080D00010B50446002C03D144211DA004F0A4FCDB
:1080E000D4F82C06401CC4F82C0694F8220508B1DC
:1080F000002010BD1F48046094F821251E4B204627
:10810000D4F8501601F0F2FE48B104F22464E0689D
:10811000401CE0604FF0FF302060012010BD94F85B
:1081200020054FF4807104F03FFC48B104F2246450
:10813000E068401CE0606FF001002060012010BD8D
:10814000012084F822050020C4F8240610BD000098
:108150002E2E5C557365725C446576696365735C4D
:108160006465765F636F6D6D756E5F756172742E99
:108170006300000050000020A19F000810B500F02F
:108180003BFDFBF7BBF80649886700EE100ADFED00
:10819000050AB8EE400A80EE801A81ED1F1A10BD64
:1081A000900F0020002474490A2804D2024949682B
:1081B000024A42F820107047001000E0900F0020A3
:1081C0000A2812D209494968094A52F8203002EBBC
:1081D0008000C91A816200EE101AD2ED1F0AB8EEB3
:1081E000400A20EE800A80ED140A7047001000E07B
:1081F000900F002070B504460D46002C03D16D2170
:1082000009A004F011FC1DB16E2107A004F00CFCC4
:108210002570012020710D48A0610D48E0610D48D6
:1082200020620D48606270BD2E2E5C557365725CD5
:10823000446576696365735C6465765F68616C66E6
:108240005F6272696467652E630000004583000801
:10825000F18300085D820008018300082DE9F047E2
:108260000546884617469946002D03D14B211AA092
:1082700004F0DAFB287800EBC00101EB00101F4985
:1082800046186C88A04500D9A046A74200D92746C9
:10829000A14500D84C46287918B900210C460F4654
:1082A0008846717D307D424600F0F6FC8146B17D06
:1082B000307D3A4600F0F0FC40EA090AF17D307D5D
:1082C000224600F0E9FC40EA0A00C5F80880EF60A9
:1082D0002C61BDE8F08700002E2E5C557365725C42
:1082E000446576696365735C6465765F68616C6636
:1082F0005F6272696467652E630000004EE10008EA
:1083000070B504460D46002C03D1672104A004F08B
:108310008BFB0DB1012100E00021217170BD000037
:108320002E2E5C557365725C446576696365735C7B
:108330006465765F68616C665F6272696467652E0A
:10834000630000002DE9F0478046B8F1000F03D12B
:1083500022211DA004F068FB98F8000000EBC0018A
:1083600001EB001021494418002600256719207DE3
:10837000797D00F0C5FC40EA0609797D207D00F09A
:1083800069FC40EA09066D1C022DEFDD217E207D8F
:1083900000F0B6FC40EA0605217E207D42F2BC02D8
:1083A00000F07AFC40EA0506207D00F0A5FD40EAD9
:1083B0000605207D88F80100207D08F1020100F00B
:1083C0008EFD2846BDE8F0872E2E5C557365725CE5
:1083D000446576696365735C6465765F68616C6645
:1083E0005F6272696467652E630000004EE10008F9
:1083F0002DE9F0410446002C03D13B210FA004F0ED
:1084000013FB207800EBC00101EB00101449451864
:10841000002700242E19287D717D00F082FC40EA9F
:108420000708717D287D00F026FC40EA0807641CDF
:10843000022CEFDD3846BDE8F08100002E2E5C55A1
:108440007365725C446576696365735C6465765FC9
:1084500068616C665F6272696467652E6300000024
:108460004EE1000882B00648818AADF80410807D94
:108470008DF806000198002102B000F0D5BB000085
:108480003800002082B00648818AADF80410807D53
:108490008DF806000198012102B000F0C5BB000074
:1084A00038000020002801D00720704707207047BF
:1084B0002DE9F04188B004460F4615461E46002CB3
:1084C00003D16A2139A004F0AFFA1DB96B2137A09E
:1084D00004F0AAFA1EB96C2134A004F0A5FA1FB169
:1084E0006D2132A004F0A0FA40F23C512046F7F78B
:1084F0006CFFFFF7B7FF27703846FFF7D3FF6070B8
:108500000220207604F160003946804600F0DCF855
:10851000D4F898109FED2C0A40468847D4F8942050
:10852000002140469047C4F81C80284860622848D3
:10853000A062617800230A2204F1A00001F09DFDF1
:1085400014216846F7F741FF01208DF8000021480B
:108550000490694604F5777002F0A0FC394604F5F2
:108560009660FFF747FE04F59B60DFED1B0A9FED69
:108570001B0A804600F0E6F91948D0E9001280682D
:10858000CDE90512079005A9D4F834750EC9404607
:10859000B847294665603246A66004F2144000F0F0
:1085A00043FDFFF76FFF08B0BDE8F0812E2E5C554C
:1085B0007365725C446576696365735C6465765F58
:1085C0006D6F746F722E630000000000758F0008DD
:1085D0006F8F0008798B00080AD7233C00004842BF
:1085E000C0E1000882B00078074AC0EB001002EB3F
:1085F0004000028BADF80420807E8DF806000198C3
:1086000002B000F011BB000030E1000890ED020A5A
:10861000DFED0D0A9FED0D1AB8EE400A20EE200A9C
:1086200060EE010A90ED060A30EEC00AC0ED040AC1
:1086300080ED050AB5EEC00AF1EE10FA01DA30EE6F
:10864000010A80ED030A7047000000350000B443C2
:108650001CB504460020009001906A460321204684
:1086600002F0A0FBBDF80200BDF80410400140EA92
:10867000D120A060216A012902DD0249081AA06008
:10868000A0681CBDFFFF1F0010B50446002C03D1DD
:10869000A22105A004F0C8F92046FFF7D9FF204623
:1086A000BDE81040FFF7B2BF2E2E5C557365725CBB
:1086B000446576696365735C6465765F6D743638AE
:1086C00033352E630000000070B504460D46002CC3
:1086D00003D1A9210BA004F0A7F940212046F7F708
:1086E00074FE25700F4860620F48A0620F48E06278
:1086F0000F4820630F4860630F48A0630F48E06392
:1087000070BD00002E2E5C557365725C4465766901
:108710006365735C6465765F6D74363833352E63DC
:1087200000000000898600080D86000851860008B8
:108730004587000841870008E5AD000889AD0008BD
:108740000162704780ED060A704700002DE9F35F73
:1087500082460024254600263746A046C146BAF187
:10876000000F03D16E211EA004F05EF901980028CD
:1087700034D04FF0000B16E0504600F06DF8DAF8F8
:108780001400041945EBE075DAF81800861947EB78
:10879000E077DAF81C0010EB080849EBE0790BF100
:1087A000010B1FFA8BFB01988345E5D3002320467C
:1087B0002946019AF7F7BFFDCAF82000002330468A
:1087C0003946019AF7F7B7FDCAF82400002340465E
:1087D0004946019AF7F7AFFDCAF82800BDE8FC9FAB
:1087E0002E2E5C557365725C446576696365735CB7
:1087F0006465765F6D6F746F725F70686173655FDB
:1088000063757272656E742E6300000010B50446C5
:10881000002C03D1822105A004F006F994ED0E0A84
:10882000D4ED0F0A94ED101A10BD00002E2E5C55E9
:108830007365725C446576696365735C6465765FD5
:108840006D6F746F725F70686173655F637572726C
:10885000656E742E6300000010B50446002C03D131
:10886000452109A004F0E0F86178207800F098F93B
:108870006061E178A07800F093F9A06161792079D6
:1088800000F08EF9E06110BD2E2E5C557365725CB0
:10889000446576696365735C6465765F6D6F746F5C
:1088A000725F70686173655F63757272656E742E56
:1088B0006300000010B504462DED028B9FED158A74
:1088C000002C03D14F2114A004F0AEF8216A606996
:1088D000401A00EE100AB8EEC00A20EE080A84ED35
:1088E0000B0A616AA069401A00EE100AB8EEC00ACD
:1088F00020EE080A84ED0C0AA16AE069401A00EE35
:10890000100AB8EEC00A20EE080A84ED0D0ABDEC8C
:10891000028B10BD3333533A2E2E5C557365725C57
:10892000446576696365735C6465765F6D6F746FCB
:10893000725F70686173655F63757272656E742EC5
:108940006300000010B504462DED028BB0EE408AA6
:10895000F0EE608A002C03D1982111A004F064F895
:1089600084ED028AC4ED038A9FED180A84ED040A9F
:10897000002020626062A062A063E0632064606403
:10898000A064E06412482065124860651248A06542
:108990001248E06512482066BDEC028B10BD000055
:1089A0002E2E5C557365725C446576696365735CF5
:1089B0006465765F6D6F746F725F70686173655F19
:1089C00063757272656E742E630000006666663FA2
:1089D0002D8A0008E18A00080D880008E589000852
:1089E0004D8700081FB50446002C03D1652104A063
:1089F00004F01AF801A8203407C807C41FBD0000FE
:108A00002E2E5C557365725C446576696365735C94
:108A10006465765F6D6F746F725F70686173655FB8
:108A200063757272656E742E630000002DE9FC5F41
:108A30000646002E03D122211DA003F0F5FF0020E1
:108A40000190009000270024DFF890A00DF10409A8
:108A50004FF0010BE84604EB440000EBC4000AEBC6
:108A60004000057D681E032803D32C2110A003F0CD
:108A7000DBFF06F8145019F8050006EB4401401C12
:108A8000487009F8050008F805B0641C032CE2DB07
:108A9000012418F8040020B1204600F09BF800B132
:108AA0000127641CE4B2042CF3D33846BDE8FC9FD4
:108AB0002E2E5C557365725C446576696365735CE4
:108AC0006465765F6D6F746F725F70686173655F08
:108AD00063757272656E742E6300000067E10008B2
:108AE00010B50446002C03D1892118A003F09CFF87
:108AF0002046FFF7B1FE2046FFF7DCFE2046FFF7D9
:108B000099F9D4ED041AD4ED112A21EE802AB7EE9A
:108B1000000A30EE610A00EE222A84ED0E2A61EE90
:108B2000A00A94ED122A40EE020AC4ED0F0A61EE8B
:108B3000810A94ED131A40EE010AC4ED100AD4E93B
:108B40000F12A06B443407C410BD00002E2E5C55DC
:108B50007365725C446576696365735C6465765FB2
:108B60006D6F746F725F70686173655F6375727249
:108B7000656E742E630000009FED010A70470000CF
:108B800000000000FA2000F0DDF8044C0A2000F09C
:108B9000D9F8A069401CA061F8E70000DC0C0020B7
:108BA00010B50C4600F08EFC4FF6FF7220B1611E2E
:108BB000042903D3002104E0104610BD044951F8F4
:108BC000241019B1BDE81040F8F796BB104610BD4F
:108BD000DCE1000810B500F075FC04464CB12046FD
:108BE000F8F7A2FB2068416841F0200141600020B5
:108BF00010BD012010BD00000848016841F08071DF
:108C0000016008490648086006480021503041606C
:108C1000016841F00101016070470000FCED00E0D7
:108C200055CEACC5B00F00E073B50D469DF8000001
:108C300000F05EFC0446002C0BD09DF8010000F013
:108C40004EFC014602B02A462046BDE87040F9F7C6
:108C50005DBE7CBD70B50D4600F06EFC044644B1AF
:108C6000284600F05DFC01462046FBF76BF800202B
:108C700070BD012070BD70B50D4600F05DFC04466E
:108C800044B1284600F04CFC01462046FBF7C8F8EA
:108C9000002070BD012070BD70B50E46154600F075
:108CA0004BFC0446DCB1304600F03AFCC8B130461B
:108CB00000F036FC042817D0304600F031FC0828BC
:108CC00015D0304600F02CFC0C2813D0304600F0B4
:108CD00027FC102811D02068C564002070BD012039
:108CE00070BD20684563F8E720688563F5E7206874
:108CF000C563F2E720680564EFE720688564ECE768
:108D000070B50D4600F018FC044644B1284600F04A
:108D100007FC01462046FBF7E5FB002070BD012063
:108D200070BD70B50D4600F007FC044644B12846FE
:108D300000F0F6FB01462046FBF76AFC002070BD00
:108D4000012070BD02F058BA03F0E6BE03F004BF84
:108D5000072813D2DFE800F01204070A0C0E1000F7
:108D60006FF0010070474FF0FF30704700207047F0
:108D70000120704702207047032070470020704791
:108D800008B500200090684602F043FA08BD10B50F
:108D9000002804D002F052FA18B1012010BD0120C1
:108DA00010BD002010BD10B504460846002C08D0A8
:108DB00000F03EF80146204602F068FA18B10120A2
:108DC00010BD012010BD002010BD00002DE9F041B4
:108DD0008C46069F1E4600240020144DC0EBC001A7
:108DE00005EB8101097EB9B1401C0828F6DBC4B14E
:108DF000C4F804C01046FFF7ABFF20810020E060FC
:108E0000B00820613946204602F074FA606150B122
:108E100001212176BDE8F081C0EBC00005EB8004A4
:108E2000E5E70020F6E70020F4E70000181700202F
:108E3000411C00D1481E704701B582B0029803F072
:108E4000F6FA00280ED0BDF80900ADF804009DF830
:108E50000B008DF80600019803B001215DF804EBCA
:108E6000FFF7E2BE0EBD01B582B0029803F0DFFA53
:108E700000280ED0BDF80900ADF804009DF80B00E5
:108E80008DF80600019803B000215DF804EBFFF7B0
:108E9000CBBE0EBD2DE9FF4381B00E460C9D17469B
:108EA00098469DF8040000F031FB04469CB10198FF
:108EB0008146FFF7D8FF43463A46314620460095A3
:108EC000FAF748FD04464846FFF7B6FF2CB10120EB
:108ED00005B0BDE8F0830120FAE70020F8E710B5FF
:108EE0000C4600F029FB28B10068C06A401C2080B5
:108EF000002010BD012010BD10B500F01DFB18B101
:108F0000FBF71EF8002010BD012010BD10B504466F
:108F1000204600F01BFB98B10068C169C1F3001145
:108F200061B110210162074904EBC400012201F87C
:108F3000202001EB80000169491C0161002010BD67
:108F4000012010BDF817002070B50C4615461E46CE
:108F500000F0FCFA38B133462A462146FBF7ACFE56
:108F600018B1012070BD012070BD002070BD90EDD2
:108F7000010A704770B505462C682046616A88472B
:108F8000A16A2046884785ED010A70BD7047000040
:108F900010B504462DED028BD4ED010AB8EE608ABF
:108FA00084ED700A94F8D80100282AD0D4ED710A13
:108FB00030EE600A84ED720A20EE080A84ED730A2E
:108FC00004F5F47003F0EAF984ED740AD4ED750A3F
:108FD00030EE600A84ED770A20EE080A84ED780A04
:108FE00004F51E7003F0DAF984ED790A94ED700A45
:108FF00084ED710A94ED740A84ED750ABDEC028B60
:1090000010BD84ED710A9FED040A84ED750A0120FC
:1090100084F8D801F2E700000000000090ED790A22
:10902000704790ED740A704770B504460D461646B9
:109030009C212046F7F7C9F944F8805F666005482F
:10904000A0600548E060054820610548606105486A
:10905000A06170BD9D7A000871B30008C19A000834
:109060006990000845C30008B7EE000A80ED150AB4
:1090700090ED061A80ED0C1AD0ED071AC0ED0D1A0E
:10908000C0ED0F1ADFEDAA0AB6EE002A61EE200A43
:1090900041EEC20AC0ED100ADFEDA62A21EE221A27
:1090A00001EEC21A80ED111AF5EEC01AF1EE10FAB7
:1090B00001DD012100E00021F5EEC00AF1EE10FA19
:1090C00001DD022200E00022B5EEC01A0A44F1EEF2
:1090D00010FA01DD042100E0002111448163072919
:1090E00032D2DFE801F03132F3049264C400C0ED03
:1090F0001A0AC0ED1C1A30EEA11AB4EEC10AF1EE44
:1091000010FA09D2C0EE012A60EEA20AC0ED1A0AD6
:1091100061EEA20AC0ED1C0A90ED1A1AD0ED1C0AED
:1091200030EE410A30EE600A20EE020A80ED160AA7
:1091300031EE201A31EE001A80ED121A70EE800A1C
:10914000C0ED130A80ED140A7047B1EE411A80EDAC
:109150001C1AF1EE600AC0ED180A70EE811AB4EE26
:10916000E10AF1EE10FA09D2C0EE212A60EEA20A5D
:10917000C0ED180A61EE220AC0ED1C0A90ED181A23
:10918000D0ED1C0A30EE410A30EE600A20EE020AF1
:1091900080ED160A70EE801AC0ED121A71EE200AE8
:1091A00070EE800AC0ED130A80ED140A7047C0ED1E
:1091B000181A80ED191A71EE810AB4EEE00AF1EE88
:1091C00010FA09D2C0EE202A61EEA20AC0ED180AF8
:1091D00061EE220AC0ED190A90ED181AD0ED190AB5
:1091E00030EE410A30EE600A20EE020A80ED160AE7
:1091F00080ED120A31EE201A31EE001A80ED131ABA
:1092000030EE800A80ED140A7047F1EE600AC0ED7E
:10921000190AB1EE611A80ED171A71EE201AB4EE38
:10922000E10AF1EE10FA09D2C0EE212A21EE221A4B
:1092300080ED171A60EEA20AC0ED190A90ED171A18
:10924000D0ED190A30EE410A30EE600A20EE020A33
:1092500080ED160A80ED120A70EE801AC0ED131A26
:1092600071EE200A30EE800A80ED140A704780ED1E
:10927000171AC0ED1B0A71EE201AB4EEE10AF1EEE6
:1092800010FA09D2C0EE212A21EE221A80ED171A17
:1092900060EEA20AC0ED1B0A90ED171AD0ED1B0A72
:1092A00030EE410A30EE600A20EE020A80ED160A26
:1092B00070EE801AC0ED121A80ED130A71EE200ACA
:1092C00030EE800A80ED140A7047FFE7F1EE610A84
:1092D000C0ED1B0AB1EE411A80ED1A1A71EE201A88
:1092E000B4EEE10AF1EE10FA09D2C0EE212A21EE25
:1092F000221A80ED1A1A60EEA20AC0ED1B0A90ED48
:109300001A1AD0ED1B0A30EE410A30EE600A20EE48
:10931000020A80ED160A31EE201A31EE001A80EDB5
:10932000121A80ED130A30EE800A80ED140ACBE7A2
:10933000D7B35D3FD7B35DBF704710B5044600207B
:1093400094F80724082A78D2DFE802F0040D1A24E2
:10935000384B5B61A52972D1A52084F80604012051
:1093600084F807046BE05A2902D084F8070466E009
:1093700004F2064420785A302070022060705EE0CB
:1093800004F5806408022080A0790844A0710320BD
:10939000E07154E0B4F800240A43A4F8002494F8DF
:1093A0000634194484F80614B2F5806F02D984F8A3
:1093B000070444E0042084F8070440E094F80624FD
:1093C0008A4203D084F80704002010BDA4F80804E2
:1093D000B4F8000418B1052084F807042FE0062033
:1093E000FAE7B4F80804421CA4F808242154B4F89D
:1093F0000804B4F80014884221D3062084F8070436
:109400001DE0A4F80214072084F8070417E0B4F85C
:10941000022442EA0121A4F8021484F80704B4F8F3
:1094200000142046FEF75CFCB4F80214814202D11D
:10943000012010BD01E00020FBE784F807040020B4
:10944000F7E700002DE9F0410746884614464FF043
:10945000FF31002F05D0D7F8100410B1B4F5806F9C
:1094600002D90846BDE8F08114B1B8F1000F24D04C
:10947000134EA52030705A207070200AB070F4701E
:109480002044401E0525307134B1701D22464146EE
:10949000F6F782FF601D85B221464046FEF720FCAC
:1094A000691C8AB27055030A501C81B2B354D7F8B4
:1094B0001024034890470020D4E70846D2E7000074
:1094C000EC000020042801D300207047014951F826
:1094D00020007047CCE1000890ED040A7047102886
:1094E00002D34FF6FF7070470121814088B2704768
:1094F000082801D300207047014951F82000704727
:10950000F0E1000890ED020A70470000042801D342
:1095100000207047014951F82000704710E2000810
:10952000052802D34FF0FF307047024951F8200060
:10953000704700005CE200080F2801D3002070474C
:10954000014951F82000704720E20008072801D3A4
:1095500000207047014951F82000704770E2000870
:10956000F0B593B007460E463C680025D02E0BD0D0
:10957000D12E37D0D22E53D013B031463846BDE865
:10958000F040012202F0E7BC0D950C9509950A9573
:109590000B956CB1A3695BB109AA0CA90DA89847FA
:1095A00060B103223146384602F0D5FC13B0F0BD5D
:1095B00001223146384602F0CEFCF7E70EA80D999D
:1095C00000F02AFD0FA80C9900F026FD09A810ABA9
:1095D00007C807C314230EAA3146384602F0C8FC58
:1095E0000020E3E724B1E06910B18047014600E0C4
:1095F00000210F9510951195129559B10F220FA8C2
:10960000F6F7EEFE10230FAA3146384602F0B0FC02
:109610000020CBE701223146384602F09CFCC5E72A
:10962000442102A8F6F7D1FE1CB1616809B102A875
:1096300088479DF848008DF8000010986C4681B26C
:10964000601C00F0DDFC0021E01C00F0E5FC0723BD
:109650006A463146384602F08BFC0020A6E7F0B59A
:109660000C46C1B0054611462868A4F1E006002268
:10967000062E7DD2DFE806F00339ACD962813B9239
:109680003A92022B06D206222146284602F063FCBB
:1096900041B0F0BD88B186687EB10878497840EA6B
:1096A00001273BAA3AABD11D3846B047024652B11A
:1096B0002146284602F04FFCEAE7012221462846CF
:1096C00002F049FCE4E739463CA800F099FC9DF81B
:1096D000EC008DF8F2009DF8E8303CAADB1C214636
:1096E000284602F045FC0020D2E7032B05D20622D3
:1096F0002146284602F02FFCCAE7C8B1C668BEB1B1
:1097000008784A7840EA02279B1EDAB2891C38465C
:10971000B0470646394640A800F072FC8DF8026159
:10972000032340AA2146284602F022FC3046AFE738
:1097300001222146284602F00EFCA9E758B1006933
:1097400048B18047024672B141B021462846BDE883
:10975000F04002F000BC41B021462846BDE8F04090
:10976000012202F0F8BB00222146284641B000E069
:1097700083E0BDE8F04002F0E7BB022B07D241B026
:1097800021462846BDE8F040062202F0E4BB78B14D
:1097900042696AB10878497840EA01209047024658
:1097A00072B141B021462846BDE8F04002F0D3BB7B
:1097B00041B021462846BDE8F040012202F0CBBB73
:1097C00041B021462846BDE8F040002202F0BCBB73
:1097D0004092042B05D206222146284602F0BBFB0C
:1097E00056E798B1866A8EB108784A7840EA022036
:1097F0008A78C97842EA012140AB6A46B0470246FE
:1098000052B12146284602F0A6FB41E7012221463B
:10981000284602F0A0FB3BE7BDF800316A4621462E
:10982000284602F0A5FB002032E7042B05D20622D1
:109830002146284602F08FFB2AE7C0B1C66AB6B1BE
:1098400008784A7840EA02208A78CF7842EA0727E7
:109850001B1F0A1D9BB23946B0470646409601239E
:1098600040AA2146284602F083FB304610E7012239
:109870002146284602F06FFB0AE741B02146284600
:10988000BDE8F040012202F066BBF0B599B0054694
:109890000E462868002811D0406878B1442108A8F5
:1098A000F6F793FD2868416808A8884702465AB130
:1098B0003146284602F04FFB19B0F0BD0122314677
:1098C000284602F048FBF7E7A6F1C0006C4602AF5D
:1098D000092873D2DFE800F0050B1D2E3A4F5B67B5
:1098E0007300694608A801F01CFD034670E09DF86E
:1098F00060008DF800009DF861008DF801009DF872
:1099000062008DF802009DF863008DF803000423C7
:109910005EE09DED0D0A684600F06BFB9DED0E0AC2
:10992000201D00F066FB9DED0F0A384600F061FB3C
:109930000C234DE09DED0B0A684600F05AFB9DEDAF
:109940000C0A201D00F055FB082341E09DED100A94
:10995000684600F04EFB9DED110A201D00F049FB0A
:109960009DED100ADDED110A384620EE200A00F0C8
:1099700040FB0C232CE09DED120A684600F039FBF9
:109980009DED130A201D00F034FB082320E09DED1F
:10999000080A684600F02DFB9DED090A201D00F025
:1099A00028FB082314E06846149900F035FB9DED70
:1099B000150A201D00F01DFB082309E00FE0684692
:1099C000169900F029FB201D179900F025FB0823AC
:1099D0006A463146284602F0CBFA00206CE70122A5
:1099E0003146284602F0B7FA66E72DE9F043A1B008
:1099F000064689463068002814D0406A90B100209D
:109A0000009010240025306822466946436A11A858
:109A10009847024672B14946304602F09CFA21B09E
:109A2000BDE8F08321B049463046BDE8F04300224E
:109A300002F08ABA9DF80000102800D90094002492
:109A400011AF0DF104080BE007EB840090ED000A64
:109A500008EB050000F0CDFA2D1DADB2641CE4B298
:109A60009DF800008442EFD32B4601AA49463046B8
:109A700002F07EFA0020D2E710B5FEF77FFBBDE8CA
:109A800010409FED020A00F0FBBB000000401C46A6
:109A90004FF4FA70FFF756F9044C4FF47A752846E4
:109AA000FFF750F9E169491CE161F8E7DC0C00209F
:109AB000EFF30580002801D0012070470020704797
:109AC00010B50446D4F88400804784ED000AF6F708
:109AD000CDFF84ED1E0A94ED000AF6F77BFF84EDBE
:109AE0001F0AD4ED0A1AD4ED0B0A94ED1E1A21EECA
:109AF000802A00EEC12A84ED062A21EE811A00EEAA
:109B0000801A84ED071A10BD2849002847D091ED2E
:109B1000170A243000ED090A91ED180A00ED080A31
:109B200091ED200A00ED070A91ED070A00ED060A03
:109B300091ED080A00ED050A91ED020A00ED040A14
:109B400091ED030A00ED030A91ED040A00ED020A0B
:109B500091ED1C0A00ED010A91ED1D0A80ED000A4D
:109B600091ED220A80ED010A91ED230A80ED020AAF
:109B70008A6DC26091ED150A80ED040AD1F8942037
:109B80004261D1F8982082618A780277CA78427758
:109B90000A7982772438097819B1012102E003207B
:109BA0007047002180F84310002070473C0D0020D2
:109BB0000048704790DD000800F046BD014800787D
:109BC000704700001C0000200148408870470000DA
:109BD0001C00002001488088704700001C00002005
:109BE00010B5104C6068002804D101210846FFF729
:109BF000C7F86060606810B10021FFF7D4F8002159
:109C00000948FEF751F9FFF7D3FF074C01462046FC
:109C1000D4F8542690472046D4F85816BDE8104092
:109C20000847000004000020B010002004488168AC
:109C3000491C81604068002801D0FFF7A8B8704730
:109C40000400002070B50C48D0F860168847FFF774
:109C5000B5FF0A4C002568B1FEF72BF82178491CA6
:109C6000C9B22170884206D82570BDE8704002480C
:109C7000FEF704B8257070BDB0100020040000206D
:109C800010B50146094C6068002806D0FFF78BF834
:109C900040B12069401C206110BDBDE8104008465D
:109CA000FFF750B8E068401CE06010BD04000020E1
:109CB0002DE9F0410C46114605461A46002D0ED0FE
:109CC0000020A5F80601CB2C0CD0A4F1C000082878
:109CD0003CD821462846BDE8F041FFF7D6BD032019
:109CE000BDE8F0810020032A06D221462846BDE8BF
:109CF000F041062202F02FB92B68CBB11B6ABBB131
:109D00000F784E7891F802C046EA0C26052A03D354
:109D1000C878097940EA012002463146384698471A
:109D2000024662B121462846BDE8F04102F013B96F
:109D300021462846BDE8F041012202F00CB9214637
:109D40002846BDE8F041002202F0FEB8C92C09D037
:109D5000A4F1D00002280BD821462846BDE8F041E6
:109D6000FFF7FEBB21462846BDE8F041FFF73DBEA8
:109D7000A4F1E000052807D813460A4621462846E4
:109D8000BDE8F041FFF76BBCF22C13D0F02C19D0DA
:109D9000F12C4AD0B82C7DD82868E8B30368DBB32F
:109DA000204698470246C2B321462846BDE8F04106
:109DB00002F0D1B8286818B103680BB12046984763
:109DC00000208DE772B1286898B1026B8AB10E78D5
:109DD000701E7F2814D321462846BDE8F041022298
:109DE00002F0B9B821462846BDE8F041062202F04B
:109DF000B2B821462846BDE8F041012202F0ABB8D6
:109E00003046904702462AB121462846BDE8F04137
:109E100002F0A1B82E7101E034E03AE0324621466A
:109E20002846BDE8F04102F08FB86AB1286890B1C9
:109E3000426B82B10878032814D921462846BDE830
:109E4000F041022202F087B821462846BDE8F041E1
:109E5000062202F080B821462846BDE8F0410122E2
:109E600002F079B8904702462AB121462846BDE85B
:109E7000F04102F070B821462846BDE8F0410022CA
:109E800002F062B821462846BDE8F041012202F006
:109E900062B800E006E021462846BDE8F041002215
:109EA00002F052B821462846BDE8F041012202F0F6
:109EB00052B870B504460D461646002C06D04FF435
:109EC00084712046F6F781FA2560267170BD000086
:109ED000002807D0002905D0034B186000F58470D6
:109EE00002F034BC704700001800002070B5044632
:109EF0001D464FF0FF36002C11D085B12046FFF7EC
:109F0000D8FFC4F81C550A48046004F584704FF467
:109F10008061044602F002FC18B1304670BD304644
:109F200070BD044A0449204602F009FC002070BDBF
:109F300018000020E1B100089DB1000870B5C2B062
:109F4000002819D0B3F5807F16D88DF8041052B1CF
:109F50004BB1002101AC04E06618555C7570491CDA
:109F600089B29942F8D35B1C9AB20449086001A9EE
:109F700000F5847002F0E1FB42B070BD18000020D3
:109F800008B50178427841EA02218278C07812044B
:109F900042EA0060014300919DED000A08BD000007
:109FA00070B505460E4C2068002810D00A4690F87F
:109FB000200514232946FEF7C7FF48B1206800F2A8
:109FC0002460416A491C41626FF00301016070BD69
:109FD0002068D0F84416491CC0F8441670BD000033
:109FE0005000002082B08DED010A019902B000F00E
:109FF0000BB882B08DED010A019902B000F00CB8E7
:10A000000170090A4170704701700A0A42700A0C17
:10A010008270090EC170704701700A0A42700A0C02
:10A020008270090EC1707047F8F794FDFBF75AFB78
:10A03000FBF700F8FAF79CFFFAF700FFFAF786FF44
:10A04000FBF780F8FBF7AAF8FBF7D0F8FBF7D0F99D
:10A05000FAF7B4FFFBF7F4F8FBF764F9FBF794F9B0
:10A0600002F00DFDFAF7D2FF01F0CEF8FEE701464F
:10A070000020842900D0C81C704770B586B0064601
:10A080000C461546142101A8F6F79FF98DF80440F7
:10A09000ADF806504FF47A71029101A9304600F0F4
:10A0A00003F806B070BD000070B504460D46002CE4
:10A0B00050D0002D4ED04FF44F712046F6F785F961
:10A0C00028786070686800B901206060287A60753F
:10A0D000688900B90520032800D20320102800D980
:10A0E0001020A4F8A801D5ED040A95ED030A204636
:10A0F00001F00EFB698804F1180002F088F90521CF
:10A1000004F1A80002F083F9052104F5F47002F0CF
:10A110007EF9052104F51E7002F079F904F5427408
:10A120000D4860600D4820600D48E0600D48A0605B
:10A130000D4820610D4860610D48A0610D48E06147
:10A140000D4820620D4860620D48A0620D48E06233
:10A150000D48206370BD00004DAD00084FA20008FF
:10A1600051AD000853A20008D9940008A5C8000802
:10A17000059500084FC3000859C300089DA50008B5
:10A18000918F0008239000081D90000870B59AB0C8
:10A1900004462046FEF7FAFE2078052804D0002069
:10A1A00084F85C001AB070BD94F8941004F10800B3
:10A1B000012904D01AB0BDE8704000F021B8257A1A
:10A1C00094F8D810217200F01BF804F15C013422DD
:10A1D0000E460DA8F6F7E0F825726A460DA904F1BF
:10A1E000940002F015FA0546342269463046F6F727
:10A1F000D3F8002DD6D094F8D8002072D2E7000012
:10A2000001782D2905D2034A52F82110002900D0E7
:10A2100008477047C8DD000870B504462DED028B75
:10A220000D46B0EE408A8C212046F6F7CEF8256523
:10A2300084ED228A0020207084F85400032084F8E2
:10A240008400022084F88500BDEC028B70BD007D87
:10A25000704790F860017047034890ED0E0AD0ED0A
:10A260000F0A90ED101A70472C0B0020014890ED5A
:10A270002C0A7047540600200048704754060020FE
:10A2800070B52DED048B264C264DF7EE000A80EEBE
:10A29000808AB1EE040A68EE008AB2EE040A28EE63
:10A2A000009A0020C4F87C06C4F8800684F884066E
:10A2B000284601F085F91C4B1C4A00212046FEF778
:10A2C000F7F8B0EE480A294604F23C5002F0B8F81C
:10A2D000204600F0D3F8F0EE680AB0EE490A2946AD
:10A2E00004F5C360FDF785FA04F24C60B0EE480A4D
:10A2F00021460546FDF710FD2846FDF707FDD4F879
:10A30000281504F59B608847D4F8C81404F59660B6
:10A310008847207EBDEC048BBDE87040FEF7ECBDA5
:10A32000540600201C0E00206DA2000859A200084F
:10A330002DE9FF47354CD4F87C06401CC4F87C0658
:10A34000052801D3012700E00027D4F88006401C2F
:10A35000C4F880060A2801D3012500E00025002664
:10A360000FB1C4F87C660DB1C4F880662B463A463E
:10A370006946204600F09EF894F8840620B12046F5
:10A3800000F058F884F8846615B1012084F884063A
:10A3900004F23C50FFF7FAFE204600F06FF81B482D
:10A3A00094F83C1500F24C6800F5806600F5C3692E
:10A3B000052913D04846FDF743FA40460446FDF709
:10A3C000B9FC9FED130A86ED9D0A86ED9E0AF0EE1C
:10A3D000400A2046FDF7BAFCBDE8FF87DFF834A04D
:10A3E00025B16A4651464846FDF7E0FA37B104F216
:10A3F00074636A4651464846FDF732FAD6ED9E0A26
:10A4000096ED9D0A4046FDF7A1FCE5E754060020C5
:10A4100000000000EC0B002010B50146034801F0DD
:10A420009BF9BDE81040024800F028B8900B0020CE
:10A43000540600202DE9F04104460F4D05F1E006D9
:10A4400004F214410F4605F1080001F05CFC04F130
:10A45000A00104F57772884605F14C0001F08CFCF0
:10A46000334642463946284601F0B2FC2046BDE854
:10A47000F04100F003B800003C0D00200C4900F250
:10A480003C500278042A0ED0052A0CD000238A7092
:10A49000027ACA7042780A710B700078052804D0DD
:10A4A0000020487070470123F1E70120F9E7000020
:10A4B0003C0D00202DE9F04106460D4606F1A004B2
:10A4C00006F57777002B0CD0D4F82C2394ED020AF4
:10A4D0000F2120469047F96A94ED020A38468847D2
:10A4E00007E032B1D4F82C2394ED020A042120466F
:10A4F0009047396B3846884785ED000AD4ED520AFB
:10A50000C5ED010A06F58066D6ED0D0AC5ED020A15
:10A51000D6ED0E0AC5ED030A86ED5B0A95ED010A3C
:10A5200086ED5C0A95ED020A86ED600A95ED030A58
:10A5300086ED610ABDE8F08190ED2F0A704790ED3D
:10A540002C0A704790ED2E0A704790ED2B0A704749
:10A5500090ED2D0A704790ED090A704790ED0D0AB5
:10A560007047401C704790ED0C0A704790ED120A3E
:10A57000704790ED3D0A704790ED3C0A704790EDB2
:10A580000F0A704790ED390A704790ED380A70470E
:10A5900090ED370A704790ED3A0A704710B50446BF
:10A5A000002C31D084ED020A03291DD008DC0129DA
:10A5B00001D0022928D12046BDE8104002F0F2B8AF
:10A5C000042911D00F291FD1204602F0EBF894ED99
:10A5D000020A204602F006F9204602F0D5F820468D
:10A5E000BDE8104002F05EB9204602F0DBF894EDC1
:10A5F000020A204602F0F6F8204602F0C5F820468E
:10A60000BDE8104002F04EB910BD000010B50028A2
:10A6100006D04FF4AA720449F5F7BEFE002010BD23
:10A620006FF0040010BD0000DCDF00086FF00402D2
:10A63000002803D01F2903D91046704710467047E1
:10A6400001700020704700002DE9F041002805D07E
:10A6500001781F2905D90120BDE8F0816FF00400C1
:10A66000FAE7FA4B4169FA4A1944914201D30320AF
:10A67000F2E7F84982695418F74A944201D304205A
:10A68000EAE7C4692144914201D30520E4E7F34A93
:10A69000016A1144F24A914201D30620DCE7DFF857
:10A6A000C4C3416AF04A6144914201D30720D3E711
:10A6B00090F82810491E402901D30820CCE7EB4A26
:10A6C000C16AEB4F1144B94201D30920C4E7016BC1
:10A6D000E84C1144A14201D30A20BDE7E64C416B8E
:10A6E000E64D2144A94201D30B20B5E7E44E816B2E
:10A6F000DFF890833144414501D30C20ACE7DFF80B
:10A700008883C16B4144B1F1C47F01D90D20A3E717
:10A71000016CDFF878833144414501D30E209BE77B
:10A72000416C1144B94201D30F2095E7816CD84F99
:10A730001144B94201D310208EE7D64FC16C394481
:10A74000D54FB94201D3112086E7016D1944D34B8F
:10A75000994201D312207FE7416DD14BA1F5985169
:10A760008839994201D3132076E7816DCD4BA1F54D
:10A770007A71994201D314206EE7C16DCA4BA1F1E1
:10A780007E51994201D3152066E7016EC74F1144EF
:10A79000B94201D316205FE7416EC54F1144B9425B
:10A7A00001D3172058E790ED1A0AB5EEC00AF1EE72
:10A7B00010FA04D310EE101AB1F17C5F01DD1820FD
:10A7C0004AE7C16EBB4F6439B94201D3192043E750
:10A7D00090F97010491C032901D31A203CE7B64FA9
:10A7E000816FB94202D8B54FB94201DD1C2033E771
:10A7F00090ED1F0AB5EEC00AF1EE10FA05D310EE87
:10A80000101A4FF07E57B94201DD1D2024E790F861
:10A8100080100A2901D91E201EE790F88110012915
:10A8200001D91F2018E7D0F88410A1F17E51994278
:10A8300001D3202010E790F88810012901D92120A8
:10A840000AE790ED230A9E4B10EE101A994204D8A5
:10A85000B5EEC00AF1EE10FA01DD2220FCE690ED23
:10A86000240AB5EEC00AF1EE10FA04D310EE101A65
:10A87000944B994201DD2320EEE690F894100129D3
:10A8800001D92420E8E690F898100A2901D925205A
:10A89000E2E6D0F89C10DFF830821144414501D344
:10A8A0002620D9E6D0F8A0106144DFF820C2614527
:10A8B00001D32720D0E6DFF818C2D0F8A4106145F4
:10A8C00003D8DFF810C2614501DD2820C4E6D0F8C6
:10A8D000A810DFF804C21144614501D32920BBE66A
:10A8E00090ED2B0AB5EEC00AF1EE10FA05D310EE8A
:10A8F00010CA634949428C4501DD2A20ACE690ED3F
:10A900002C0AB5EEC00AF1EE10FA03D310EE10CA0D
:10A910009C4501DD2B209FE690ED2D0AB5EEC00A87
:10A92000F1EE10FA03D310EE10CA8C4501DD2C2095
:10A9300092E690ED2E0AB5EEC00AF1EE10FA03D3BE
:10A9400010EE10CA9C4501DD2D2085E690ED2F0A02
:10A95000B5EEC00AF1EE10FA03D310EE10CA8C4522
:10A9600001DD2E2078E690ED300AB5EEC00AF1EE5A
:10A9700010FA03D310EE10CABC4501DD2F206BE6A0
:10A9800090ED310AB5EEC00AF1EE10FA05D310EEE3
:10A9900010CADFF84881C44501DD30205CE6D0F8FC
:10A9A000C8C0DFF83C81ACF17C5CC44501D33120E8
:10A9B00052E6D0F8CCC06644DFF828C1664501D322
:10A9C000322049E690ED340AB5EEC00AF1EE10FAF5
:10A9D00003D310EE106ABE4201DD33203CE690ED59
:10A9E000350AB5EEC00AF1EE10FA05D310EE106A82
:10A9F0004FF0804C664501DD34202DE690ED360A9F
:10AA0000B5EEC00AF1EE10FA03D310EE106A6645F7
:10AA100001DD352020E690ED370AB5EEC00AF1EEF3
:10AA200010FA03D310EE106A8E4201DD362013E6D1
:10AA300090ED380AB5EEC00AF1EE10FA03D310EE2D
:10AA4000106A9E4250DD372006E6000091ED7CC57D
:10AA500092ED9C06543AD8C85F11FC04E9482EC711
:10AA6000B715FB04F628DCC3F728FC04333333C2E4
:10AA70003433FB0434337B050000E0BE01005A038D
:10AA8000000038BD010032020000C0BE0140D40306
:10AA90003433C9056B4029CC76174D0892EDFC0480
:10AAA00019730100B98201000100FA043433B301C3
:10AAB0003433AD06DD410F00F90F49C0F90F4940AD
:10AAC00000007AC400007A4434337B04F7287C0405
:10AAD000560EC9C0560EC9403433D3030000A040FF
:10AAE000343373000140D40290ED390AB5EEC00A48
:10AAF000F1EE10FA03D310EE106A8E4201DD382019
:10AB0000AAE590ED3A0AB5EEC00AF1EE10FA03D3C9
:10AB100010EE106ABE4201DD39209DE590ED3B0A42
:10AB2000B5EEC00AF1EE10FA03D310EE106ABE4281
:10AB300001DD3A2090E590ED3C0AB5EEC00AF1EE59
:10AB400010FA03D310EE106A9E4201DD3B2083E52C
:10AB500090ED3D0AB5EEC00AF1EE10FA03D310EE07
:10AB6000106A8E4201DD3C2076E590ED3E0AB5EE9E
:10AB7000C00AF1EE10FA03D310EE106A8E4201DD26
:10AB80003D2069E590ED3F0AB5EEC00AF1EE10FAFE
:10AB900005D310EE106ADFF88CC1664501DD3E205A
:10ABA0005AE5D0F800612644AE4201D33F2053E578
:10ABB000D0F80461A6F17E56B6F1527F01D940204B
:10ABC0004AE5D0F808612644B6F1D47F01D9412086
:10ABD00042E590F80C61012E01D942203CE5D0F805
:10ABE00010612644AE4201D3432035E590ED450A7D
:10ABF000B5EEC00AF1EE10FA03D310EE105ABD42C2
:10AC000001DD442028E5D0F818514FF07276A5F107
:10AC10007E55B54201D945201EE590ED470AB5EEB7
:10AC2000C00AF1EE10FA03D310EE105A9D4201DD76
:10AC3000462011E590ED480AB5EEC00AF1EE10FA93
:10AC400003D310EE103A8B4201DD472004E590ED6E
:10AC5000490AB5EEC00AF1EE10FA03D310EE103A2D
:10AC60008B4201DD4820F7E4D0F8281111442E4A28
:10AC7000914201D34920EFE4D0F82C112B4AA1F1E5
:10AC80007E51914201D34A20E6E4294AD0F830119E
:10AC900011444FF42802914201D94B20DCE4D0F852
:10ACA0003411A1F17E51B14201D94C20D4E4214BA1
:10ACB000D0F838111944B1F1947F01D94D20CBE47B
:10ACC0001D4BD0F83C111944B1F1A87F01D94E2099
:10ACD000C2E4D0F84011194B2144994201D34F20CE
:10ACE000BAE4174BD0F844111944914201D95020CD
:10ACF000B2E490ED520A134A10EE101A914204D8B1
:10AD0000B5EEC00AF1EE10FA01DD5120A4E4D0F84E
:10AD10004C010D496438884201D352209CE4002044
:10AD20009AE40000000020413433530301009604EC
:10AD30000000E0BD000060BE000060BF0100DA035B
:10AD40000000B8BD000020C23D86010001757047BB
:10AD500080F86011704770471CB5044600210191CE
:10AD6000009101AA0921204600F01CF86A460A2138
:10AD7000204600F017F89DF804009DF8001000012F
:10AD800040EA11101CBD000010B5FFF7E5FF00EE12
:10AD9000100ADFED030AB8EE400A20EE200A10BDCB
:10ADA0005839B43D7CB50446154641F440500190F5
:10ADB00000212046FDF716FCC820009021780323CF
:10ADC000C1EB011006492A4601EB400001A9406988
:10ADD000FEF760F801212046FDF704FC7CBD000071
:10ADE00030E1000870B50646DFED110A9FED111A3B
:10ADF00060EE200A80EE810AFBF768FCBCEEC00A18
:10AE000010EE100A80B2B0F5805F01D3002070BD53
:10AE1000C0F307120007040E0921304600F00CF8B9
:10AE2000054622460A21304600F006F8284070BD4B
:10AE3000E12E65425839B43D1FB5044612A00068A2
:10AE4000039042F4C040029000212046FDF7CAFB67
:10AE5000C820009020780D49C0EB001001EB4000A5
:10AE60000323406903AA02A90190FEF713F8012108
:10AE70002046FDF7B7FB9DF80E00552802D00020B4
:10AE800004B010BD0120FBE70000FF0030E1000826
:10AE900090ED050A704780697047000070B5044660
:10AEA0000D46002C12D0002D10D038212046F5F789
:10AEB0008CFA142229462046F5F76EFA0448A0625F
:10AEC0000448E062044820630448606370BD0000E9
:10AED000F1B0000839B1000891AE000897AE000843
:10AEE0002DE9F04F80462DED068B83B08B4614463E
:10AEF000B8F8029098F90800002800D1012000EE6F
:10AF0000100ADBED000AB8EEC00A20EE800A00F05D
:10AF100031F99FED468A80EE08AA032C01D3022660
:10AF200001E0641EE6B298F80000022802D1012E6A
:10AF300000D90126012700240DF1040A1FE008EBC7
:10AF4000040090F9090000B9012000EE100A651C08
:10AF50000BEB8501B8EEC00AD1ED000A20EE800AA5
:10AF600000F008F9C0EE080A0AEB8400C0ED000A00
:10AF700008EB450040882DF814004743ECB2B4427A
:10AF8000DDD34FF0000BDFED2A9A002532E000EE12
:10AF9000105AB8EEC00A30EE0A9A9FED268A0024B5
:10AFA0001DE000EE109A3DF81400B8EE400A69EE7C
:10AFB000000A00EE100AB8EE400AC0EE808AB0EE39
:10AFC000680AFBF7F3FA38EEC00A0AEB8400D0ED0A
:10AFD000000AFCF71CFD30EE088A641CE4B2B4429F
:10AFE000DFD3B4EEE98AF1EE10FA02D2F0EE489A1D
:10AFF000AB466D1CBD42CADBC8F818B000EE10BAF3
:10B00000DFED0D0AB8EEC00A30EE0A0A20EE200A83
:10B0100088ED070A98ED070A88ED050A98ED070AFA
:10B0200003B0BDEC068BBDE8F08F00000000B44318
:10B03000CAF2497100000000DB0FC94010B5044698
:10B040002DED028BB0EE408AA089002801D14FF48B
:10B050007A70A18C9FED220ADFED228A814208D20C
:10B06000491CA18468EE280AC4ED080ABDEC028BD5
:10B0700010BD206900B1804718EE280A1A49DFED9B
:10B080001B8A10EE100A884202DB30EE688A09E063
:10B09000B5EEC00AF1EE10FA02D230EE288A01E0D5
:10B0A000B0EE408A94ED080A38EE400A01F0FEFF47
:10B0B000D4ED050A30EE800A84ED050A94ED050A08
:10B0C000C0EE280ABDEEE00A84ED060A84ED088A87
:10B0D00094ED050A84ED070A94ED050AC6E7000021
:10B0E0000000000035FA8E3CDB0FC940DB0FC94081
:10B0F00000280BD051B14AB103781BB1022B08D004
:10B10000032B0ED091ED000AFFF798BF9FED090ABF
:10B110007047022A01D3FFF7E3BE91ED000AFFF763
:10B120008DBF022A01D3FFF7DBBE91ED000AFFF7C6
:10B1300085BF00000000000001B52DED020B0122CB
:10B140006946FFF7D5FF0EBD10B52DED028B9FEDC3
:10B15000088AF0EE480AFBF761FAB5EEC00AF1EE94
:10B1600010FA01DA30EE080ABDEC028B10BD0000C7
:10B170000000B4439FED081AC0EE010AFDEEE00A9C
:10B18000F8EEE00A00EEC10AB5EEC00AF1EE10FAE0
:10B1900001DA30EE010A70470000B44370B50F4A7F
:10B1A0001468002C19D0002917D00578012901D97D
:10B1B000401C00E00020491E8BB202462946204672
:10B1C000FEF776FDB4F80621002A06D0611D04F5CD
:10B1D0008470BDE8704001F0B0BA70BD1800002066
:10B1E000044A1268002A04D0D2F81C25002A00D094
:10B1F000104770471800002010B5002800D101202A
:10B2000001F02EFD002010BD10B501F0CBFD002097
:10B2100010BD10B5012901D0002010BD032200216E
:10B22000012001F0D7FF04462CB100231A4619462D
:10B23000204602F035F8204610BD000038B505461E
:10B24000002400200090FEF733FC90B169462846A8
:10B2500002F0D8F8012801D0FF2038BD009888B14D
:10B2600009494FF080500860BFF34F8FBFF36F8FD5
:10B2700008E000231A461946284602F011F8012872
:10B2800000D0FF24204638BD04ED00E038B5054667
:10B2900000200090002D10D000244A1C0FD001B1D6
:10B2A0000C46FEF705FCC0B16A460021284602F0B4
:10B2B000F8F8012806D0FF2038BD802038BD4FF0B7
:10B2C000FF34EEE7009880B109494FF080500860E4
:10B2D000BFF34F8FBFF36F8F07E02146284602F080
:10B2E0002FF9012801D0FF2038BD002038BD000013
:10B2F00004ED00E03EB504460D46B4F90800FEF743
:10B30000B6FE02A9CDE90001208A2B4682B2D4E91B
:10B31000001002F011FA012801D000203EBD029871
:10B320003EBD70B505460C4695ED000A2046FEF779
:10B3300060FE95ED010A201DFEF75BFE95ED020A09
:10B3400004F10800FEF755FE95ED0B0A04F10C0020
:10B35000FEF74FFE95ED080A04F11000FEF749FED6
:10B36000288F81B204F11400FEF74AFE162070BD4A
:10B3700010B50446D4F88400804784ED000AF5F740
:10B3800075FB84ED1E0A94ED000AF5F723FB84EDAE
:10B390001F0AD4ED041AD4ED050A94ED1E1A21EE0D
:10B3A000802A00EE812A60EE800A41EEC10ADFEDBC
:10B3B0000D1A0D489FED0D1A22EE210A90ED002A7C
:10B3C00002EE010A84ED080A60EEA10AD0ED011A2E
:10B3D00041EE810AC4ED090A80ED000AC0ED010AC0
:10B3E00010BD0000CDCC4C3F30000020CCCC4C3EFA
:10B3F0006420FDF7A7FC044C6420FDF7A3FC606902
:10B40000401C6061F8E70000DC0C0020F0EE411AFF
:10B410009FED011A00F002B80000000070B504466C
:10B420002DED048B0D46F0EE609AF0EE618A30EE61
:10B43000699A95ED000A20EE090A31EE008AD5EDF1
:10B44000010AF5EEC00AF1EE10FA29D0F5EEC08A35
:10B45000F1EE10FA24DD0120297EC9070BD094ED0E
:10B46000020A95ED031AB0EEC00AB4EEC10AF1EE7D
:10B4700010FA00DB002078B160EE890A94ED000A32
:10B4800000EEA80A84ED000A95ED041AF1EE410AD7
:10B49000FCF7F4FA84ED000A94ED000A38EE008A15
:10B4A00095ED020AB5EEC00AF1EE10FA1AD0F5EEEB
:10B4B000C08AF1EE10FA15DD287E800708D5D4ED9C
:10B4C000030A70EEE90A60EE200A80EEA80A07E09F
:10B4D000D4ED010A79EE600A60EE200A80EEA80A37
:10B4E00038EE008A287E400703D594ED020A30EE3C
:10B4F000088A95ED031AF1EE410AB0EE480AFCF70E
:10B50000BDFA287E00070FD5D5ED050AB7EE001A63
:10B51000D4ED021A31EE601A21EE211AF0EE401A33
:10B52000B0EE410A00EEA10A84ED019AC4ED039A3F
:10B5300084ED020ABDEC048B70BD00F001B8000080
:10B540009FED050A80ED000A80ED010A80ED020AF8
:10B5500080ED030A704700000000000010B50246AD
:10B56000084600F01FF8014621B1BDE81040104622
:10B57000FFF74CBF9FED010A10BD00000000000066
:10B5800010B50246084600F00DF8014621B1BDE8AD
:10B5900010401046FFF742BF9FED010A10BD0000AA
:10B5A00000000000082801D30020704700EB400194
:10B5B00001EBC000014901EB80007047F40400205A
:10B5C0002DE9F04107460C48076000240B4D0C4E56
:10B5D00004EB440000EBC40005EB800106EB8000A7
:10B5E0002C22F4F7D9FE641C082CF1DB3846BDE8A8
:10B5F000F04100F009B800002C0000207CDE0008BB
:10B60000F4040020FFF799BF70B505462846FEF701
:10B610009CFF254C84ED000A2846FEF790FF84ED40
:10B62000010A2846FEF788FF84ED040A2846FEF743
:10B63000A6FF84ED030A2846FEF78AFF84ED0B0A75
:10B640002846FEF77FFF84ED0C0A2846FEF774FFBC
:10B6500084ED0F0A2846FEF792FF84ED0E0A284675
:10B66000FEF796FF84ED160A2846FEF78EFF84ED5E
:10B67000170A2846FEF786FF84ED1A0A2846FEF7C9
:10B6800072FF84ED190A2846FEF776FF84ED210A41
:10B690002846FEF76EFF84ED250A2846FEF75EFF7A
:10B6A00084ED240A70BD0000F404002070B5044647
:10B6B0002DED028B0846B0EE408AF0EE608AFFF76F
:10B6C00071FF05462046FFF73BFF002D1AD0B0EE74
:10B6D000481AD5ED041AF4EEC11AF1EE10FA02D2AE
:10B6E000B0EE611A08E0F1EE611AF4EEC11AF1EE63
:10B6F00010FA01DDB0EE611A84ED001A84ED028AC1
:10B70000C4ED038ABDEC028B70BDFFF719BF0000CA
:10B71000B5EEC00AF1EE10FA01D89FED0D0AF5EE74
:10B72000C00AF1EE10FA01D8F7EE000A9FED091AEF
:10B7300020EE010AB0EE001A60EE810A60EE800A87
:10B74000C0ED6E0A20EE000A80ED6F0A704700001F
:10B7500000004842DB0FC94070B504460D46FF2D7E
:10B760003AD2032D0DD02078022811D0012818D00C
:10B77000062D48D01EDC85B3042D3BD0052D1FD1EE
:10B780002CE065702046BDE87040012100F0D8BE75
:10B79000B02D21D165702046BDE87040032100F036
:10B7A000CFBEB02D18D165702046BDE87040032192
:10B7B00000F0C6BEB22D31D0B32D38D0B42D38D064
:10B7C000224E042837D0052806D1715D2048026832
:10B7D000204600F05DFD657070BDFFE7052803D1D0
:10B7E0000421204600F0ACFE0321204600F0A8FE14
:10B7F0006570F1E70421204600F0A2FE20780428BD
:10B80000EAD16570E8E7052803D10421204600F05D
:10B8100097FE20780428DFD16570DDE708212046F7
:10B8200000F08EFE20780828D6D16570D4E76570C8
:10B83000D2E76570D0E70521204600F081FE705DFB
:10B84000207284F8D8006570C6E70000F4DA0008BA
:10B85000000000202DE9F04104460F46174EF56820
:10B860003068001D01F012F938B9306890F82C10DA
:10B8700001208840316981433161601C07D137B1B3
:10B880003168BDE8F041091D0D4801F038B92C447C
:10B8900030684460AC4206D23168B06B091DBDE827
:10B8A000F04101F014B93168706B091D01F00FF916
:10B8B000B06A844200D2B462BDE8F0816800002022
:10B8C0006825002070B5044601F026F91C4DA868D3
:10B8D000401CA860286810B1686938B10CE02C6081
:10B8E000A868012808D100F03FF905E02868E16A5E
:10B8F000C06A884200D82C60686A401C6862E06AAE
:10B9000001212A698140114329610E4900EB800021
:10B9100001EB8000211D01F0F2F801F01DF96869CA
:10B9200000280CD02868E16AC06A884207D206491C
:10B930004FF080500860BFF34F8FBFF36F8F70BD23
:10B94000680000208C24002004ED00E070B50C4D50
:10B950000C4E11E001F0E0F8F068C468201D01F021
:10B9600095F8A868401EA8606868401E686001F0ED
:10B97000F3F8204600F053F868680028EAD170BD5B
:10B98000680000205425002030B40B46026C002AC9
:10B990000CD0C1681144C1608468A14201D3016820
:10B9A000C160C16830BC1846F4F7F6BC30BC7047C3
:10B9B0002DE9F041044617460026A56B226C002AAB
:10B9C00010D0C7B1E068F4F7E7FCE168206C091A11
:10B9D000E1602268914202D2A168081AE060022F59
:10B9E00016D017E02068A8B9A06801F04BFF064602
:10B9F0000020A0600EE06068F4F7CEFC216C606867
:10BA000008446060A168884204D32068606001E057
:10BA100005B16D1E6D1CA5633046BDE8F08110B503
:10BA20000446206B01F0AEF82046BDE8104001F05E
:10BA3000A9B8416A002904D0006B0068C0F1070072
:10BA400070470020704700004FF480410F484207C4
:10BA500006D0C01D20F007000C49411AC1F58041F5
:10BA60000B4A1060002353600144083921F007019C
:10BA7000183A11604B600B600B1A4360016040681C
:10BA8000906050604FF00040506170477C2500206E
:10BA9000BC000020074E4FF08054074DFFF756FFC3
:10BAA00030680128FAD92C60BFF34F8FBFF36F8F36
:10BAB000F4E700008C24002004ED00E00346009829
:10BAC000002905D00260C3630164012101F0A2BB1B
:10BAD0000060F8E72DE9F0478246DDE908580A9C46
:10BAE0009946521E206B00EB820020F0070670077B
:10BAF00007D0502080F31188BFF34F8FBFF36F8FB3
:10BB0000FEE7002761B1002023180A5C83F8342087
:10BB10000A5C12B1401C1028F6D384F8437001E08F
:10BB200084F83470072D00D30625E5626564A764A8
:10BB3000201D00F0C9FF04F1180000F0C5FF2461CA
:10BB4000C5F10700A0616462E76484F850704A465A
:10BB50005146304600F0E6F92060B8F1000F01D000
:10BB6000C8F80040BDE8F08770B50024124D04EB22
:10BB7000840005EB800000F09CFF641C072CF6D3CA
:10BB80000D488C3000F095FF0B48A03000F091FF7D
:10BB90000948B43000F08DFF0748C83000F089FF35
:10BBA0000548DC3000F085FF034904488C314163CF
:10BBB0001431816370BD00008C24002068000020D7
:10BBC00030B5134900E011460A688242FBD34B6846
:10BBD0005C18844203D140681844486008460D68E8
:10BBE00044682318AB420DD1094B183B1B689A429D
:10BBF00006D05268224442600A681268026002E07D
:10BC0000036000E00260814200D0086030BD0000A7
:10BC1000BC00002010B5044600F07EFFA06B20B1F0
:10BC2000002400F099FF204610BD0124F9E710B56B
:10BC3000044600F071FFA06BE16B884201D1012442
:10BC400000E0002400F088FF204610BD0748416B4B
:10BC50000968002905D0416BC968C96849688162D3
:10BC600070474FF0FF31816270470000680000208C
:10BC700009484068401C07D0502080F31188BFF36A
:10BC80004F8FBFF36F8FFEE7502080F31188BFF313
:10BC90004F8FBFF36F8FFEE7C40000202DE9F04106
:10BCA000044600F039FF94F9455004F1240609E0F8
:10BCB000606A48B1304601F079FE08B101F000F841
:10BCC0006D1E6DB2002DF3DC4FF0FF3684F8456039
:10BCD00000F042FF00F020FF94F9445004F11007F7
:10BCE00009E0206948B1384601F060FE08B100F073
:10BCF000E7FF6D1E6DB2002DF3DC84F84460BDE8F3
:10BD0000F04100F029BF91ED010A80ED000A91EDAC
:10BD1000020A80ED010A91ED030A80ED020A91ED1D
:10BD2000040A80ED030A91ED050A80ED040A91ED05
:10BD3000080A80ED050A91ED090A80ED060A91EDE9
:10BD40000A0A80ED090A91ED0B0A80ED0A0A91EDCD
:10BD5000060A80ED0B0A91ED070A80ED0C0A91EDC1
:10BD6000120A80ED0D0A91ED130A80ED0E0A91ED95
:10BD7000140A80ED0F0A704770B504460D4616464A
:10BD800095ED020ADFED110A20EE200A84ED000A8B
:10BD900095ED040A84ED010A96ED080A84ED020A85
:10BDA000716B30468847E060316B3046884784EDE0
:10BDB000040A95ED520A84ED050A95ED520A84EDC8
:10BDC000060A95ED570A84ED070A70BD35FA8E3CD8
:10BDD00010B5164C94ED1C0A80ED1C0A94ED1D0A5A
:10BDE00080ED1D0A94ED1C0AD4ED1D0A20EE200AF8
:10BDF00080ED1E0A91ED090AD3ED090A20EE200A12
:10BE0000D3ED170A20EE200A80ED200AD2ED520A67
:10BE100020EE200A80ED1F0A94ED1E0A80ED220A12
:10BE200094ED1F0A80ED230A10BD000010100020C1
:10BE30002DE9F0410546002600F0E8FF324F386852
:10BE400008B9FFF701FE786905424DD18DB108357B
:10BE500068070ED005F00700C0F108000544680728
:10BE600007D0502080F31188BFF34F8FBFF36F8F3F
:10BE7000FEE7CDB37868854236D8234918310846A5
:10BE8000046801E0214604466068A84202D22068A6
:10BE90000028F7D13868844226D00E68083620681A
:10BEA00008606068411B10290ED96019420707D04D
:10BEB000502080F31188BFF34F8FBFF36F8FFEE7E1
:10BEC00041606560FFF77CFE61687868401A7860C1
:10BED000BA68904200D2B86078690143616000207E
:10BEE0002060F868401CF86001F09EFD700707D0E4
:10BEF000502080F31188BFF34F8FBFF36F8FFEE7A1
:10BF00003046BDE8F0810000A40000200449086824
:10BF1000002803D00868826C521C8264086870474D
:10BF20006800002024384FF08073036221F0010183
:10BF3000C1610449816142606FF0020140F820193B
:10BF40007047000071BC000807B5012302AA00F089
:10BF50000FF800200EBD38B514468DF800108DF88E
:10BF6000014002236A46FE2100F002F8204638BD57
:10BF700070B50546084611461C464FF4807294423F
:10BF800000D91446687121B11CB12246A81DF4F7EE
:10BF900003FA641CA5F8064170BD0000062180F874
:10BFA000541090ED010A80ED160A9FED060A80ED0F
:10BFB0001E0A042180F88410022180F88510007880
:10BFC00070470000000000002DE9F04105462DED0E
:10BFD000048B2E6D05F154044FF0030C84F830C02F
:10BFE000022284F831202F780620052304219FEDBA
:10BFF0008A8A0E2F10D2DFE807F00713345B719F97
:10C00000E1E9F4B7281334340020207095ED0A0AD2
:10C0100084ED010A84ED098ABDEC048BBDE8F08152
:10C02000012020703046FEF7AAFAB0EE408A304672
:10C03000FEF7A5FAF1EE400A95ED030AB0EE481AB4
:10C04000FBF7FCFC84ED0A0AE6E7227095ED030A93
:10C05000B7EE001AFFEE000AFBF7F0FC84ED0B0AC6
:10C06000DAE784F800C03046FEF77DFAB0EE408A89
:10C070003046FEF778FAF1EE400A95ED040AB0EE8C
:10C08000481AFBF7DBFC84ED040A3046FEF76BFA36
:10C09000B0EE408A3046FEF766FAF1EE400A95EDC2
:10C0A000050AB0EE481AFBF7C9FC84ED050AB3E7B0
:10C0B00021703046FEF75AFAF0EE408A3046FEF71D
:10C0C00055FAF1EE400A95ED030AB0EE681AFBF757
:10C0D000B5FC84ED030A84ED088A9DE795ED010A1D
:10C0E000D5ED0A0A30EE600AD5ED020A95ED0B1A7D
:10C0F00070EEC10A95ED061A21EE000A95ED071AB9
:10C1000001EE200AD5ED080A30EE209A2170304663
:10C11000FEF72CFAF0EE408A3046FEF727FAF1EEF1
:10C12000400AB0EE681AB0EE490AFBF787FC84EDCE
:10C13000030A84ED088A6FE723703046FEF70EFA93
:10C14000B0EE408A3046FEF709FAF1EE400A95ED6E
:10C15000020AB0EE481AFBF771FC84ED020A95ED75
:10C16000080A84ED080A57E723703046FEF7F6F90F
:10C17000B0EE408A3046FEF7F1F9F1EE400A95ED57
:10C18000020AB0EE481AFBF759FC84ED020A304669
:10C19000FEF7ECF9B0EE408A3046FEF7E7F9F1EE33
:10C1A000400A95ED030AB0EE481AFBF747FC84ED10
:10C1B000030A95ED080A84ED080A2DE7207095ED35
:10C1C000010A84ED010A84ED098A25E7207095EDC6
:10C1D000010A84ED010A95ED020A84ED090A1BE7C4
:10C1E000FFE7207095ED010A84ED010A84ED098ACC
:10C1F0003046FEF7BBF9B0EE408A3046FEF7B6F99E
:10C20000F1EE400A95ED030AB0EE481AFBF716FC72
:10C2100084ED030A00E700000000000010B50446AA
:10C220002DED028B032084F88400022084F8850021
:10C2300020780621202803D0212801D023280CD0E3
:10C2400084F8541094ED010A84ED160A9FED0F0A4C
:10C2500084ED1E0ABDEC028B10BD052084F854004D
:10C2600084F88510206DFEF779F9B0EE408A206DD4
:10C27000FEF774F9F1EE400A94ED020AB0EE481AA6
:10C28000FBF7DCFB84ED170AE4E700000000000088
:10C2900013462D290AD2027A8A4207D080F8D81094
:10C2A00000F15C021946943000F09EB9704700001E
:10C2B00070B504462078262807D0002084F8540062
:10C2C00094ED0A0A84ED160A70BD042084F8540027
:10C2D0000C4D95ED000AFAF747FAF6EE000A20EE4B
:10C2E000200A84ED180A95ED010ADFED070A94EDA6
:10C2F000221A60EE200A95ED000A00EE810A85ED13
:10C30000000A70BD24000020DB0FC940032180F823
:10C310008410022180F885100178192906D01B2984
:10C3200004D01D2902D1052180F88410062180F84F
:10C33000541090ED010A80ED160A90ED090A80ED87
:10C340001E0A704780ED0A0AC0ED0B0A70470029EB
:10C3500000D101214160704710B504466175B4F801
:10C36000981004F1180000F052F8B4F8281104F104
:10C37000A80000F04CF80020A4F8AA019FED060ADE
:10C3800084ED6B0A84ED540A84ED550A84ED560A57
:10C3900084F83C0110BD000000000000803082885D
:10C3A00003884188803800EB81019A4208D1D0EDA2
:10C3B000220A91ED001A70EEC10AC0ED220A0DE0CA
:10C3C000521C92B2A0F8842000EE902AB7EE001A18
:10C3D000F8EE600AC1EE201AC0ED231A81ED000AC2
:10C3E0008030D0ED020A30EE800A80ED020A4188EA
:10C3F000491C89B2418030F88029914202D3002142
:10C40000A0F88210D0ED230A20EE200A704770B504
:10C4100005460C46002C00D10124202C00D92024F4
:10C4200090212846F3F7D1FFA5F8804070BD01B5F3
:10C430009DF80100002801D0012008BD002008BDA2
:10C4400070B504462DED028B0D46B0EE408ADC211E
:10C450002046F3F7BAFFB0EE480A294604F1080077
:10C46000FDF7DAFE04F1940000F0B5F8002020702A
:10C47000607060602046BDEC028B0321BDE8704017
:10C4800000F05EB8F8B5FCF75FFC00244FF40073D1
:10C490000522164916A00094FCF798FC174D286059
:10C4A0004FF4806633460522154916A00094FCF728
:10C4B0008DFC686033460422154916A00094FCF7F1
:10C4C00085FCA86080230422154916A00094FCF77F
:10C4D0007DFCE860B3100422154916A00094FCF717
:10C4E00075FC2861BDE8F840FCF730BCC17C000851
:10C4F000436F6E74726F6C5461736B00D8000020D0
:10C50000E97A0008436F6D6D756E5461736B0000BE
:10C51000858B0008446973706C61795461736B009A
:10C52000F1B30008506572696F645461736B000069
:10C53000919A000849646C655461736B00000000B7
:10C540002DE9F04104460D462078A84226D0294620
:10C5500000F026F8002821D02078002604F1940766
:10C56000052804D184F85C60384600F02DF8012DD0
:10C570000ED0022D0CD0032D02D0042D0DD103E0DE
:10C58000267284F85C6008E0267284F85C6004E03F
:10C5900084F85C60384600F017F82570BDE8F0813B
:10C5A000092901D2092801D300207047022907D0A8
:10C5B000012905D0034A00EBC0001044405C7047DD
:10C5C00001207047F3DB000802210170B7EE000A7A
:10C5D00080ED100A704710B5044644212046F3F759
:10C5E000F4FE0021217010BD30B414460123037005
:10C5F0000023436081609FED050A80ED100A21460B
:10C60000342230BC0C30F3F7C7BE0000000000003D
:10C6100070B504460D4616462078012806D034220F
:10C6200029463046F3F7B8FE012070BD6068401C13
:10C630006060A16809B188420CD302202070B7EE77
:10C64000000A84ED100A342229463046F3F7A4FE8E
:10C65000012070BD227B2B789A4206D034222946D5
:10C660003046F3F799FE002070BD00EE100AF8EE98
:10C67000400A00EE101AB8EE400A80EE801A84EDEF
:10C68000101A342229463046F3F786FE94ED101A2C
:10C69000D5ED010A94ED040AFBF774F886ED010A62
:10C6A00094ED101AD5ED020A94ED050AFBF76AF82D
:10C6B00086ED020A94ED101AD5ED030A94ED060AF0
:10C6C000FBF760F886ED030A94ED101AD5ED040A25
:10C6D00094ED070AFBF756F886ED040A94ED101A5C
:10C6E000D5ED050A94ED080AFBF74CF886ED050A2E
:10C6F00094ED101AD5ED0A0A94ED0D0AFBF742F8F5
:10C7000086ED0A0A94ED101AD5ED0B0A94ED0E0A87
:10C71000FBF738F886ED0B0A002070BD002809D021
:10C7200000F580600021C160016101800181C1715B
:10C73000002070474FF0FF307047FCF783BE0028A1
:10C7400003D0C0F80C14C0F8102470472DE9F04154
:10C7500005460E461746002D13D0002E11D000249A
:10C760000DE0315D2846FCF7E8FD30B1D5F80C341A
:10C770001BB1B5F8001428469847641CA4B2BC420B
:10C78000EFD3BDE8F081000090ED510ADFED040A1F
:10C7900020EE200ABDEEC00A80ED500A704700006E
:10C7A000E02E654210B504466078D4ED020A00EE32
:10C7B000100AB8EE400A20EE800AFEF7C5FC84EDB0
:10C7C000030A94ED030ADFED060A20EE200A84ED49
:10C7D000040A01212046FEF7B9FA94ED040A10BDBF
:10C7E00035FA8E3C10B504462DED028B82B0D4EDA7
:10C7F000010AB8EE608A94F83C0100282AD0607DD6
:10C80000012841D0022845D001A9204600F036FB7E
:10C81000DDED010AC4ED510A84ED520AD4ED550A4A
:10C82000C4ED540AD4ED560AC4ED550A84ED560AF7
:10C8300030EE600A20EE080A04F1A800FFF7AEFD12
:10C8400084ED570A01212046FEF782FA02B0BDECC2
:10C85000028B10BD84ED4E0A84ED690A84ED6C0AEA
:10C860009FED0F0A84ED6D0A012084F83C0184EDF0
:10C87000510A04F11800FFF791FD84ED520A0121DD
:10C880002046FEF765FAE1E7204600F01DFB8DED3E
:10C89000010ABDE7204600F0B7FB8DED010AB7E7BE
:10C8A0000000000090ED510ADFED090A20EE200A99
:10C8B000DFED080A20EE200ADFED070A80EE201ADD
:10C8C000BDEEC10A80ED530AB8EEC00A7047000001
:10C8D000E02E6542000070420000B4432DE9F047AD
:10C8E0000446884616462046FCF730FE4FF0000905
:10C8F00038B1B8F1000F04D01EB1072C07D30020C7
:10C9000008E00EB1A6F800900120BDE8F0872449A8
:10C9100051F8240028B3234A04EBC40102EB81043C
:10C92000236AF3B1A388E3B1A6F8009063695B1CA6
:10C93000636102F82190A388E28800684068181AB1
:10C9400085B29D4200D30025258195420DD3A81ABA
:10C9500087B2DFB1206A81183A464046F3F71CFDE2
:10C9600014E0A6F800900120CFE7981A87B2206A59
:10C9700081183A464046F3F70FFD2DB108EB07004A
:10C980002A46216AF3F708FD781987B2E5806780A7
:10C99000A0693844A061C4F81C9037800020B4E737
:10C9A0008CE20008F817002070B50546072D03D269
:10C9B00011B1B1F5807F01D9012070BD194B194823
:10C9C00005EBC502FC3B03EB820400EB0520206273
:10C9D000A18000266680E680268103F82260E66159
:10C9E000F3F7F3FC2846FCF7B1FD054655B1A288E4
:10C9F0002846216AF8F73AF948B12662A680E06134
:10CA0000012070BD2662A6800120E06170BD28680B
:10CA1000016841F010010160E068401CE060002006
:10CA200070BD0000F418002070B505460C4605A046
:10CA3000F9F788FD2246294609A0F9F783FD012070
:10CA400070BD00005B6572726F725D20417373652B
:10CA50007274206661696C757265210D0A000000B0
:10CA60005B6572726F725D204C6F636174696F6E8B
:10CA70003A2025732025642E0D0A0000704710B55A
:10CA8000FCF7FAFFBDE81040FFF7FCBC0169D0E9F4
:10CA900001329A60D0E901235A604A68824201D18A
:10CAA00082684A60002202610868401E08600868C7
:10CAB000704700F1080141604FF0FF328260C160B1
:10CAC000016100210160704700210161704730B5AC
:10CAD0000C68621C02D000F1080202E0026904E066
:10CAE0001A4653681D68A542FAD953684B6099608D
:10CAF0008A60516008610168491C016030BD42686C
:10CB00004A6093688B60936859609160086101681E
:10CB1000491C016070470000502080F31188BFF36A
:10CB20004F8FBFF36F8F0A494868401C4860012847
:10CB30000CD10848006810F0FF0F07D0502080F398
:10CB40001188BFF34F8FBFF36F8FFEE77047000070
:10CB5000C400002004ED00E009494868002806D020
:10CB6000401E4860002801D180F311887047502092
:10CB700080F31188BFF34F8FBFF36F8FFEE7000084
:10CB8000C400002070B500282AD008380446154D8E
:10CB900060686969084207D1502080F31188BFF3AB
:10CBA0004F8FBFF36F8FFEE722683AB1502080F3BA
:10CBB0001188BFF34F8FBFF36F8FFEE7884360602C
:10CBC00000F024F960686968084468602046FEF750
:10CBD000F7FF2869401C2861BDE8704000F024BFC1
:10CBE00070BD0000A40000204FF0E0200021016192
:10CBF000816105494FF47A720968B1FBF2F1491E6F
:10CC000041610721016170476400002010B5F3F70E
:10CC10004BFB114910280ED300F1E02090F8F003EF
:10CC20000A78904207D2502080F31188BFF34F8FCB
:10CC3000BFF36F8FFEE709480068896800F4E06081
:10CC4000884207D9502080F31188BFF34F8FBFF37C
:10CC50006F8FFEE710BD0000C40000200CED00E067
:10CC600010B502460020002A12D00F48006B38B1E0
:10CC7000502080F31188BFF34F8FBFF36F8FFEE713
:10CC800000F0C4F800211046FEF7E4FD00F0CCFEF1
:10CC9000002807D105494FF080500860BFF34F8F3F
:10CCA000BFF36F8F10BD00006800002004ED00E0AE
:10CCB00002490A6A0260C968416070476800002042
:10CCC00001490120C86170476800002010B50C467A
:10CCD00000280AD0094909681831FFF7F8FE2046F4
:10CCE000BDE810400121FEF7B5BD502080F311884A
:10CCF000BFF34F8FBFF36F8FFEE700006800002087
:10CD000070B50B460446002847D0A26CA2B1616CF6
:10CD1000994200D21946E06A88423ED0012A3CD1AD
:10CD20001E4D2A6894420FD1502080F31188BFF322
:10CD30004F8FBFF36F8FFEE7502080F31188BFF352
:10CD40004F8FBFF36F8FFEE7E162A269002A02DB1B
:10CD5000C1F10701A161124E00EB8000616906EB91
:10CD60008000814219D1201DFFF790FE012130B9CA
:10CD700094F82C2001FA02F02A6982432A61E06AC1
:10CD80002A6981401143296100EB800006EB800095
:10CD9000211DBDE87040FFF7B2BE70BD68000020E5
:10CDA0008C2400201CB515480024CDE90040234602
:10CDB000802213A1144800F0BFFC012809D0401CB8
:10CDC0001AD1502080F31188BFF34F8FBFF36F8FBC
:10CDD000FEE7502080F31188BFF34F8FBFF36F8FB2
:10CDE00006484FF0FF312C38816201214161C46057
:10CDF000BDE81C4000F074B91CBD00009400002088
:10CE000049444C450000000095BA00080248016BF7
:10CE1000491C01637047000068000020154A106B30
:10CE2000002802D00120D06170470020D061106935
:10CE3000B0FA80F0C0F11F000F4900EB800051F8FC
:10CE4000203073B101EB800041684968416000F116
:10CE50000803994201D1496841604068C068106088
:10CE60007047502080F31188BFF34F8FBFF36F8F4F
:10CE7000FEE70000680000208C24002070B5044606
:10CE80002DED028BB0EE408A0D4694ED010AF8EECE
:10CE9000408A94ED4E0A38EE400A00F0EFF8DFEDDC
:10CEA000090A68EEA00A20EE800A84ED4E8A85ED1C
:10CEB000000A04F11800BDEC028BBDE87040FFF7DA
:10CEC0006DBA000035FA8E3C70B504462DED028B2C
:10CED000F0EE408A94ED010AB8EE408AB4F8A85109
:10CEE00094ED690A38EEC00A00F0C8F8D4ED4E0A95
:10CEF00070EE200AC4ED698AC4ED4E0A002008E0F5
:10CF000004EB810204EB800092ED590A80ED590A8E
:10CF100088B2411CA942F3D3681E04EB8000C0ED27
:10CF2000590AB4F8AA01A84202D2401CA4F8AA01E6
:10CF3000B4F8AA119FED320A022932D3481E00EE3E
:10CF4000900AB6EE001AF8EE600A60EE811AF0EE72
:10CF5000402AF0EE620A681A82B200200EE001EE6A
:10CF6000100A131804EB8303B8EE411A93ED592A03
:10CF700031EE611A41EE020A401C80B28842EED3C3
:10CF8000A9429FED202A0FD194ED6B1AB5EEC01A7D
:10CF9000F1EE10FA08DD21EE200A20EE080A20EE5C
:10CFA000020ABDEC028B70BDB0EE620A002009E0FF
:10CFB00001EE100AB8EE411A31EE611A01EE010AD3
:10CFC000401C80B28842F3D3A9420DD1B5EEC00A0D
:10CFD000F1EE10FA04DDF7EE001A81EE801A01E09E
:10CFE000B0EE621A84ED6B1AB5EEC00AF1EE10FADB
:10CFF00001DDC0EE802A22EE880A20EE020AD0E788
:10D000000000000035FA8E3C10B504462DED028B71
:10D01000F0EE408A94ED010AF7EE000AB8EE400AFD
:10D0200080EE808A94ED6C0A38EEC00A00F026F893
:10D0300094ED6F1AD4ED6D0A21EE001A41EE080A44
:10D04000C4ED6D0A94ED6E1A41EE000A94ED6C0A7F
:10D0500000EE880A84ED6C0AFEF776F884ED6C0A1F
:10D06000C4ED4E8A94ED6D0ADFED030ABDEC028B30
:10D0700020EE200A10BD000035FA8E3CF0EEC00A0A
:10D0800010EE900A0749884208DDB5EEC00ADFEDD0
:10D09000060AF1EE10FA02DD30EE600A704730EE5B
:10D0A000200A7047000034430000B443DFED090A52
:10D0B000094801E030EE600A10EE101A8142F9DCF6
:10D0C000064901E030EE200A10EE100A8842F9D23B
:10D0D00070470000DB0FC940DB0F4940DB0F49C040
:10D0E0001CB537480168374A914207D1502080F378
:10D0F0001188BFF34F8FBFF36F8FFEE70068314990
:10D10000491E884207D1502080F31188BFF34F8F0A
:10D11000BFF36F8FFEE72C4908780190FF2008705D
:10D12000087800909DF800009DF8002000F0F000C5
:10D13000904207D0502080F31188BFF34F8FBFF388
:10D140006F8FFEE79DF80000204C00F0500020702B
:10D150000720A06006E0A068401EA0609DF80000C7
:10D16000400000909DF800000006F4D4A068032859
:10D1700007D0502080F31188BFF34F8FBFF36F8F1C
:10D18000FEE74FF44070A060019808700C48203012
:10D19000016841F470010160016841F07041016073
:10D1A000FFF722FD00206060F3F746F808480168A9
:10D1B00041F040410160F3F72BF800201CBD000056
:10D1C00000ED00E071C20F4100E400E0C400002067
:10D1D00034EF00E0F8B505460E461746002D10D096
:10D1E00005FB06F04830FEF723FE04463CB122461C
:10D1F00048323B46314628460094FEF75FFC204605
:10D20000F8BD502080F31188BFF34F8FBFF36F8FAD
:10D21000FEE7000070B504460D46002C25D0FFF750
:10D220007BFCD4E90F20216802FB0011A1600021E2
:10D23000A16321686160E06B2268216C401E00FBE5
:10D240000121E1604FF0FF3084F8440084F845008C
:10D2500004F110008DB1FFF72CFC04F12400FFF75E
:10D2600028FCFFF779FC012070BD502080F3118865
:10D27000BFF34F8FBFF36F8FFEE721690029F0D016
:10D2800000F094FB0028ECD004494FF08050086077
:10D29000BFF34F8FBFF36F8FE3E7000004ED00E0B3
:10D2A0002DE9FF4782B004468A461E460025002C21
:10D2B00003D0BAF1000F08D011E0502080F311889C
:10D2C000BFF34F8FBFF36F8FFEE7206C38B1502054
:10D2D00080F31188BFF34F8FBFF36F8FFEE7022EED
:10D2E0000AD1E06B012807D0502080F31188BFF3EA
:10D2F0004F8FBFF36F8FFEE700F04EFA48B90498E6
:10D3000038B1502080F31188BFF34F8FBFF36F8F78
:10D31000FEE74FF000094FF08057DFF8E480FFF799
:10D32000FBFBA06BE16B884205D3022E03D004986F
:10D3300008B325B327E0324651462046FEF738FBB6
:10D34000616A59B104F1240000F030FB68B1C8F8FB
:10D350000070BFF34F8FBFF36F8F06E028B1C8F89E
:10D360000070BFF34F8FBFF36F8FFFF7F5FB012006
:10D3700006B0BDE8F087FFF7EFFB0020F8E768464E
:10D38000FFF796FC0125FFF7E7FBFFF73FFDFFF7EF
:10D39000C3FB94F94400401C01D184F8449094F9F3
:10D3A0004500401C01D184F84590FFF7D5FB04A946
:10D3B000684600F083F930B12046FEF76FFC00F0BC
:10D3C00033FB0020D4E72046FEF731FC90B104F196
:10D3D00010000499FFF77AFC2046FEF75FFC00F08E
:10D3E00023FB00289BD1C8F80070BFF34F8FBFF319
:10D3F0006F8F94E72046FEF751FC00F015FB8EE797
:10D4000004ED00E070B504460E46002C09D0206CF7
:10D4100078B1502080F31188BFF34F8FBFF36F8F27
:10D42000FEE7502080F31188BFF34F8FBFF36F8F5B
:10D43000FEE7206848B9A06838B1502080F3118811
:10D44000BFF34F8FBFF36F8FFEE7FFF7DFFB502077
:10D45000EFF3118580F31188BFF34F8FBFF36F8F08
:10D46000A26BE06B904218D994F94500521CA2635C
:10D47000411C04D0401C84F8450001200EE0606A85
:10D480000028FAD004F1240000F090FA0028F4D02B
:10D49000002EF2D001203060EFE7002085F31188E4
:10D4A00070BD2DE9F047044689469046002C03D014
:10D4B000B9F1000F08D011E0502080F31188BFF3BC
:10D4C0004F8FBFF36F8FFEE7206C38B1502080F391
:10D4D0001188BFF34F8FBFF36F8FFEE7FFF796FB07
:10D4E0005020EFF3118780F31188BFF34F8FBFF304
:10D4F0006F8FA66BF6B194F9445049462046FEF76B
:10D5000043FA761EA663681C04D06D1C84F8445050
:10D51000012010E020690028FAD004F1100000F08A
:10D5200045FA0028F4D0B8F1000FF1D00120C8F876
:10D530000000EDE7002087F31188BDE8F0870000C8
:10D540002DE9F34383B004460025A946002C09D0F9
:10D55000206C78B1502080F31188BFF34F8FBFF358
:10D560006F8FFEE7502080F31188BFF34F8FBFF31A
:10D570006F8FFEE700F010F948B9049838B15020D9
:10D5800080F31188BFF34F8FBFF36F8FFEE7002644
:10D590004FF08057DFF82081FFF7BEFAA06BC8B1CB
:10D5A000401EA063206810B9FEF7B0FCA06020699F
:10D5B00050B104F1100000F0F9F928B1C8F800707A
:10D5C000BFF34F8FBFF36F8FFFF7C6FA012005B08F
:10D5D000BDE8F083049808B17DB112E0B9F1000F05
:10D5E00007D0502080F31188BFF34F8FBFF36F8FA8
:10D5F000FEE7FFF7B1FA0020E9E701A8FFF758FBC3
:10D600000125FFF7A9FAFFF701FCFFF785FA94F966
:10D610004400401C01D184F8446094F94500401C4A
:10D6200001D184F84560FFF797FA04A901A800F03A
:10D6300045F8C8B12046FEF731FB00F0F5F9204669
:10D64000FEF7E8FA0028A7D0B9F1000F0AD0FFF7DB
:10D6500063FA2046FEF7EDF90146A068FFF750FB9C
:10D66000FFF77AFA0020B2E72046FEF7D3FAE8B1D6
:10D67000206838B9FFF750FAA06800F04FF98146EA
:10D68000FFF76AFA04F124000499FFF71FFB204614
:10D69000FEF704FB00F0C8F900287FF47DAFC8F85E
:10D6A0000070BFF34F8FBFF36F8F75E72046FEF713
:10D6B000F5FA00F0B9F96FE704ED00E02DE9F0416B
:10D6C00005460C46002D11D0C4B1FFF725FA194EBE
:10D6D000F0686B68C11A2268571C17D02F68366A29
:10D6E000B74215D0834213D801241DE0502080F3A7
:10D6F0001188BFF34F8FBFF36F8FFEE7502080F389
:10D700001188BFF34F8FBFF36F8FFEE700240BE04C
:10D710008A4206D9501A20602846FFF7C9FA002429
:10D7200002E0002020600124FFF716FA2046BDE841
:10D73000F0810000680000202DE9FF5F8146DDE9EF
:10D740000E788A4616469B46B000FEF771FB0546EA
:10D7500028000AD05420FEF76BFB04460CB1256369
:10D7600004E02846FFF70EFA00E000248CB1002008
:10D77000CDE90240CDE900785B4632465146484645
:10D78000FEF7A8F92046FEF79DF8012004B0BDE899
:10D79000F09F4FF0FF30F9E705484169002903D0B9
:10D7A000006B18B1002070470120704702207047BD
:10D7B000680000202DE9F0410026304F386B00282A
:10D7C00005D0B869401CB8613046BDE8F081FD68FD
:10D7D0006D1CFD609DB9786B006838B1502080F3F6
:10D7E0001188BFF34F8FBFF36F8FFEE7786BB96B74
:10D7F0007963B863386A401C3862FEF727FAB86A62
:10D80000DFF87C8085420DD3786B006838B1786B87
:10D81000C068C4686068854212D2B86202E04FF006
:10D82000FF30B8623868C06A00EB800058F820000A
:10D83000012800D90126F8690028C5D00126C3E7D0
:10D84000201DFFF723F9A06A18B104F11800FFF7B3
:10D850001DF9E06A01213A6981401143396100EB09
:10D86000800008EB8000211DFFF749F9E06A396864
:10D87000C96A8842C8D30126C6E7000068000020B4
:10D880008C24002070B504460020002C41D0214D8E
:10D8900029688C4207D0502080F31188BFF34F8F46
:10D8A000BFF36F8FFEE7A16C71B1491EA164636C79
:10D8B000E26A9A422DD000292BD1201DFFF7E6F80D
:10D8C000154A012140B112E0502080F31188BFF3C6
:10D8D0004F8FBFF36F8FFEE7E06A00EB800352F8D3
:10D8E000233023B901FA00F3286998432861606C5A
:10D8F000E062C0F10700A061E06A2B698140194332
:10D90000296100EB800002EB8000211DFFF7F7F892
:10D91000012070BD680000208C24002070B50446F2
:10D920000020002C35D01F4DE16A2A68D26A91424E
:10D9300030D2A069002804DB2868C06AC0F1070063
:10D94000A061E06A184E00EB8000616906EB800080
:10D9500081421AD1201DFFF799F8012130B994F8BE
:10D960002C002A6901FA00F082432A612868C06A03
:10D97000E0622A6981401143296100EB800006EBD7
:10D980008000211DFFF7BBF802E02868C06AE06252
:10D99000012070BD616C2A68D26A9142F9D20120DF
:10D9A00070BD0000680000208C2400202DE9F041AB
:10D9B000C068C468002C15D004F118000746FFF7B2
:10D9C00065F8174D2A6B0126A2B139461548FFF7B5
:10D9D00096F8E06A2968C96A88421ED90120EE617A
:10D9E000BDE8F081502080F31188BFF34F8FBFF363
:10D9F0006F8FFEE7201DFFF749F8E06A2A6906FAF3
:10DA000000F111432961074900EB8000B43901EBB3
:10DA10008000211DFFF773F8DBE70020E0E700003E
:10DA200068000020402500202DE9F0410024002757
:10DA30002D4D286B002807D0FFF76EF8286B401E8D
:10DA40002863286B40B14AE0502080F31188BFF36F
:10DA50004F8FBFF36F8FFEE7A868E8B3DFF88C80C5
:10DA600001261EE0D8F80C00C46804F11800FFF786
:10DA70000DF8201DFFF70AF8E06A2A6906FA00F19E
:10DA800011432961194900EB8000B43901EB800092
:10DA9000211DFFF734F8E06A2968C96A884200D37B
:10DAA000EE61D8F800000028DCD10CB1FEF7CEF80A
:10DAB000AC6944B1FFF77EFE00B1EE61641E002C3C
:10DAC000F8D10020A861E86930B10127084938077A
:10DAD0000860BFF34F8F00E001E0BFF36F8FFFF7E7
:10DAE0003BF83846BDE8F081680000204025002062
:10DAF00004ED00E000000000000000000000000055
:10DB0000000000000102030405060708090A0B0CC7
:10DB10000D000000000000000000000000000000F8
:10DB2000000000000E0F1011121314151617180024
:10DB300000000000000000000000000000000000E5
:10DB400000000000191A1B1C1D000000000000004E
:10DB50001E1F000000000000000000000000000088
:10DB60000000000020212223242526272829000048
:10DB700000000000000000000000000000000000A5
:10DB80000000000000000000000000000000000095
:10DB90000000000000000000000000000000000085
:10DBA00000000000002A00000000002B2C000000F4
:10DBB0000000000000000000000000000000000065
:10DBC0000000000000000000000000000000000055
:10DBD0000000000000000000000000000000000045
:10DBE0000000000000000000000000000000000035
:10DBF0000000000000000100000000000000000123
:10DC00000000000000000000010000000000000013
:10DC100000000100010101000000010001000000FE
:10DC200000000000010000000000000001000000F2
:10DC300000000000000100000000000000000100E2
:10DC4000000000000000000101000710140006049D
:10DC5000180006041C000604200006042400060424
:10DC6000280000012C0006043000060434000604DD
:10DC7000380006043C000604400006044400060484
:10DC8000480006044C000604500006045400040436
:10DC9000580004045C0006046000060464000604E6
:10DCA000680006046C00040470000101740005049F
:10DCB000780006047C000604800000018100000159
:10DCC00084000604880000018C000604900006040D
:10DCD00094000001980000019C000604A0000604C6
:10DCE000A4000604A8000604AC000604B000060464
:10DCF000B4000604B8000604BC000604C000060414
:10DD0000C4000604C8000604CC000604D0000604C3
:10DD1000D4000604D8000604DC000604E000060473
:10DD2000E4000604E8000604EC000604F000060423
:10DD3000F4000604F8000604FC00060400010604D2
:10DD400004010604080106040C0100011001060488
:10DD500014010604180106041C010604200106042F
:10DD600024010604280106042C01060430010604DF
:10DD700034010604380106043C010604400106048F
:10DD800044010604480106044C0105045001040442
:10DD9000D9750008A5730008B5730008F57400086C
:10DDA000D174000879740008617300088173000859
:10DDB000697700082D730008F17300085975000891
:10DDC000C1750008B5750008C9BF0008C9BF0008C3
:10DDD000C9BF0008C9BF0008C9BF0008C9BF000803
:10DDE000C9BF0008C9BF0008C9BF0008C9BF0008F3
:10DDF000C9BF0008C9BF0008C9BF0008C9BF0008E3
:10DE00009DBF00089DBF00089DBF00089DBF000882
:10DE10009DBF00089DBF00089DBF00089DBF000872
:10DE20009DBF00089DBF00089DBF00080DC30008EE
:10DE30000DC300080DC300080DC300080DC3000882
:10DE40000DC300080DC300081DC200081DC2000854
:10DE50001DC200081DC200081DC20008B1C2000892
:10DE6000B1C20008B1C20008B1C20008B1C20008C6
:10DE7000B1C20008B1C20008B1C200089A99993E27
:10DE8000000020410000000000004042000020414E
:10DE90000000803F0100000063757272656E745F60
:10DEA00064000000000000009A99993E00002041A3
:10DEB0000000000000004042000020410000803FC0
:10DEC0000100000063757272656E745F710000007E
:10DED000000000000000003FCDCCCC3D0AD7A33BA2
:10DEE0000000A0410000A0400000803F03000000AF
:10DEF00076656C6F636974790000000000000000B3
:10DF00000000C842000000000000A0400000F041F6
:10DF1000000000000000803F00000000706F736987
:10DF200074696F6E000000000000000000004842AD
:10DF30000000000000000040000020410000000040
:10DF4000CDCC4C3F08000000696D706564616E6364
:10DF500065000000000000000000484200000000D2
:10DF60000000004000002041000000000000803F51
:10DF700000000000686F6D696E670000000000001F
:10DF8000000000009A99993ECDCC4C3D6F12033BA6
:10DF900000007041000040400000803F0100000090
:10DFA0006A6F670000000000000000000000000031
:10DFB0000000000000000000000000000000A04180
:10DFC000000000000000803F0000000074657374D2
:10DFD0000000000000000000000000000000000041
:10DFE0000000000000000000000000000000000031
:10DFF000CDCCCC3D17B7D13882A8FB386F12833A0D
:10E00000CDCCCC3D070000000000A04000007041D6
:10E01000000096430000FA430000404200803B4568
:10E02000000000400000C040ACC527370AD7233CA1
:10E03000204E0000204E00000000C8429A99593F2F
:10E04000000020410AD7233CA00F0000010000007F
:10E050000000000000000000CDCCCC3D000100001D
:10E060000000C84201000000560E49C1560E494149
:10E0700000000000000000000000A0400000003F81
:10E0800000000000000000400000003F00002041B0
:10E090000000003F00002041000020410000803FC0
:10E0A000000000006666663F00007A44CDCCCC3D9F
:10E0B0000000803F0000803FCDCCCC3D0000803F81
:10E0C000000020410000803F0000000000002041CF
:10E0D00000000000000000000000000000004843B5
:10E0E0000000A04100002042000000000000C842E3
:10E0F000CDCC4C3D0000A04100002041CDCCCC3D1A
:10E10000000020410000803F0000704200008C426F
:10E110000000A04100006842000070410000C843B8
:10E120000000AA420000A0C1E8030000FFFFFFFFBB
:10E130004D54363833355F310000000000000000D8
:10E14000000000000100000001040002020048413C
:10E150004C465F4252494447455F31000000000091
:10E16000000001000102034941000000000000001E
:10E170000000000000000000000000010249420011
:10E18000000000000000000000000000000000008F
:10E1900000020349430000000000000000000000EE
:10E1A0000000000000000002044A4D5F5541525437
:10E1B0005F310000000000000000000000010100CD
:10E1C000E8070000E8070000E80700000000000082
:10E1D000F41F00200000000000000000000000000C
:10E1E000090000000F010000150200001B030000E1
:10E1F000000000000000004800040048000800483B
:10E20000000C0048001000480014004800180048A6
:10E21000000000004021002000000000A421002098
:10E22000000000000822002054220020000000000E
:10E2300000000000A0220020000000004024002078
:10E2400000000000000000000000000000000000CE
:10E2500000000000000000000000000000000000BE
:10E2600004000000080000000C0000003C0000005A
:10E2700000000000EC220020000000000000000070
:10E28000000000000000000000000000000000008E
:10E2900080230020000000000000000000000000BB
:10E2A0000000000000000000000021104220633048
:10E2B0008440A550C660E770088129914AA16BB1DE
:10E2C0008CC1ADD1CEE1EFF1311210027332522286
:10E2D000B5529442F772D662399318837BB35AA32E
:10E2E000BDD39CC3FFF3DEE3622443342004011456
:10E2F000E664C774A44485546AA54BB5288509957E
:10E30000EEE5CFF5ACC58DD5533672261116300625
:10E31000D776F6669556B4465BB77AA719973887CD
:10E32000DFF7FEE79DD7BCC7C448E5588668A778E5
:10E330004008611802282338CCC9EDD98EE9AFF91D
:10E34000488969990AA92BB9F55AD44AB77A966AC5
:10E35000711A500A333A122AFDDBDCCBBFFB9EEB6D
:10E36000799B588B3BBB1AABA66C877CE44CC55C95
:10E37000222C033C600C411CAEED8FFDECCDCDDDBD
:10E380002AAD0BBD688D499D977EB66ED55EF44E65
:10E39000133E322E511E700E9FFFBEEFDDDFFCCF0D
:10E3A0001BBF3AAF599F788F8891A981CAB1EBA161
:10E3B0000CD12DC14EF16FE18010A100C230E320DD
:10E3C0000450254046706760B9839893FBA3DAB385
:10E3D0003DC31CD37FE35EF3B1029012F322D2322D
:10E3E0003542145277625672EAB5CBA5A895898555
:10E3F0006EF54FE52CD50DC5E234C324A01481047D
:10E400006674476424540544DBA7FAB79987B89724
:10E410005FE77EF71DC73CD7D326F2369106B016CC
:10E4200057667676154634564CD96DC90EF92FE9E4
:10E43000C899E9898AB9ABA944586548067827681C
:10E44000C018E1088238A3287DCB5CDB3FEB1EFBC4
:10E45000F98BD89BBBAB9ABB754A545A376A167A6C
:10E46000F10AD01AB32A923A2EFD0FED6CDD4DCD94
:10E47000AABD8BADE89DC98D267C076C645C454CBC
:10E48000A23C832CE01CC10C1FEF3EFF5DCF7CDF64
:10E490009BAFBABFD98FF89F176E367E554E745E0C
:10E4A000932EB23ED10EF01E1CE50008B1560008B6
:10E4B00000000000000000008000000001000200D9
:10E4C0000400060008000A000C00100020004000B4
:10E4D000800000010101010307010000080402049B
:10E4E0000801010100000000000000000102030417
:10E4F00006070809000000000102030400000000F4
:10E500006E83F9A22915444ED15727FCC0DD34F59E
:10E51000999562DB4190433CAB6351FE6465666153
:10E52000756C745461736B0000000000920E493CDE
:10E53000B10AC93C2BC3163D2EFB483D752B7B3DD4
:10E5400004A9963D80B6AF3D36BDC83D2FBCE13D28
:10E5500073B2FA3D87CF093E8340163EB5AB223EEB
:10E56000A2102F3ECF6E3B3EC2C5473E0115543E22
:10E57000135C603E7F9A6C3ECCCF783EC07D823E7D
:10E58000938E883E229A8E3E32A0943E86A09A3E7A
:10E59000E59AA03E128FA63ED47CAC3EEF63B23E1D
:10E5A0002A44B83E491DBE3E15EFC33E53B9C93E8D
:10E5B000CA7BCF3E4136D53E80E8DA3E4F92E03E00
:10E5C0007533E63EBBCBEB3EEA5AF13ECBE0F63E7E
:10E5D000275DFC3EE4E7003F3D9C033F824B063F46
:10E5E0009BF5083F6B9A0B3FDA390E3FCDD3103FB6
:10E5F0002A68133FD9F6153FC07F183FC6021B3F5C
:10E60000D17F1D3FCBF61F3F9967223F25D2243F84
:10E610005636273F1594293F4AEB2B3FDE3B2E3FD2
:10E62000BB85303FC9C8323FF304353F233A373FFB
:10E630004268393F3B8F3B3FF9AE3D3F67C73F3FA5
:10E6400070D8413F01E2433F03E4453F65DE473F69
:10E6500012D1493FF8BB4B3F029F4D3F207A4F3FBD
:10E660003D4D513F4918533F31DB543FE595563FEF
:10E670005348583F6AF2593F1A945B3F532D5D3F10
:10E6800005BE5E3F2146603F97C5613F5A3C633FF0
:10E6900059AA643F880F663FD86B673F3CBF683F0D
:10E6A000A7096A3F0C4B6B3F5E836C3F93B26D3F93
:10E6B0009ED86E3F73F56F3F0809713F5213723F4A
:10E6C0004714733FDD0B743F0BFA743FC6DE753F92
:10E6D00007BA763FC58B773FF853783F9812793F5A
:10E6E0009DC7793F02737A3FBE147B3FCDAC7B3F21
:10E6F000283B7C3FC9BF7C3FAC3A7D3FCCAB7D3FE4
:10E7000023137E3FB0707E3F6DC47E3F580E7F3F27
:10E710006D4E7F3FAB847F3F0FB17F3F97D37F3FED
:10E7200043EC7F3F11FB7F3F0000803F11FB7F3FA9
:10E7300043EC7F3F97D37F3F0FB17F3FAB847F3F59
:10E740006D4E7F3F580E7F3F6DC47E3FB0707E3F61
:10E7500023137E3FCCAB7D3FAC3A7D3FC9BF7C3FAE
:10E76000283B7C3FCDAC7B3FBE147B3F02737A3F9E
:10E770009DC7793F9812793FF853783FC58B773F13
:10E7800007BA763FC6DE753F0BFA743FDD0B743F68
:10E790004714733F5213723F0809713F73F56F3F7F
:10E7A0009ED86E3F93B26D3F5E836C3F0C4B6B3FC8
:10E7B000A7096A3F3CBF683FD86B673F880F663F39
:10E7C00059AA643F5A3C633F97C5613F2146603F69
:10E7D00005BE5E3F532D5D3F1A945B3F6AF2593F81
:10E7E0005348583FE595563F31DB543F4918533F56
:10E7F0003D4D513F207A4F3F029F4D3FF8BB4B3F6D
:10E8000012D1493F65DE473F03E4453F01E2433F04
:10E8100070D8413F67C73F3FF9AE3D3F3B8F3B3F1D
:10E820004268393F233A373FF304353FC9C8323F86
:10E83000BB85303FDE3B2E3F4AEB2B3F1594293FF3
:10E840005636273F25D2243F9967223FCBF61F3FFC
:10E85000D17F1D3FC6021B3FC07F183FD9F6153F31
:10E860002A68133FCDD3103FDA390E3F6B9A0B3F26
:10E870009BF5083F824B063F3D9C033FE4E7003F8A
:10E88000275DFC3ECBE0F63EEA5AF13EBBCBEB3EC9
:10E890007533E63E4F92E03E80E8DA3E4136D53EA3
:10E8A000CA7BCF3E53B9C93E15EFC33E491DBE3E9C
:10E8B0002A44B83EEF63B23ED47CAC3E128FA63EF3
:10E8C000E59AA03E86A09A3E32A0943E229A8E3EC1
:10E8D000938E883EC07D823ECCCF783E7F9A6C3E40
:10E8E000135C603E0115543EC2C5473ECF6E3B3EB1
:10E8F000A2102F3EB5AB223E8340163E87CF093E85
:10E9000073B2FA3D2FBCE13D36BDC83D80B6AF3D88
:10E9100004A9963D752B7B3D2EFB483D2BC3163D30
:10E92000B10AC93C920E493C00000000920E49BC5D
:10E93000B10AC9BC2BC316BD2EFB48BD752B7BBDD0
:10E9400004A996BD80B6AFBD36BDC8BD2FBCE1BD24
:10E9500073B2FABD87CF09BE834016BEB5AB22BEE7
:10E96000A2102FBECF6E3BBEC2C547BE011554BE1E
:10E97000135C60BE7F9A6CBECCCF78BEC07D82BE79
:10E98000938E88BE229A8EBE32A094BE86A09ABE76
:10E99000E59AA0BE128FA6BED47CACBEEF63B2BE19
:10E9A0002A44B8BE491DBEBE15EFC3BE53B9C9BE89
:10E9B000CA7BCFBE4136D5BE80E8DABE4F92E0BEFC
:10E9C0007533E6BEBBCBEBBEEA5AF1BECBE0F6BE7A
:10E9D000275DFCBEE4E700BF3D9C03BF824B06BF42
:10E9E0009BF508BF6B9A0BBFDA390EBFCDD310BFB2
:10E9F0002A6813BFD9F615BFC07F18BFC6021BBF58
:10EA0000D17F1DBFCBF61FBF996722BF25D224BF80
:10EA1000563627BF159429BF4AEB2BBFDE3B2EBFCE
:10EA2000BB8530BFC9C832BFF30435BF233A37BFF7
:10EA3000426839BF3B8F3BBFF9AE3DBF67C73FBFA1
:10EA400070D841BF01E243BF03E445BF65DE47BF65
:10EA500012D149BFF8BB4BBF029F4DBF207A4FBFB9
:10EA60003D4D51BF491853BF31DB54BFE59556BFEB
:10EA7000534858BF6AF259BF1A945BBF532D5DBF0C
:10EA800005BE5EBF214660BF97C561BF5A3C63BFEC
:10EA900059AA64BF880F66BFD86B67BF3CBF68BF09
:10EAA000A7096ABF0C4B6BBF5E836CBF93B26DBF8F
:10EAB0009ED86EBF73F56FBF080971BF521372BF46
:10EAC000471473BFDD0B74BF0BFA74BFC6DE75BF8E
:10EAD00007BA76BFC58B77BFF85378BF981279BF56
:10EAE0009DC779BF02737ABFBE147BBFCDAC7BBF1D
:10EAF000283B7CBFC9BF7CBFAC3A7DBFCCAB7DBFE0
:10EB000023137EBFB0707EBF6DC47EBF580E7FBF23
:10EB10006D4E7FBFAB847FBF0FB17FBF97D37FBFE9
:10EB200043EC7FBF11FB7FBF000080BF11FB7FBFA5
:10EB300043EC7FBF97D37FBF0FB17FBFAB847FBF55
:10EB40006D4E7FBF580E7FBF6DC47EBFB0707EBF5D
:10EB500023137EBFCCAB7DBFAC3A7DBFC9BF7CBFAA
:10EB6000283B7CBFCDAC7BBFBE147BBF02737ABF9A
:10EB70009DC779BF981279BFF85378BFC58B77BF0F
:10EB800007BA76BFC6DE75BF0BFA74BFDD0B74BF64
:10EB9000471473BF521372BF080971BF73F56FBF7B
:10EBA0009ED86EBF93B26DBF5E836CBF0C4B6BBFC4
:10EBB000A7096ABF3CBF68BFD86B67BF880F66BF35
:10EBC00059AA64BF5A3C63BF97C561BF214660BF65
:10EBD00005BE5EBF532D5DBF1A945BBF6AF259BF7D
:10EBE000534858BFE59556BF31DB54BF491853BF52
:10EBF0003D4D51BF207A4FBF029F4DBFF8BB4BBF69
:10EC000012D149BF65DE47BF03E445BF01E243BF00
:10EC100070D841BF67C73FBFF9AE3DBF3B8F3BBF19
:10EC2000426839BF233A37BFF30435BFC9C832BF82
:10EC3000BB8530BFDE3B2EBF4AEB2BBF159429BFEF
:10EC4000563627BF25D224BF996722BFCBF61FBFF8
:10EC5000D17F1DBFC6021BBFC07F18BFD9F615BF2D
:10EC60002A6813BFCDD310BFDA390EBF6B9A0BBF22
:10EC70009BF508BF824B06BF3D9C03BFE4E700BF86
:10EC8000275DFCBECBE0F6BEEA5AF1BEBBCBEBBEC5
:10EC90007533E6BE4F92E0BE80E8DABE4136D5BE9F
:10ECA000CA7BCFBE53B9C9BE15EFC3BE491DBEBE98
:10ECB0002A44B8BEEF63B2BED47CACBE128FA6BEEF
:10ECC000E59AA0BE86A09ABE32A094BE229A8EBEBD
:10ECD000938E88BEC07D82BECCCF78BE7F9A6CBE3C
:10ECE000135C60BE011554BEC2C547BECF6E3BBEAD
:10ECF000A2102FBEB5AB22BE834016BE87CF09BE81
:10ED000073B2FABD2FBCE1BD36BDC8BD80B6AFBD84
:10ED100004A996BD752B7BBD2EFB48BD2BC316BD2C
:10ED2000B10AC9BC920E49BC000000804CED00083D
:10ED300000000020D8000000746A000824EE0008DB
:10ED4000D8000020A8680000846A0008E8030000DA
:10ED500000000000000000000000000000000000B3
:10ED600000000000000000000000FFFF00000000A5
:10ED7000000000000000803F0000000000000000D4
:10ED8000000000004D4F544F52315F454E000000CF
:10ED9000000000000000000002020000000000006F
:10EDA0000000000010000000010000000000000052
:10EDB0000024F4000000000000000000000000003B
:10EDC0000000000000000000000000000000000043
:10EDD0000000000000000000000000000000000033
:10EDE0000000000000000000000000000000000023
:10EDF0000000000000000000000000000000000013
:10EE00000000000000000000000000000000000002
:10EE100000000000AAAAAAAA00000000000000004A
:04EE200000000000EE
:04000005080001D915
:00000001FF
