:020000040800F2
:10000000103E0120C10004082D2800088B2500089F
:100010007125040851070008E92A040800000000BF
:1000200000000000000000000000000001000408C3
:1000300011060408000000005D000408C128000843
:10004000DB000408DB000408DB000408DB00040814
:10005000DB000408DB000408DB000408DB00040804
:10006000DB000408DB000408DB0004086D0700085F
:10007000DB000408B9050408DB0004087907000860
:10008000C5050408DB000408CD050008AD0504081B
:1000900055070008A105040861070008DB000408F3
:1000A000DB00040809290008DB000408DB00040861
:1000B000DB000408DB000408DB000408DB000408A4
:1000C000DB000408DB000408DB000408DB00040894
:1000D000DB000408A12F0008DB000408DB00040893
:1000E000DB000408DB000408DB000408DB00040874
:1000F000DB00040805270408DB000408DB00040813
:10010000DB000408DB000408DB0004087525040894
:10011000192B0008DB000408DB000408DB000408DE
:1001200085070008DB000408D1050408DB0004088B
:10013000DB0004080000000000000000DB000408F1
:10014000DB000408DB000408DB000408DB00040813
:10015000DB000408DB00040891070008DB0004084A
:10016000DB000408DB000408DB000408DB000408F3
:10017000DB000408DB0004080000000000000000B1
:10018000DB000408DB000408DFF810D000F0B2F94F
:10019000004800478D5D0408AFF30080103E012049
:1001A000D2B201E000F8012B491EFBD270470022B9
:1001B000F6E710B513460A4604461946FFF7F0FF66
:1001C000204610BD10B5044604E00B7800F8013B52
:1001D00003B1491C521EF8D2204610BD30B50B4663
:1001E000014600202022012409E021FA02F59D4267
:1001F00005D303FA02F5491B04FA02F52844151E3B
:10020000A2F10102F1DC30BD202A04DB203A21FA00
:1002100002F00021704721FA02F3D040C2F120021F
:1002200091400843194670470029A8BF7047401CF9
:10023000490008BF20F00100704710B4B0FA80FCFC
:1002400000FA0CF050EA010404BF10BC704749B139
:10025000CCF1200421FA04F411FA0CF118BF0121A9
:1002600021430843A3EB0C01CB1D4FEA00614FEA89
:10027000102042BF002010BC704700EBC350104458
:100280000029A4BF10BC7047401C490008BF20F0E3
:10029000010010BC70472DE9FE4F804681EA030043
:1002A000C00F0C46009021F0004123F00045B8EB50
:1002B0000200A94105D24046214690461C460B4605
:1002C000024623F00040104347D0270DC7F30A0031
:1002D000C3F30A510290401A019040286BDAC3F32D
:1002E000130040F4801B0098924620B10023D2EB0B
:1002F000030A63EB0B0B01985946C0F140025046CC
:100300003FF052FF06460D4650465946019A00F00E
:1003100003F910EB08006141002487EA115284EAD6
:10032000E7731A4340D0009A62B3019A012A4FEA58
:10033000075215DC001B61EB02014FF0004202EA9C
:100340000752CDE90042001C41F5801132462B4690
:1003500040F00DF803B0BDE8F08F40462146F9E7C4
:10036000001B61EB0201001C41F5801300185B418A
:100370002018A2F5001747EB030140EAD570B61923
:100380006D4111E06D084FEA360645EAC0754FEA47
:100390000752001B61EB0201001C41F58011490866
:1003A0004FEA30000019514132462B4603B0BDE8F8
:1003B000F04F3FF0CDBF0098012240000023D0EB6A
:1003C000020263EBE073009821464FEAE074B8EB59
:1003D000000061EB0401E9E783F000435BE781F093
:1003E000004158E72DE9F04D81EA030404F0004B89
:1003F00021F0004514464FF0000A23F0004150EA76
:10040000050220D054EA01021DD0C5F30A57024666
:10041000C5F31303C1F31300C1F30A5640F480156A
:1004200043F48013A7EB0608101BD64608F2FD38EC
:1004300073EB050002D308F1010801E092185B415B
:10044000B8F1000F03DA00200146BDE8F08D00206E
:100450004FF48011064684460EE0171B73EB050728
:1004600005D3121B63EB050306434CEA010C490854
:100470004FEA300092185B4150EA0107EDD152EA91
:10048000030012D082EA040083EA0501084305D084
:10049000101BAB4106D20122002306E000224FF0E0
:1004A000004302E06FF0010253101AEB06004CEB20
:1004B000085110EB0A0041EB0B01BDE8F04D3FF095
:1004C00047BFC1F30A52C1F3130140F2FF3341F4B5
:1004D00080119A4202DA00200146704740F233430D
:1004E0009A42A2F2334202DC5242FFF78DBE3FF045
:1004F0005BBE0000064C074D06E0E06840F00103DB
:1005000094E8070098471034AC42F6D3FFF740FE5A
:1005100088D10008A8D10008202A06DBCB17203A92
:1005200041FA02F043EAE07306E041FA02F3D040F8
:10053000C2F1200291400843194670479FED201AEE
:100540009FED202A20EE010ABDEEC01A11EE100A1E
:10055000B5EE400AF1EE10FAB8BF013801EE100A0C
:10056000B8EEC11A30EE410A20EE020ABDEEC01A02
:100570009FED152A11EE100A002130EE021AB1EBA0
:10058000502F4BF6B8111CBF0020B0EE410AC0F648
:10059000040101EE100A01EB8001B8EE411A30EEC1
:1005A000410A91ED001A91ED012AB7EE003A33EEBF
:1005B000403A23EE011A20EE020A31EE000A70479B
:1005C00083F9223E00000044000000C410B5054835
:1005D00000F015FB044800F012FBBDE81040034892
:1005E00000F00DBBF43001203C31012084310120AA
:1005F00055494A6822F440324A604A6843681A43BF
:100600004A600268526822F4807203685A60026885
:100610005368026943EA022203685A60026852681A
:1006200022F0407203685A600268526883681A4375
:1006300003685A600268926822F4006203689A6054
:1006400002689268C3681A4303689A603F4B826AE3
:100650009A4218D00268926822F0706203689A6029
:1006600002689268836A1A4303689A600268926813
:1006700022F0405203689A6002689268C36A1A4383
:1006800003689A600BE00268926822F07062036867
:100690009A600268926822F0405203689A60026889
:1006A000926822F0020203689A6002689368027EF0
:1006B00043EA420203689A602022125CA2B10268F7
:1006C000526842F4006203685A600268526822F479
:1006D000604203685A6002685368426A521E43EAE5
:1006E000423203685A6005E00268526822F40062F0
:1006F00003685A600268D26A22F470020368DA6200
:100700000268D36A828B521E43EA02520368DA629D
:100710000268926822F4007203689A600268936823
:1007200090F8302043EA422203689A600268926897
:1007300022F4806203689A6002689368426943EA1F
:10074000822203689A607047002301400100000F75
:10075000FEE70000014800F0AFBC00002C32012091
:10076000014800F0A9BC00002C320120014800F033
:100770003BBE00000C330120014800F035BE0000F4
:10078000A4340120014800F02FBE0000CC3101202C
:10079000014800F029BE0000643501200146002018
:1007A0008A6A8B69CBB932B1012A0DD0022A03D0F3
:1007B000032A10D10EE000BFCB6A03F08073B3F1BF
:1007C000807F00D1012007E0CB6AB3F1C07F00D168
:1007D000012001E000E000BF34E08B69B3F5005F69
:1007E0001AD132B1012A07D0022A03D0032A11D12B
:1007F0000AE000BF01200EE0CB6A03F08073B3F182
:10080000807F00D1012006E0CB6AB3F1C07F00D128
:10081000012000E000BF15E032B1012A05D0022A14
:1008200004D0032A0CD103E000BF00BF012008E080
:10083000CB6A03F08073B3F1807F00D1012000E028
:1008400000BF00BF704730B50468246824F48024DA
:1008500005682C60046863608468402C04D10468D7
:10086000A2600468E16003E00468A1600468E260DB
:1008700030BD72B6FEE7000010B5002201B909E0F4
:10088000012901D10A0205E0022901D10A0201E091
:100890004FF440720E4B1B6823F440730C4C2360E2
:1008A00023461B681343236023461B6823F0780309
:1008B000236023461B68022444EAC0042343044CFB
:1008C000236023461B6843F48033236010BD00007F
:1008D000103C0240074A126822F44072054B1A602D
:1008E0001A4612681A601A46126842F001021A602B
:1008F00001707047103C024010B50A49096821F4A4
:100900004071084C21602146096841F44071216022
:100910002146096841F0010121600260BFF36F8F39
:10092000436010BD103C0240084A126822F4407235
:10093000064B1A601A46126842F480721A601A4610
:10094000126842F001021A6001807047103C0240B8
:1009500038B50146002000900022002300BF91F826
:100960003C00012801D1022038BD012081F83C0063
:1009700000BF0868806800F00100A0B908688068BE
:1009800040F001000D68A86035480068354DB0FBA7
:10099000F5F000EB4000009002E00098401E00904F
:1009A00000980028F9D10868806800F0010000284C
:1009B0004BD0086C42F20105A84340F48050086413
:1009C000086C00F4807008B90020486400BF002063
:1009D00081F83C0000BF401F0D682860224C606811
:1009E00000F01F00B0B90868806800F4401008B932
:1009F000012000E00020024608684068012525EA41
:100A000090230AB303B30868806840F480000D683F
:100A1000A86022E00868806800F4401008B901204E
:100A200000E00020024608684068012525EA90237E
:100A30000E4D0868A84210D132B12BB10868806809
:100A400040F480000D68A86007E0086C40F01000DA
:100A50000864486C40F001004864002084E700000E
:100A60000801002040420F00002301400020014007
:100A700038B502460020009000BF92F83C000128E3
:100A800001D1022038BD012082F83C0000BF086877
:100A9000092816D91068C0680C780A3C04EB440594
:100AA0000724AC40A0431468E0600C780A3C04EBD7
:100AB00044048868A0401468E46820431468E06037
:100AC00013E0106800690C7804EB44050724AC407F
:100AD000A043146820610C7804EB44048868A040AB
:100AE000146824692043146820614868072817D2D5
:100AF0001068406B0C79641E04EB84051F24AC4025
:100B0000A04314686063088880B20C79641E04EB0B
:100B10008404A0401468646B20431468606331E06F
:100B200048680D2817D21068006B0C79E41F04EB9D
:100B300084051F24AC40A04314682063088880B259
:100B40000C79E41F04EB8404A0401468246B204358
:100B50001468206316E01068C06A0C790D3C04EB41
:100B600084051F24AC40A0431468E062088880B26A
:100B70000C790D3C04EB8404A0401468E46A204323
:100B80001468E062194B1A4C1068A04206D108683C
:100B9000122803D1586840F480005860144C106843
:100BA000A0421CD10868102802D00868112816D16C
:100BB000586840F400005860086810280FD10D48AC
:100BC00000680D4CB0FBF4F000EB8000400000909A
:100BD00002E00098401E009000980028F9D100BF64
:100BE000002082F83C0000BF00BF4BE7002301401B
:100BF000002001400801002040420F0070472DE90D
:100C0000F041044600250026206807682068D0F8D7
:100C1000048007F0020508F0200695B38EB3206C1F
:100C200000F0100018B9206C40F4007020642068B7
:100C3000806800F04050E8B9207ED8B92068C06ACA
:100C400000F4700020B12068806800F4806088B9EA
:100C50002068406820F0200021684860206C20F463
:100C600080702064206C00F4805018B9206C40F033
:100C70000100206420463FF002FF6FF0120021685F
:100C8000086007F0040508F08006E5B3DEB3206CC9
:100C900000F0100018B9206C40F400502064206867
:100CA000806800F4401038BB2068806B00F440106E
:100CB00020B12068806800F48060E8B9206840684E
:100CC00000F48060C0B92068806800F0405098B996
:100CD000207E88B92068406820F080002168486044
:100CE000206C20F480502064206C00F4807018B9CF
:100CF000206C40F00100206420463FF085FE6FF03C
:100D00000C002168086007F0010508F0400685B175
:100D10007EB12068006800F0010050B1206C40F402
:100D200080302064204600F01BF86FF0010021683D
:100D3000086007F0200508F080667DB176B1606C30
:100D400040F0020060646FF02000216808602046D7
:100D50003FF096FE6FF0200021680860BDE8F0814A
:100D6000704700002DE9F04387B006460024029446
:100D700003940494059406943068594A594903250C
:100D8000594B6027DFF86481A0F180494FF0230CB4
:100D9000B9F5903933D0564EB0427AD1106840F44C
:100DA00000701060106800F400700190086840F056
:100DB00004000860086800F004000190086840F032
:100DC00001000860086800F001000190CDF808C03B
:100DD000039502A9184600F0A9FC02970395049414
:100DE00002A9404600F0A2FC00220521122040F09A
:100DF0000BF9122040F0F4F807B0BDE8F08310685A
:100E000040F480701060106800F4807001900868F1
:100E100040F004000860086800F0040001900868D1
:100E200040F001000860086800F001000190CDF872
:100E300008C0039502A9184600F078FC02970395B4
:100E4000049402A9404600F071FC2B4D294828600B
:100E50006C60AC60EC600015286140006861800047
:100E6000A8614011E8612C626C6228463FF056FF91
:100E700008B1FFF7FEFCB563AE6300220521122026
:100E800040F0C2F8122040F0ABF807B0BDE8F083A4
:100E9000FFE7A0F1804CBCF5913CF6D1106840F41E
:100EA00080601060106800F480600190086840F075
:100EB00004000860086800F00400019002950395A2
:100EC00002A9184600F032FC00220521122040F051
:100ED0009BF8122040F084F807B0BDE8F0830000D2
:100EE000443802403038024000080240000002400E
:100EF0000021014010640240CC3101202DE9F8436B
:100F000004460D46164600200090804600BF94F827
:100F10003C00012802D10220BDE8F883012084F8BA
:100F20003C0000BF2068806800F00100A0B9206884
:100F3000806840F001002168886056480068564982
:100F4000B0FBF1F000EB4000009002E00098401E82
:100F5000009000980028F9D12068806800F4807023
:100F6000B0F5807F05D12068806820F4807021680A
:100F700088602068806800F0010000287FD0206C25
:100F800040F20161884340F480702064206840682A
:100F900000F4806028B1206C20F4005040F48050B0
:100FA0002064206C00F48050B0F5805F04D1606C48
:100FB00020F00600606401E00020606400BF0020B3
:100FC00084F83C0000BF354F3548A16BC8633548F5
:100FD000A16B08643448A16BC8646FF022002168DB
:100FE00008602068406840F08060216848602068A0
:100FF000806840F4807021688860226802F14C01AA
:1010000033462A46A06B00F00FFB8046786800F05C
:101010001F0018BB25492068884213D02449206846
:10102000884204D1381D006800F01F0050B12149EA
:10103000206888422BD11948001D006800F01F006D
:10104000102824D22068806800F04050F8B9206849
:10105000806840F080402168886018E0134920686B
:10106000884214D12068806800F0405078B9206828
:10107000806840F080402168886008E0FFE7206CCD
:1010800040F010002064606C40F001006064404655
:1010900042E700000801002040420F000023014009
:1010A000F9040408910504087705040800200140AC
:1010B00000210140002201402DE9F05F0446002597
:1010C000206846692068D0F8049020688768206806
:1010D000D0F80CA02068D0F810B02068D0F81880A4
:1010E00006F00100002855D007F00100C0B1012032
:1010F0002168886007F0020018B1204600F006F968
:101100000EE007F0040010B145F4006508E007F0B8
:10111000080010B145F4805502E020463FF0FAFD8A
:1011200007F48070C8B14FF480702168886007F4BC
:10113000007018B1204600F0EAF80EE007F4806075
:1011400010B145F4005508E007F4006010B145F413
:10115000804502E020463FF0DEFD07F48030C8B154
:101160004FF480302168886007F4003018B12046C1
:1011700000F0CEF80EE007F4802010B145F40045F1
:1011800008E007F4002010B145F4803502E0204665
:101190003FF0C2FD06F0080038B10AF0100020B19F
:1011A00045F4007510202168C86006F0040040B1C5
:1011B0000AF0080028B108202168C860204600F025
:1011C000A2F806F0020038B12068C06800F0030001
:1011D00010B120463FF09CFD06F0400038B10BF006
:1011E000100020B145F4806510202168086106F0E8
:1011F000200040B10BF0080028B1082021680861E8
:10120000204600F081F806F0100038B1206800692F
:1012100000F0030010B120463FF07BFD06F40030E3
:1012200040B109F0100028B1102021684860204624
:1012300000F06BF806F4803040B109F0080028B1E6
:1012400008202168486020463FF067FD06F4004012
:1012500088B309F0040078B306F4807020B108F078
:10126000010008B145F0010506F4007020B108F056
:10127000020008B145F0020506F4806020B108F0D4
:10128000040008B145F0040506F40060A0B108F0C0
:10129000700088B108F07000402817D006DC1028D4
:1012A0000BD020280CD0302819D10CE0502810D0B9
:1012B000602814D110E01DE019E045F008050FE0AA
:1012C00045F010050CE045F0200509E045F040052B
:1012D00006E045F0800503E045F4807500E000BFBE
:1012E00000BF2068806920F07000216888610420B8
:1012F000216848602DB1606A2843606220463FF053
:10130000F5FBBDE8F09F7047704770477047704726
:10131000704770B50446A56D3FF014FE064694F87C
:101320003500022808D08020606500BF002084F8C6
:10133000340000BF012070BD2068006820F0160056
:10134000216808602068406920F0800021684861B9
:10135000206C08B9A06C28B12068006820F0080053
:10136000216808602068006820F00100216808609A
:1013700010E03FF0E7FD801B05280BD920206065B9
:10138000032084F8350000BF002084F8340000BF3B
:101390000320D0E72068006800F001000028E8D1B1
:1013A00094F85C103F208840A860012084F8350044
:1013B00000BF002084F8340000BF00BFBBE7014637
:1013C00091F83500022803D080204865012070473D
:1013D000052081F835000868006820F001000A68DF
:1013E00010600020F3E70000F8B5044600200090EC
:1013F0008C4800684FF41651B0FBF1F7A56D2E68CC
:1014000094F85C1008208840304098B1206800684B
:1014100000F0040070B12068006820F0040021682A
:10142000086094F85C1008208840A860606D40F067
:101430000100606594F85C1001208840304068B17C
:101440002068406900F0800040B194F85C100120F1
:101450008840A860606D40F00200606594F85C1000
:1014600004208840304068B12068006800F0020025
:1014700040B194F85C1004208840A860606D40F092
:101480000400606594F85C1010208840304078B308
:101490002068006800F0080050B394F85C10102039
:1014A0008840A8602068006800F4802080B120682F
:1014B000006800F4002028B9206CC8B12046216CD7
:1014C000884715E0A06C98B12046A16C88470FE0D2
:1014D0002068006800F4807028B92068006820F057
:1014E000080021680860206C10B12046216C8847F4
:1014F00094F85C10202088403040002865D0206897
:10150000006800F0100000285FD094F85C102020E4
:101510008840A86094F83500052828D12068006824
:1015200020F01600216808602068406920F08000E3
:1015300021684861206C08B9A06C28B12068006857
:1015400020F008002168086094F85C103F20884073
:10155000A860012084F8350000BF002084F8340022
:1015600000BF206D10B12046216D8847F8BD20686E
:10157000006800F4802080B12068006800F400203A
:1015800028B9606C10B12046616C88471DE0E06BA3
:10159000D8B12046E16B884717E02068006800F466
:1015A000807068B92068006820F010002168086029
:1015B000012084F8350000BF002084F8340000BF0B
:1015C000E06B10B12046E16B8847606D38B3606D09
:1015D00000F00100F0B1052084F8350020680068B3
:1015E00020F001002168086000BF0098401C0090B6
:1015F000B84200D905E02068006800F0010000282A
:10160000F3D100BF012084F8350000BF002084F82A
:10161000340000BFE06C10B12046E16C884700BF89
:10162000A4E70000080100202DE9F04704460D461C
:1016300016461F464FF00008D4F8589000BF94F8A3
:101640003400012802D10220BDE8F087012084F88F
:10165000340000BF94F83500012825D1022084F819
:101660003500002060653B46324629462046FFF79C
:10167000EAF894F85C103F208840C9F80800206818
:10168000006840F0160021680860206C28B12068CE
:10169000006840F00800216808602068006840F099
:1016A00001002168086006E000BF002084F83400D3
:1016B00000BF4FF002084046C6E7000070B5044680
:1016C0003FF040FC06462546681C10B104480078EF
:1016D000054400BF3FF036FC801BA842FAD370BD22
:1016E000040100200348006840F000400149086000
:1016F00000207047103C024000200949096801F0B1
:10170000004159B10749064A0C3A11600649116077
:101710000349096801F0004101B101207047000050
:10172000103C024023016745AB89EFCDF8B5024676
:101730000B460025002400200021D6E0012606FAF1
:1017400001F51E6806EA0504AC4274D11E7906F064
:101750000306012E04D01E7906F00306022E13D1D3
:1017600090684F000326BE40B0434F00DE68BE4085
:1017700030439060506801268E40B0431E79C6F316
:1017800000168E40304350601E7906F00306032E8B
:1017900009D0D0684F000326BE40B0434F009E687A
:1017A000BE403043D0601E7906F00306022E13D1EE
:1017B000CF0802F1200656F827004E07F70E0F2635
:1017C000BE40B0434F07FF0E1E69BE403043CF08F6
:1017D00002F1200646F8270010684F000326BE409D
:1017E000B0431E7906F003064F00BE403043106040
:1017F0005E6806F44036002E76D000BF00260096C4
:101800003C4E366846F480463A4F3E603E46366867
:1018100006F48046009600BF00BF374E8F0856F88A
:1018200027008E07370F0F26BE40B043334EB2421B
:1018300002D1002624E057E0314EB24201D1012608
:101840001EE0304EB24201D1022619E02E4EB242C5
:1018500001D1032614E02D4EB24201D104260FE03F
:101860002B4EB24201D105260AE02A4EB24201D1E6
:10187000062605E0284EB24201D1072600E00826E0
:101880008F073F0FBE4030431B4E8F0846F827009E
:10189000224E3068A0435E6806F4801606B12043ED
:1018A0001E4E3060361D3068A0435E6806F4001698
:1018B00006B12043194E361D3060184E361F306871
:1018C000A0435E6806F4003606B12043134E361F6F
:1018D0003060361F3068A0435E6806F4803606B17B
:1018E00020430E4E083E3060491C1029FFF426AFFD
:1018F000F8BD0000443802400838014000000240B2
:101900000004024000080240000C024000100240A7
:101910000014024000180240001C0240083C014034
:101920000AB1816101E00B048361704730B587B073
:10193000054600241E48016841F48071016000687A
:1019400000F48070009001A902A800F04FF80598FB
:10195000A8B13FF05FFC40001649B0FBF1F0411E1A
:101960001648154A026040F2E732C26041600461E5
:101970008460846140F0FAF904461CB115E03FF040
:1019800049FCE9E70D4800F079F904466CB92D20CF
:101990003FF026FB102D07D2002229462D203FF0D4
:1019A00033FB0748056000E0012407B0204630BD46
:1019B0004038024040420F0000200040C435012062
:1019C0000001002000BF00F00702064B19684FF627
:1019D000FF031940044B0B4343EA0221014B1960FA
:1019E00000BF70470CED00E00000FA050F22026016
:1019F0000D4A126802F0030242600B4A126802F0BC
:101A0000F0028260084A126802F4E052C260064A9C
:101A1000126802F46042D2080261044A126802F0BD
:101A200007020A607047000008380240003C02408C
:101A300000B53FF0E9FB04490968C1F34231034AAC
:101A4000515CC84000BD00000838024080D1000849
:101A5000704700002DE9F04786B005460024019448
:101A600002940394049405942868A0F18041B1F590
:101A700070515CD12F48016841F400410160006859
:101A800000F4004000902C48016841F0040101601E
:101A9000006800F0040000904FF4E0500190022034
:101AA0000290032004900620059001A92348FFF727
:101AB0003DFE244E2248306074604020B060F460E7
:101AC000070137614FF40068C6F814804FF40059DD
:101AD000C6F81890F4614FF4803AC6F820A07462FA
:101AE00030463FF01BF908B1FEF7C3FEAE64B563A4
:101AF000164E154830607460B460F4603761C6F803
:101B00001480C6F81890F461C6F820A074623046BC
:101B10003FF004F908B1FEF7ACFEEE64B5630022B5
:101B2000052133203FF070FA33203FF059FA06B018
:101B3000BDE8F087403802403038024000080240DB
:101B400088600240AC320120106002400C3301205A
:101B5000704710B50346002200BF93F83C000128EF
:101B600001D1022010BD012083F83C0000BF22F00B
:101B7000FF00CC6840EA040222F440708C6840EA1E
:101B8000040222F480604C6840EA040222F40060FF
:101B90000C6840EA040222F480500C6940EA040216
:101BA00022F400504C6940EA040222F48040CC69DF
:101BB00040EA04021868426400BF002083F83C0039
:101BC00000BF00BFCEE7000030B502460B4600BFA5
:101BD00092F83C00012801D1022030BD012082F89A
:101BE0003C0000BF022082F83D0010684468106885
:101BF000816824F070041868044310684460184D2C
:101C00001068A8421BD01068B0F1804F17D0154D56
:101C10001068A84213D0144D1068A8420FD0134D7D
:101C20001068A8420BD0124D1068A84207D0114D81
:101C30001068A84203D0104D1068A84205D121F0C9
:101C400080015868014310688160012082F83D00DE
:101C500000BF002082F83C0000BF00BFBDE70000CD
:101C6000000001400004004000080040000C00405B
:101C7000000401400040014000180040014691F876
:101C80003D00012801D001207047022081F83D006D
:101C90000868C06840F001000B68D8601A4B0868FB
:101CA00098421BD00868B0F1804F17D0174B0868D6
:101CB000984213D0164B086898420FD0154B08680D
:101CC00098420BD0144B0868984207D0134B086811
:101CD000984203D0124B086898420CD1086880687B
:101CE00000F00702062A0CD00868006840F00100E6
:101CF0000B68186005E00868006840F001000B6898
:101D000018600020C0E7000000000140000400400F
:101D100000080040000C0040000401400040014069
:101D2000001800402DE9F04104460D46002700BF91
:101D300094F83C00012802D10220BDE8F081012086
:101D400084F83C0000BF022084F83D0020688668CB
:101D500026F0770626F47F4620688660286850289B
:101D600033D00CDC202850D004DC00284BD01028C5
:101D700051D149E0302849D040284CD139E0602881
:101D80002DD0702807D0B0F5805F03D0B0F5005F8C
:101D900041D10DE041E0D5E902136A68206840F0C6
:101DA00038FD2068866846F077062068866034E053
:101DB000D5E902136A68206840F02BFD206880682E
:101DC00040F480402168886027E0EA6869682068FC
:101DD00000F08EFE5021206840F026FD1DE0EA68EC
:101DE0006968206840F029FD6021206840F01CFDF2
:101DF00013E0EA686968206800F07AFE40212068F4
:101E000040F012FD09E000BF00BF00BF2968206854
:101E100040F00AFD01E0012700BF00BF012084F867
:101E20003D0000BF002084F83C0000BF384684E736
:101E3000704770B504462068C5682068066906F0DA
:101E40000200022819D105F00200022815D1401F16
:101E500021680861012020772068806900F0030074
:101E600018B12046FFF7E4FF05E0204640F00EF8E9
:101E7000204640F03FF80020207706F004000428B8
:101E800019D105F00400042815D1C0432168086168
:101E9000022020772068806900F4407018B1204645
:101EA000FFF7C6FF05E020463FF0F0FF204640F078
:101EB00021F80020207706F00800082819D105F045
:101EC0000800082815D1C043216808610420207744
:101ED0002068C06900F0030018B12046FFF7A8FF92
:101EE00005E020463FF0D2FF204640F003F80020F6
:101EF000207706F01000102819D105F010001028E6
:101F000015D1C04321680861082020772068C06986
:101F100000F4407018B12046FFF78AFF05E0204624
:101F20003FF0B4FF20463FF0E5FF0020207706F0A9
:101F3000010048B105F0010030B16FF001002168E7
:101F40000861204640F0B2F806F08000802809D1F0
:101F500005F08000802805D1C04321680861204633
:101F60003FF044FE06F04000402809D105F0400053
:101F7000402805D1C04321680861204600F092F84E
:101F800006F02000202809D105F02000202805D1E6
:101F9000C043216808612046FFF7DAFD70BD2DE9D6
:101FA000F04104460D461646002700BF94F83C0059
:101FB000012802D10220BDE8F081012084F83C0014
:101FC00000BF36B1042E1BD0082E31D00C2E5ED1AE
:101FD00045E02946206800F0AFFC2068806940F0A9
:101FE0000800216888612068806920F00400216869
:101FF000886120688069296908432168886148E010
:102000002946206800F0D0FC2068806940F4006018
:10201000216888612068806920F480602168886177
:1020200020688069296940EA01202168886130E0E0
:102030002946206800F0F6FC2068C06940F00800DE
:102040002168C8612068C06920F004002168C86167
:102050002068C069296908432168C86119E02946D8
:10206000206800F01BFD2068C06940F40060216812
:10207000C8612068C06920F480602168C861206858
:10208000C069296940EA01202168C86101E001278F
:1020900000BF00BF00BF002084F83C0000BF3846EE
:1020A00089E77047704770472DE9F84F044620686C
:1020B00005682068C668206847694FF00009CA466D
:1020C00005F00F09B9F1000F0AD105F0200038B171
:1020D00006F0200020B1204640F088FCBDE8F88FD3
:1020E000B9F1000F7CD007F0010018B906F4907028
:1020F000002875D005F0010030B106F4807018B1E9
:10210000606C40F00100606405F0040030B107F03D
:10211000010018B1606C40F00200606405F002003C
:1021200030B107F0010018B1606C40F00400606449
:1021300005F0080048B106F0200010B907F00100D2
:1021400018B1606C40F008006064606C002846D0F4
:1021500005F0200028B106F0200010B1204640F024
:1021600045FC20684069C0F3801A606C00F00800EC
:1021700010B9BAF1000F2DD0204640F0DEFB2068E8
:10218000406900F04000402820D100BF00BF216816
:10219000143151E8001F21F040002168143141E85A
:1021A0000002002AF3D100BFE06B50B17F48E16B21
:1021B0000865E06BFFF703F988B1E06B016D8847B4
:1021C0000DE02046FFF76FFF09E009E02046FFF72A
:1021D0006AFF04E02046FFF766FF002060647DE7A9
:1021E000206B012878D105F01000002874D006F08B
:1021F00010000028FAD000BF00200090206800687E
:10220000009020684068009000BF00BF20684069CF
:1022100000F04000402870D1E06B006840681FFA71
:1022200080F8B8F1000F58D0A08D404555DDA4F8D6
:102230002E80E06BC069B0F5807F43D000BF00BF47
:1022400021680C3151E8001F21F4807021680C31A5
:1022500041E80002002AF3D100BF00BF00BF21689F
:10226000143151E8001F21F001002168143141E8C8
:102270000002002AF3D100BF00BF00BF2168143163
:1022800051E8001F21F040002168143141E80002AC
:10229000002AF3D100BF202084F8420000202063F0
:1022A00000BF00BF21680C3151E8001F21F0100071
:1022B00021680C3141E80002002AF3D100BFE06B35
:1022C000FFF727F802206063A08DE28D801A81B2AB
:1022D00020463FF0F4FE0EE052E0A08D40450AD1CA
:1022E000E06BC069B0F5807F05D102206063A18DED
:1022F00020463FF0E4FEF1E6FFE7A08DE18D401AB5
:102300001FFA80F8E08DD0B3B8F1000F37D000BFCE
:1023100000BF21680C3151E8001F21F49070216842
:102320000C3141E80002002AF3D100BF00BF00BF1A
:102330002168143151E8001F21F001002168143197
:1023400041E80002002AF3D100BF202084F84200B7
:102350000020206300BF00BF21680C3151E8001F3E
:1023600021F0100021680C3141E80002002AF3D16D
:1023700000BF02206063414620463FF0A0FEADE66C
:1023800005F0800030B106F0800018B1204600F062
:1023900091FDA3E605F0400030B106F0400018B111
:1023A000204640F000FB99E600BF97E64D2B000861
:1023B0002DE9F04F87B0044600250295039504955A
:1023C00005950695206802266249B706A0F180426D
:1023D0004FF003094FF4807A4FF48068B2F59842C9
:1023E00057D0A0F18042B2F588324FD15A480268E6
:1023F00042F010020260006800F0100001900868CE
:1024000040F002000860086800F002000190C0205F
:1024100002900396CDF814900720069002A94F4829
:10242000FFF784F94F4E4E4830607760B560F56035
:10243000C6F810807561B561C6F81CA0356275627A
:1024400030463EF06BFC08B1FEF713FAE663B46366
:10245000464E4548306077604020B060F560C6F871
:1024600010807561B561F5613562756230463EF088
:1024700055FC08B1FEF7FDF9A663B46300220521FF
:1024800025203EF0C1FD25203EF0AAFD07B0BDE8A5
:10249000F08F3748026842F400220260006800F4BE
:1024A00000200190086840F001000860086800F012
:1024B000010001900120029003960496CDF814903B
:1024C0004FF0080BCDF818B002A92A48FFF72EF9F3
:1024D000029603960495CDF81490CDF818B002A991
:1024E0002448FFF723F9254E234830607760B56014
:1024F000F560C6F810807561B561C6F81CA035623C
:10250000756230463EF00AFC08B1FEF7B2F9E663A8
:10251000B4631C4E1A48306077604020B060F560AC
:10252000C6F810807561B561F56135627562304637
:102530003EF0F4FB08B1FEF79CF9A663B4630022F9
:10254000052134203EF060FD34203EF049FD07B007
:10255000BDE8F08F303802404438024000040240A9
:102560004064024004350120B86402406435012013
:1025700040380240000002404060024044340120E4
:1025800070600240A43401207047FEE730B58DB082
:102590000024089409940A940B94009401940294E2
:1025A00003940494059406940794244822490160F6
:1025B0004FF480314160846001250561047680F824
:1025C0002040C4621E498162C460C56180F8304009
:1025D00045613EF057FA08B1FEF74BF90620089026
:1025E00009950A9408A91548FEF742FA08B1FEF7C2
:1025F00040F90A20009001950220049003200290E7
:102600004FF48010079006948DF815408DF8144013
:102610000394694609483EF0E3F808B1FEF729F94A
:102620000B200090694605483EF0DAF8002801D0FA
:10263000FEF71FF90DB030BD00200140F43001203D
:102640000100000F70B58CB00024089409940A941E
:102650000B940094019402940394049405940694BA
:10266000079420481E4901604FF48036466084601C
:102670000461047680F820400905C1624FF0606172
:102680008162C4600125C56180F8304045613EF03B
:10269000F9F908B1FEF7EDF80520089009950A94BC
:1026A00008A91048FEF7E4F908B1FEF7E2F80A209D
:1026B00000900195049502944FF4801007900696BF
:1026C0008DF815408DF814400394694605483EF096
:1026D00087F8002801D0FEF7CCF80CB070BD0000E0
:1026E000002101403C310120F0B587B00024029464
:1026F00003940494059406943848016841F0040159
:102700000160016801F004010191016841F080015C
:102710000160016801F080010191016841F001014F
:102720000160016801F001010191016841F00201BD
:102730000160016801F002010191016841F00801A6
:102740000160006800F008000190254E012251034D
:102750003046FFF7E5F8234F012204213846FFF702
:10276000DFF80022B1143846FFF7DAF84FF40050D2
:102770000290012503950494059402A93046FEF7C2
:10278000D5FF102002900394049402A93046FEF76E
:10279000CDFF41F20400029003950494059402A930
:1027A0003846FEF7C3FFE80302900394049402A99D
:1027B0000D48FEF7BBFF042002900394049502A984
:1027C0000A48FEF7B3FF082002900394049402A97C
:1027D0003846FEF7ABFF07B0F0BD000030380240CE
:1027E000000802400004024000000240000C0240C9
:1027F00010B50C480A4901600B4941600021816015
:10280000C16001610C2242618161C1613FF058FCED
:10281000002803D0BDE81040FEF72BB810BD000023
:10282000004C0040B433012080841E00FEE700000D
:102830007CB504460E461546334601220221204649
:1028400000953FF0A7FE28B1606D40F02000606564
:1028500003207CBD164800681821B0FBF1F0154933
:10286000B0FBF1F04FF47A71484301906068B0F525
:10287000827F0DD1334600228021204600953FF013
:1028800089FE98B1606D40F0200060650320E0E7AC
:1028900000BF019800B908E00198401E019020682F
:1028A0008068C0F3C0100028F3D100BF0020D0E73B
:1028B0000801002040420F00012045F0D7FCFBE753
:1028C00010B500BF502080F31188BFF34F8FBFF3C6
:1028D0006F8F00BF47F010FE18B14FF080500449D1
:1028E000086000BF002080F3118800BF10BD000009
:1028F00004ED00E00348006840F4700001490860FE
:102900007047000088ED00E00148FFF792BA000030
:102910006C33012030B501F00F05042404FA05F3EF
:10292000046A9C430462046A01F00F0502FA05F58B
:102930002C43046230BD000030B5026A056A25F000
:10294000010505624368846924F0700424F00304DF
:102950000D682C4322F002028D682A43104DA842D4
:1029600000D103E00F4DA84206D100BF22F00802BB
:10297000CD682A4322F00402094DA84202D0094D35
:10298000A84207D123F4807323F400734D692B43CD
:102990008D692B43436084614D684563026230BD9D
:1029A000000001400004014030B5026A056A25F0CC
:1029B000100505624368846924F4E04424F44074FB
:1029C0000D6844EA052422F020028D6842EA0512CF
:1029D000124DA84200D103E0114DA84207D100BF1B
:1029E00022F08002CD6842EA051222F040020B4D2F
:1029F000A84202D00A4DA84209D123F4806323F4EF
:102A000000634D6943EA85038D6943EA85034360AA
:102A100084614D688563026230BD000000000140A2
:102A20000004014030B5026A056A25F4807505622C
:102A30004368C46924F0700424F003040D682C4337
:102A400022F400728D6842EA0522124DA84200D19C
:102A500003E0114DA84207D100BF22F40062CD6807
:102A600042EA052222F480620A4DA84202D00A4DB1
:102A7000A84209D123F4805323F400534D6943EA5B
:102A800005138D6943EA05134360C4614D68C5634E
:102A9000026230BD000001400004014030B5036A0D
:102AA000056A25F4805505624468C26922F4E04253
:102AB00022F440720D6842EA052223F400538D6827
:102AC00043EA0533084DA84202D0084DA84204D17C
:102AD00024F480444D6944EA85144460C2614D6821
:102AE0000564036230BD00000000014000040140A5
:102AF00030B50B461446026A056A25F001050562E9
:102B0000816921F0F00141EA041122F00A021A431E
:102B10008161026230BD000010B50A48D0F85C1631
:102B2000002909D0084800680068C0F3001405486F
:102B300088470CB143F0C8F8BDE810400248FFF7E1
:102B4000B3BA0000041E0020B433012070B504465F
:102B5000A56B0020E8852846FFF7A5FA70BD70B583
:102B600006460025B46B20684069C0F3C01594F890
:102B70004100212805D125B10020E08420463FF006
:102B800022FF20684069C0F3801594F84200222893
:102B900005D125B10020E08520463FF0CEFE606CD7
:102BA00040F0100060642046FFF77DFA70BD000021
:102BB0002DE9F84F04462068006920F44050E16890
:102BC0000843216808612169A068084361690843D6
:102BD000E169084300902068C06849F20C618843AD
:102BE000009908432168C8602068406920F440705B
:102BF000A16908432168486176492068884203D06A
:102C000075492068884203D1FEF712FF814602E031
:102C10003EF000FB8146E069B0F5004F6CD1022028
:102C20006168A0FB015003461920A9FB0070014612
:102C30002A4638463DF056FA6421B0FBF1F04FEADF
:102C4000001A02206168A0FB01510B461920A9FB64
:102C500000712A4638463DF045FA834602206168F5
:102C6000A0FB015003461920A9FB00712A463846F3
:102C70003DF038FA6421B0FBF1F000EBC00101EB4C
:102C80000010ABEB8000322101EBC0006421B0FBEF
:102C9000F1F000F0F8000AEB400A02206168A0FBA6
:102CA000015003461920A9FB007001462A46384608
:102CB0003DF018FA834602206168A0FB01500346EC
:102CC0001920A9FB00712A4638463DF00BFA642111
:102CD000B0FBF1F000EBC00101EB0010ABEB8000AA
:102CE000322101EBC0006421B0FBF1F000F00700DD
:102CF0005044216888606AE004206168A0FB0150AC
:102D000003461920A9FB007001462A4638463DF0CB
:102D1000E9F9824604206168A0FB015003461920AE
:102D2000A9FB007001462A4638463DF0DBF96421D4
:102D3000B0FBF1F000EBC00101EB0010AAEB80004A
:102D4000322101EB00106421B0FBF1F000F0F00A39
:102D500004206168A0FB017003461920A9FB005103
:102D60003A4628463DF0BEF96421B0FBF1F00AEB8B
:102D7000001A04206168A0FB01510B461920A9FB31
:102D800000712A4638463DF0ADF98346042061685B
:102D9000A0FB015003461920A9FB007001462A46FA
:102DA00038463DF09FF96421B0FBF1F000EBC00123
:102DB00001EB0010ABEB8000322101EB001064212D
:102DC000B0FBF1F000F00F00504421688860BDE8CE
:102DD000F88F0000001001400014014077B581B069
:102DE000044615460298A062A58500206064222052
:102DF00084F842002C48E16BC8632C48E16B0864FE
:102E00002B48E16BC8640020E16B086502AE3268B4
:102E10002368191D2B46E06BFEF706FC38B1102025
:102E20006064202084F84200012004B070BD00BF1F
:102E300000200090206800680090206840680090A2
:102E400000BF00BF206970B100BF00BF21680C3116
:102E500051E8001F41F4807021680C3141E8000204
:102E6000002AF3D100BF00BF00BF2168143151E830
:102E7000001F41F001002168143141E80002002ADE
:102E8000F3D100BF00BF00BF2168143151E8001F1B
:102E900041F040002168143141E80002002AF3D1DA
:102EA00000BF0020C1E700006328040817290408B8
:102EB0005F2B0008014691F84100212828D188683D
:102EC000B0F5805F0BD1086948B90A6A1088C0F371
:102ED00008000B685860086A801C086205E00B6AED
:102EE000581C086218780B685860C88C401E80B265
:102EF000C88458B90868C06820F080000B68D860A2
:102F00000868C06840F040000B68D8600020704737
:102F10000220FCE72DE9F84304460D461746984683
:102F2000089E31E0701C70B33EF00CF8A0EB080076
:102F3000B04200D816B90320BDE8F8832068C06805
:102F400000F00400F8B1802D1ED0402D1CD0206868
:102F50000068C0F3C000B0B100BF0020009020683E
:102F60000068009020684068009000BF00BF2046C5
:102F70003FF0E3FC0820606400BF002084F84000BC
:102F800000BF0120D8E7FFE7206800682840A8427A
:102F900001D1012000E00020B842C3D00020CBE7DF
:102FA0000148FFF781B80000FC3301200FB4054B46
:102FB00010B503A9044A029800F0E2F810BC5DF8CD
:102FC00014FB00002754040878010020DFED020AFA
:102FD00080EEA00A704700000000000002E008C870
:102FE000121F08C1002AFAD170477047002001E083
:102FF00001C1121F002AFBD1704700002DE9FF5FBD
:1030000082B00021DDE90430020DDDF840B0034359
:1030100018D044F61050A2F2FF3242431514119812
:1030200001281FD0A5EB0B00401C5FEA000A4FF0FF
:1030300000064E4FDFF83891B046504615D5CAF11C
:10304000000413E0119801244AA3012801D16FEA7A
:103050000B010298119AC0E90031C0E9024206B0A2
:10306000BDE8F09FCBF10000DFE704460021404AB5
:10307000491842EB0450CDE9001012E0E00707D0F8
:1030800032463B46404649463DF0D8F880468946A0
:1030900032463B46104619463DF0D0F806460F46EC
:1030A0006410002CEAD1DDE90401DDE90023BAF166
:1030B000000F06DA3DF0C2F842464B463DF0BEF83E
:1030C00005E0FDF78FF942464B46FDF78BF90446C4
:1030D0000E460022284B3DF023F903D84FF0FF3075
:1030E000014607E00022254B20463146FDF7D3F884
:1030F000FDF7E7F9102409E0002C0ADB0A2200237F
:103100003CF0F0FF039B30321A55641E50EA010276
:10311000F2D1641C039AC4F111031444119A012AD8
:1031200003D0012208430DD10AE0084304D0002057
:103130004FF0110B119072E7A3EB0B056D1E0DE024
:103140005B4504DD4FF0000205F1010504E003DA00
:103150004FF00002A5F10105002AECD00298119968
:10316000C0E90231C0E9004579E7000000001440E1
:103170000000F03F300000000000F0430000E03F9E
:103180002DE9FF4F95B09A46884606460025EEE1A8
:10319000252877D100242746F94A0121039400E02D
:1031A000044316F8013F203B01FA03F01042F7D127
:1031B00030782A2811D06FF02F033078A0F1300238
:1031C000092A16D8039A44F0020402EB820203EBA8
:1031D00042021044761C0390EFE758F8042B039248
:1031E000002A03DA504244F40054039044F00204ED
:1031F000761C30782E2816D116F8010F44F00404FE
:103200002A280DD06FF02F023078A0F13003092B5F
:1032100009D807EB870302EB4303C718761CF3E7D3
:1032200058F8047B761C30786C280FD006DC4C28CC
:1032300017D068280DD06A2814D104E0742810D063
:103240007A280FD10DE044F400140AE044F480140D
:1032500001E044F440147278824202D104F58014F3
:10326000761C761C307866280BD013DC582877D073
:1032700009DC002875D04528F6D04628F4D0472828
:103280001AD193E118E0632835D0642879D06528F5
:1032900012D18BE1702873D008DC6728F1D069283F
:1032A0006FD06E280DD06F2806D1ACE073282CD0DB
:1032B000752874D0782853D05246179990476D1CC2
:1032C00054E1C4F30250022809D003280DD0D8F8E5
:1032D000001004280DD00D6008F1040846E1D8F86C
:1032E0000010EA17C1E90052F6E7D8F800100D8087
:1032F000F2E70D70F0E718F8041B8DF800100020BD
:103300008DF80100EB46012003E058F804BB4FF0B4
:10331000FF3061074FF0000102D40DE009F1010117
:103320008946B9420FDA8145F8DB1BF809100029FC
:10333000F4D108E009F1010189468142FADB1BF86A
:1033400009100029F6D103985346A0EB090721463E
:103350003846179A00F06EFA284400EB090507E09A
:1033600044E008E10DE01BF8010B52461799904725
:10337000B9F10109F7D2534621463846179AF2E0CF
:1033800039E00A21C4F302524FF0000B0091022AE7
:1033900006D058F8040BC117032A09D00AE023E02D
:1033A00008F1070020F00702F2E80201904605E06C
:1033B00000B2C117042A01D140B2C117002906DAB0
:1033C0000A460021404261EB02012D2202E0220563
:1033D00004D52B228DF80420012203E0E20701D05E
:1033E0002022F7E7914657E00A2100E010214FF034
:1033F000000B00910BE010214FF0000B44F004048F
:103400000827009103E008204FF0000B0090C4F360
:103410000252022A05D058F8040B0021032A08D0D2
:1034200008E008F1070020F00702F2E802019046E8
:1034300003E080B2042A00D1C0B24FF00009220795
:103440002AD53278702A07D0DDF800C08CF0100C35
:103450005CEA0B0C05D00EE040228DF8042001221E
:1034600008E050EA010306D030238DF804308DF8CF
:10347000052002229146009B83F0080353EA0B03C8
:103480000AD150EA010201D1620705D530228DF838
:1034900004204FF001097F1E3278582A04D039A247
:1034A0000C920CAA02920BE03BA2F9E75B46009A51
:1034B0003CF018FE0C9B9B5C029A521E0292137009
:1034C00050EA0102F2D1029804A9081A00F1200B77
:1034D000600702D524F4803400E001275F4502DD57
:1034E000A7EB0B0000E0002000EB0B01009003981D
:1034F0004944401A0390E00306D453462146179AE4
:10350000039800F097F90544002706E001A8524609
:10351000C05D179990476D1C7F1C4F45F6DBE0039B
:103520000CD553462146179A039800F083F90544B9
:1035300004E030205246179990476D1C0099481EB0
:1035400000900029F5DC08E00298029952460078C4
:10355000491C0291179990476D1CBBF10001ABF11A
:10356000010BF1DC5BE13FF029FD0544761C30786E
:1035700000287FF40DAE19B02846BDE8F08F00009A
:103580000928010030313233343536373839616239
:1035900063646566000000003031323334353637FD
:1035A000383941424344454600000000600700D4DA
:1035B000062708F1070020F00700F0E80223804604
:1035C00003F0004C5FEA0C0001D097A009E0200551
:1035D00001D596A005E0E00701D095A001E0AFF28B
:1035E0004C001390307823F0004365280CD006DCA3
:1035F000452809D046281DD047287FD13BE06628C2
:1036000018D067287AD136E00021112F01DB112074
:1036100000E0781CCDE9000104A90CA8FFF7EEFC3E
:10362000DDE90D010C9A4FF0000B07F10109109232
:1036300000914EE04FF000400097CDE9011004A941
:103640000CA8FFF7DBFCDDE90D020C9B0F994FF096
:10365000000B91461093009211B9791C00EB0109FF
:10366000B7EB090003D4C0F1FF3B07F10109A9EB57
:103670000700019042E0012F00DA01270021112FFD
:1036800001DD112000E03846CDE9000104A90CA8B5
:10369000FFF7B4FCDDE90D010C9A00914FF0000B2F
:1036A000B946109221070FD4009A4A4503DA914691
:1036B00001E0A9F10109B9F1010F05DD109AA9F1A5
:1036C0000101515C3029F4D0B84202DA10F1040F44
:1036D00003DA0121CDE9011010E0002803DC834466
:1036E000A9EB000102E0411C494500DD8946A0EB41
:1036F0000B00401C01904FF000400290200705D4C1
:103700000198484502DB4FF0FF30019000208DF812
:103710004B0002980DF14B07B0F1004F25D002206D
:103720000C902B200D90029800280CDA4042029059
:103730002D200D9007E00A210298FCF74FFD303153
:10374000029007F8011D0C99481E0C900029F2DC2C
:1037500002980028EFD1791E0D980870307800F09B
:10376000200040F0450007F8020D11A8C01BC01D45
:1037700002901398007800B1012000EB0901019834
:1037800001EBE071029801440398401A401E039037
:10379000E00306D453462146179A039800F04AF8EE
:1037A00005441398007818B15246179990476D1C3C
:1037B000E00323D553462146179A039800F03AF8C0
:1037C00005441BE0BBF1000F07DB0098584504DD02
:1037D0001098179910F80B0001E017993020524605
:1037E000904701980BF1010B401E05F10105019076
:1037F00004D12E205246179990476D1CB9F1000153
:10380000A9F10109DEDC05E017F8010B5246179912
:1038100090476D1C0299481E02900029F4DC534623
:103820002146179A03989EE62D0000002B00000009
:10383000200000002DE9F041044600251E46904678
:10384000C80301D5302700E02027880404D505E00F
:1038500041463846B0476D1C641EF9D52846BDE880
:10386000F081000030B504460D460823934200DD88
:10387000134600210AE0084800EB810090ED000AA1
:1038800004EB810080ED000A481CC1B29942F2DBD2
:103890002B70002030BD0000B814002010B5034686
:1038A000002018604FF4807008600448446D146074
:1038B000846D5460C06D9060002010BD1012002017
:1038C00010B5054843F0DCFF04460CB1207808B978
:1038D00002A010BD2046FCE7501300204A6F696E1D
:1038E000744D6F746F72000010B504F037FE00F570
:1038F0009D6010BD2DE9F84307460C4615461E464F
:1039000043F014F881462B46224649463846009635
:1039100002F0E6FC8046404642F057FABDE8F883E4
:1039200070B543F003F8054642F0B7F904460CB908
:10393000002070BD002C01DD0220FAE70820F8E726
:103940002DE9F05F07460D461646984642F0EEFF19
:1039500082462EB14FF6FF7000EA8500404502DD39
:103960000620BDE8F09F002413E038191FFA80FB01
:1039700006EB840204235146584603F074F981464D
:10398000B9F1000F03D0484642F01FFAE9E7601C86
:1039900084B2AC42E9DB0020E3E70000F0B5D5B02B
:1039A00004464FF6FF70844208D1134805F086F9AB
:1039B000114806F08FF9002055B0F0BD532C01DB03
:1039C0000420F9E7684605F079F908B10820F3E723
:1039D000684606F07FF9094800EB84052988064807
:1039E0000E18288869464718EA78394630463CF070
:1039F000EAFB0020E0E700005013002060C500084B
:103A00002DE9F84F0746884691469A46144800909B
:103A10000025002620E0B8191FFA80FBBBF1530FE8
:103A200002DB0420BDE8F88F0E4800EB8B04E07841
:103A30002844504501D90620F4E7E27809EB050156
:103A4000B4F800C0009B0CEB03003CF0BCFBE0783A
:103A5000284485B2701C86B24645DCDB0020E1E7D5
:103A60005013002060C500082DE9F0412DED048BB6
:103A70000546B0EE408AF0EE608AB0EE419A0C4600
:103A80000CB10020207004F069FD90F8DC040328DC
:103A900007D00CB1022020700320BDEC048BBDE8E0
:103AA000F081032D04DD0CB1032020700220F4E727
:103AB00042F03CFF0746B0EE491AF0EE680AB0EE5D
:103AC000480A384643F076FF064646B12CB1B01C92
:103AD00008B9012000E0032020700320DDE70DB1CC
:103AE000032D03D10221002006F0ECF8012D01D0B6
:103AF000032D03D10221012006F0E4F8022D01D0AC
:103B0000032D03D10221084606F0DCF806F0CAF8BE
:103B10000020C2E770B505460C4616462EB1032DAF
:103B200003DC012C01DB072C01DD022070BD3246D5
:103B30002146284606F002F808B10220F6E70020E8
:103B4000F4E72DE9F04104460E4617462FB1032C49
:103B500003DC012E01DB072E02DD0220BDE8F0812F
:103B6000012C01DC002504E0022C01D1012500E03C
:103B70000225284605F030FF032801D00320EDE799
:103B80003A463146204644F02FF908B10220E5E7D5
:103B90000020E3E770B504460D4616460CB105B1AA
:103BA0000EB9022070BD002005F016FF2070012024
:103BB00005F012FF2870022005F00EFF3070002083
:103BC000F0E72DE9F04104460D4604F0C7FC90F8FB
:103BD000DC04032802D00320BDE8F081022C01DCC4
:103BE000032D01DD0220F7E72946204606F06AF89A
:103BF000032D26D042F09AFE06464FF4CC7087592A
:103C0000394623462A4623B1012B04D0022B06D184
:103C100003E0002005E0042003E0082001E08C46DA
:103C20000AE000BF4FF00F0C0CFA00FC21EA0C0C6C
:103C300002FA00F84CEA080C67464FF4CC70875142
:103C400000BF06F02FF80020C6E72DE9FC47074625
:103C50000D461646FFF748FE0446182F7DD00FDCB0
:103C6000182F7BD2DFE807F02A2B2C2D2E2F30FACD
:103C7000FAFAFAFAFAFAFAFA3141515D848F99A800
:103C8000912F6CD010DC302F4CD006DC192F67D070
:103C90001B2F2BD01C2F61D16BE0322F36D0372F4A
:103CA00035D0902FF7D1AFE0A7F192000728D8D2F6
:103CB000DFE800F0ACADAEAFB0D4D00000BF00BFC5
:103CC00000BF00BF00BF00BFC9E0082E02DA062017
:103CD000BDE8FC87284602F0F1F984ED030A281DAF
:103CE00002F0ECF984ED020AB9E000BF082E01DA17
:103CF0000620EDE7284602F0E1F984ED030A281DCD
:103D000002F0DCF984ED040AA9E000BF00BF042E34
:103D100001DA0620DCE7284602F0D0F984ED020A39
:103D20009DE000BF142E01DA0620D1E7284602F0FC
:103D3000C5F984ED000A281D02F0C0F984ED010ADE
:103D400005F1080002F0BAF984ED050A05F10C004E
:103D500002F0B4F984ED060A03E03CE07EE054E0B2
:103D600048E005F1100002F0A9F984ED070A76E0B9
:103D700000BF042E01DA0620AAE7284602F09EF9C9
:103D800084ED010A6BE0042E01DA0620A0E7284644
:103D900002F094F984ED000A61E0082E01DA0620B1
:103DA00096E7284602F08AF984ED000A281D02F001
:103DB00085F984ED010A52E0082E01DA062087E732
:103DC000284602F07BF984ED000A281D02F076F9FE
:103DD00084ED020A43E0082E01DA062078E728463F
:103DE00002F06CF984ED010A281D02F067F984EDF8
:103DF000020A34E0042E01DA062069E7284602F0C0
:103E00005DF984ED020A2AE000BF00BF00BF00BFD9
:103E100000BF00BF012E01DA062059E7A7F18F008D
:103E200000F0FF0895F80090494640463FF06CFDD1
:103E300078B968463FF010FD9DF80000012801D1D7
:103E40000A2045E79DF80100032800D140E7022041
:103E50003EE704E000F0B4F9002039E700BF00BFFE
:103E6000384604F0D9FC002032E70000F0B587B0F6
:103E70000446207800EBC00000EB400027494518BD
:103E800000200690287D8DF818004FF6FF700590F1
:103E90000020049003900290288BADF80400A87EC7
:103EA0008DF806000021019801F039FA03AA05A94E
:103EB00006983FF05BFA0646288BADF80400A87E12
:103EC0008DF806000121019801F029FA288BADF840
:103ED0000400A87E8DF806000021019801F01FFA69
:103EE00002AA04A906983FF041FA0746288BADF8CC
:103EF0000400A87E8DF806000121019801F00FFA58
:103F000006B93FB1208B4FF6FF71884202D2208B59
:103F1000401C2083BDF8080007B0F0BDBCB5040804
:103F200030B587B00546287800EBC00000EB4000B4
:103F30002149441800200690207D8DF8180044F295
:103F4000010005900020049003900290208BADF8B2
:103F50000400A07E8DF806000021019801F0DFF931
:103F600003AA05A906983FF001FA208BADF80400DA
:103F7000A07E8DF806000121019801F0D0F9208B78
:103F8000ADF80400A07E8DF806000021019801F034
:103F9000C6F902AA04A906983FF0E8F9208BADF80B
:103FA0000400A07E8DF806000121019801F0B7F908
:103FB000BDF8080007B030BDBCB5040801460022BA
:103FC000002006E041FA00F303F001035A40431CCD
:103FD000D8B20F28F6DB1046704770B504464FF490
:103FE0008E60055900231A46194604F58A60A847D1
:103FF00070BD000001608A6842609FED060A80ED96
:10400000020A054A1060054A8A601346C1F838342E
:104010007047000000000000AC000020A934040834
:1040200010B53FF015FC044624B1206810B10448D7
:104030003FF04AFA0248103800F038F910BD00008D
:104040006410002010B50F480078072817D2DFE869
:1040500000F01604070A0D10130044F0B1FC10BD67
:1040600044F08AFDFBE744F0B1FEF8E706F048FAB9
:10407000F5E744F097FBF2E744F07CFAEFE7032022
:10408000EDE700005010002010B50D48007806281C
:1040900013D2DFE800F0120306090C0F06F044FB10
:1040A00010BD44F087F9FBE744F088FCF8E745F0E1
:1040B00015F8F5E706F030FBF2E70320F0E7000023
:1040C0008C10002070B52DED028B04460D46B0EE2D
:1040D000408A10480470001D3FF07CFC00200D4910
:1040E000886100210B48C1619FED0B0A80ED080A31
:1040F000062C0CD2DFE804F00B030405060700BF12
:1041000000BF00BF00BF0120BDEC028B70BD0020CE
:10411000FAE700008C10002000000000704710B586
:1041200006F0F8FA10BD0000024605480160054897
:1041300080ED000A012A01D1012070470020FCE730
:1041400060000020640000207047000010B50C489B
:104150000078012806D0022807D0032808D00428B8
:104160000CD108E044F028FC10BD06F0C3F9FBE7D1
:1041700044F01AF9F8E706F0D1FAF5E70320F3E77F
:104180007400002002460B4801600B4880ED000AD5
:104190000A480270012A06D0022A05D0032A04D058
:1041A000042A05D102E000BF00BF00BF0120704714
:1041B0000020FCE7780000207C0000207400002034
:1041C00010B509210A484173406938B1084840696F
:1041D000806818B106494969886880470020044909
:1041E000087300210248817300200149486110BD15
:1041F0003810002070B52DED028B05460C46B0EE50
:10420000408A18210648FBF7D2FF05480560446044
:1042100080ED028A002002490873BDEC028B70BD5C
:10422000381000202DE9F04104460D46012C15DB25
:10423000072C13DC012D11DB082D0FDC691E601E1D
:1042400001EBC00201260027304639463BF0ACFFA7
:10425000034B0CCB10431943014A03C2BDE8F08164
:1042600048000020014948737047000038100020C2
:10427000014948747047000038100020D0ED030A4F
:1042800070EE800AC0ED030A8168491C81607047A6
:10429000D0ED030A90ED020AB8EE401A80EE810AD2
:1042A00070470170002242607047000000210170D9
:1042B000416081609FED020A80ED030A70470000B3
:1042C0000000000002465068401C5060884201D245
:1042D000012070470020FCE770B505460E461446E5
:1042E0003078052821D006282ED194ED001AF0EE62
:1042F000410A94ED011AB0EE410A96F83410281DD7
:1043000043F032FD94ED011AF0EE410A94ED031AE8
:10431000B0EE410A96F8351005F1140043F024FD83
:1043200094ED010A85ED090A0FE094ED011AF0EE13
:10433000410A94ED031AB0EE410A96F8351005F1E2
:10434000140043F011FD00E000BF00BF70BD00008D
:10435000014609B900207047D1F88000012801D03A
:104360000020F8E7D1ED240A91ED250A9FED081A07
:10437000F4EEC10AF1EE10FA06D39FED061AB4EE80
:10438000C10AF1EE10FA01D20020E4E70120E2E7D1
:104390006F12833AACC5273710B52DED048B044658
:1043A000D4F88000804784ED010AC4ED020A84ED50
:1043B000031A94ED120AB0EE408A94ED130AF0EE5F
:1043C000408A94ED140AB0EE409AB4EEE88AF1EE19
:1043D00010FA0FDBB4EEC98AF1EE10FA0ADB94EDA5
:1043E000020AD4ED030A30EE200AB1EE400A84ED51
:1043F000010A1EE0F4EEC88AF1EE10FA0FDBF4EECB
:10440000C98AF1EE10FA0ADB94ED010AD4ED030A31
:1044100030EE200AB1EE400A84ED020A09E094ED84
:10442000010AD4ED020A30EE200AB1EE400A84ED12
:10443000030A94ED010AD4ED020AB6EE001A01EE69
:10444000600AD4ED030AB6EE001A01EE600ADFED51
:104450000C0A20EE200A84ED040A94ED020AD4ED41
:10446000030A30EE600ADFED070A20EE200ADFEDD6
:10447000040A20EE200A84ED050ABDEC048B10BD71
:10448000ABAA2A3FD7B35D3FF0B5ABB0044641F0CD
:1044900015FC05460DB92BB0F0BD1AA801F0A4FA21
:1044A00000B1F8E701AA1AA928463FF059FC0746CF
:1044B0003B4601AACA212046D4F86466B04700BF33
:1044C000E9E770B501F0EAFA04460CB9052070BDC1
:1044D000A5B20DB90120FAE72846F8E710B5044661
:1044E000216801F58F60D1F8D8244FF4807190478E
:1044F00010BD70B52DED028B04460D46B0EE408A1E
:10450000256084ED098A201D05F066FB04F1140086
:1045100005F062FBBDEC028B70BD10B50446201D9A
:1045200043F05BFC04F1140043F057FC10BD0000A5
:1045300010B52DED028B84B0044694ED020AD4ED43
:10454000030A20EE200AF7EE000A80EE801AB0EE91
:10455000418A04B103E060210FA045F021FC94EDF5
:104560000B0A20EE080A8DED010A94ED0C0A20EEEC
:10457000080A8DED020A94ED0D0A20EE080A8DED71
:10458000030A9DED010ADDED020A9DED031A04B058
:10459000BDEC028B10BD00002E2E5C2E2E5C2E2E4C
:1045A0005C557365725C446576696365735C6465CC
:1045B000765F6D6F746F725F70686173655F63754E
:1045C0007272656E742E630010B5044604B103E088
:1045D000952103A045F0E4FB94F9140010BD000000
:1045E0002E2E5C2E2E5C2E2E5C557365725C4465FF
:1045F00076696365735C6465765F61733530343703
:104600002E63000070B504460D4604B103E09B2103
:104610000FA045F0C5FB012D00DA03E09C210CA0A2
:1046200045F0BEFB28212046FBF7C1FD2570012087
:1046300020759FED100A84ED040A0F48E0610F48D1
:1046400020620F4860622046FFF76AFC608370BDFD
:104650002E2E5C2E2E5C2E2E5C557365725C44658E
:1046600076696365735C6465765F61733530343792
:104670002E63000000000000854600085941040830
:10468000C94500082DE9F0472DED028B0446204670
:10469000FFF7ECFB0546E5824FEAD538C5F38037D6
:1046A000C5F30D06C5F30E00FFF788FC8146C8452B
:1046B00001D0012000E0002020736773207B00B947
:1046C0005FB1E0894FF6FF71884202D2E089401C59
:1046D000E081BDEC028BBDE8F0870020E0816680C0
:1046E00000EE106AB8EE400ADFED130A20EE200A51
:1046F000DFED120A80EE201AB0EE418A84ED018AC5
:10470000D4ED040A78EE600AB0EE600A3EF010FEC6
:10471000B0EE408A94F91400401C48B9DFED060A57
:1047200070EEC80AB0EE600A3EF002FEB0EE408ABB
:1047300084ED028A00BFCCE70000B443000080464D
:1047400038B504460020009004B103E069211CA0A4
:1047500045F026FBD4F83406401CC4F8340694F81F
:10476000220528B9D4F83806401CC4F8380638BDEC
:1047700094F820056A4604F2235145F055FA20B119
:104780006FF00200C4F82406F1E7BDF80000A0B104
:1047900015480460D4F83C06401CC4F83C06BDF83B
:1047A0000010D4F840060844C4F84006BDF80020C4
:1047B00004F22351204641F0A9FA00BFD7E70000D8
:1047C0002E2E5C2E2E5C2E2E5C557365725C44651D
:1047D00076696365735C6465765F636F6D6D756E36
:1047E0005F756172742E6300D80000202DE9F041DE
:1047F00004460D4616461F4604B103E0832109A076
:1048000045F0CEFA94F8220508B9BDE8F0810F48CA
:1048100004603B4632462946204601F023FC00BF97
:10482000F3E700002E2E5C2E2E5C2E2E5C55736559
:10483000725C446576696365735C6465765F636F1B
:104840006D6D756E5F756172742E6300D800002007
:1048500070B504460D4604B103E03D2102A045F0C9
:104860009FFAC4F8505670BD2E2E5C2E2E5C2E2E54
:104870005C557365725C446576696365735C6465F9
:10488000765F636F6D6D756E5F756172742E630018
:1048900010B504460A2C00DB10BD00F011FD0249E2
:1048A00041F8240000BFF7E7E01C002010B50446E3
:1048B0000A2C00DB10BD00F003FD0E4951F8241056
:1048C000411A0C48283040F824102838D0ED1F0A2F
:1048D000283050F8240000EE100AB8EE400A20EE0E
:1048E000800A0448503000EB840080ED000A00BFCD
:1048F000E0E70000E01C00202DE9FC5F044688464C
:1049000016461D4604B103E0982127A045F048FA59
:10491000002020760DB1AE4201D2BDE8FC9FB8FB6D
:10492000F5F005FB108000B1F7E7B6FBF5F005FBED
:10493000106000B1F1E7C4F800806660A560B6FBC6
:10494000F5F0E0604FF000094FF0FF3A002715E066
:10495000A168206807FB010B01226946584640F018
:10496000A3F900B1D9E719490198884205D1009807
:10497000484501D38146BA4600BF7F1CE068B84273
:10498000E6D8BAF1000F04DBC4F810A0C4F8149004
:1049900002E0002020616061012020760C48206246
:1049A0000C48E06100BFB8E72E2E5C2E2E5C2E2E48
:1049B0005C557365725C446576696365735C6465B8
:1049C000765F666C6173682E630000004F544F4D34
:1049D0002D440408D94900082DE9F04704460E4645
:1049E00091461F4624B1B9F1000F01D0207E10B9C5
:1049F0000120BDE8F08706F0070008B10120F8E7C4
:104A0000A068A0F108080820A7FB0020921940F137
:104A100000000021B8EB0202814101D20120E8E749
:104A2000B7F5807F01D90120E3E76069451C0020CC
:104A3000144B45EA00011843134AC2E90010002054
:104A40000CE009EBC001D1E90032411CDFF838C0AD
:104A50000CEBC101C1E90032411C88B2B842F0DB65
:104A6000791C8AB20849206840F02CF98246BAF1D4
:104A7000000F01D00120BCE700202061656100BF6C
:104A8000B7E700004F544F4DD81400202DE9F047F0
:104A900004460F469246984604B103E04B211FA0FE
:104AA00045F07EF9207800EBC00101EB00102549AC
:104AB0004518B4F8029000264F4501D9484600E059
:104AC00038460746CA4501D9484600E05046824666
:104AD000C84501D9484600E040468046207918B9CB
:104AE0000020804682460746697D287D3A4600F0D0
:104AF00041FC0643A97D287D524600F03BFC06435D
:104B0000E97D287D424600F035FC0643A760C4F8E5
:104B10000CA0C4F810803046BDE8F0872E2E5C2E25
:104B20002E5C2E2E5C557365725C446576696365F8
:104B3000735C6465765F68616C665F627269646706
:104B4000652E6300FAB5040870B504460D4604B13D
:104B500003E0672104A045F023F90DB1012000E036
:104B60000020207170BD00002E2E5C2E2E5C2E2E9B
:104B70005C557365725C446576696365735C6465F6
:104B8000765F68616C665F6272696467652E630058
:104B90002DE9F041074607B103E03B2110A045F0A5
:104BA000FFF8387800EBC00101EB001016494418FB
:104BB000002500260EE004F11502915D207D00F035
:104BC00001FC054304F11502915D207D00F0BCFB62
:104BD0000543761C022EEEDD2846BDE8F08100007C
:104BE0002E2E5C2E2E5C2E2E5C557365725C4465F9
:104BF00076696365735C6465765F68616C665F6245
:104C000072696467652E6300FAB5040808B5064842
:104C1000818AADF80010807D8DF802000121009896
:104C200000F07DFB08BD0000C00000202DE9F04130
:104C300088B004460D4616461F4604B103E05E21C7
:104C40003DA045F0ADF806B103E05F213AA045F084
:104C5000A7F807B103E0602137A045F0A1F8012DC6
:104C600000DA03E0612134A045F09AF840F2DC411B
:104C70002046FBF79CFA3FF093FC257028463FF056
:104C80009FFC607002202076294604F11C003FF052
:104C900073FB05EB051000EB8001304800EB810051
:104CA00000F16C08D8ED020AB0EE600A04F11C00B5
:104CB000E16A884798F9041004F11C00626B904780
:104CC000617800230A2204F1400041F093F8142196
:104CD0006846FBF76CFA01208DF80000204804902C
:104CE000694604F55F7043F0B1F9294604F58A601E
:104CF0003FF0CAFBDFED1B0A9FED1B0A04F58F6036
:104D000000F0B8F8194A07CA05AB07C340F2D4400F
:104D100050F804C004F58F6005A90EC9E04766602D
:104D2000A76004F56D70D4E9011200F0EFFCFFF705
:104D30006DFF08B0BDE8F0812E2E5C2E2E5C2E2E6D
:104D40005C557365725C446576696365735C646524
:104D5000765F6D6F746F722E630000005013002039
:104D6000014A04086F12033A0000204290D0000864
:104D700010B5044604B103E0452109A045F010F840
:104D8000617820783FF042FE6061E178A0783FF0E2
:104D90003DFEA061D4E9051008444142E16110BD27
:104DA0002E2E5C2E2E5C2E2E5C557365725C446537
:104DB00076696365735C6465765F6D6F746F725F4F
:104DC00070686173655F63757272656E742E6300DF
:104DD00010B52DED028B04469FED190AB0EE408A06
:104DE00004B103E0542117A044F0DAFF216A60699E
:104DF000401A00EE100AB8EEC00ADFED110A20EEEC
:104E0000200A84ED0B0AA169606A081A00EE100AF4
:104E1000B8EEC00ADFED0A0A20EE200A84ED0C0A83
:104E2000E169A06A081A00EE100AB8EEC00ADFEDC8
:104E3000040A20EE200A84ED0D0ABDEC028B10BDA1
:104E40003333533A2E2E5C2E2E5C2E2E5C5573651A
:104E5000725C446576696365735C6465765F6D6FEB
:104E6000746F725F70686173655F63757272656E8F
:104E7000742E630010B52DED028B8AB00446F0EE5F
:104E8000408AB0EE608A04B103E09D2119A044F08D
:104E900087FFC4ED028A84ED038A9FED220A84ED28
:104EA000040A002007900890099007A807C8C4E9E1
:104EB00009122062002004900590069004A807C8FB
:104EC000C4E90F12A063002001900290039001A892
:104ED00007C8C4E91212606413482065134860656E
:104EE0001348A0651348E065134820660AB0BDEC7E
:104EF000028B10BD2E2E5C2E2E5C2E2E5C55736503
:104F0000725C446576696365735C6465765F6D6F3A
:104F1000746F725F70686173655F63757272656EDE
:104F2000742E63006666663F414704083D4F0008E3
:104F3000A5460408F5460408D14504083EB50446D4
:104F400004B103E08E2127A044F02AFF2046FFF79A
:104F50000FFF2046FFF73CFF2046FFF7E9FA8DEDF3
:104F6000000ACDED010A8DED021A94ED040ADDED83
:104F7000000A20EE200AD4ED040AB7EE001A71EE02
:104F8000600A94ED111A00EE810A84ED0E0A94ED88
:104F9000040ADDED010A20EE200AD4ED040AB7EE82
:104FA000001A71EE600A94ED121A00EE810A84ED87
:104FB0000F0A94ED040ADDED020A20EE200AD4ED7A
:104FC000040AB7EE001A71EE600A94ED131A00EEAF
:104FD000810A84ED100AD4E90F12A06BC4E9121201
:104FE00060643EBD2E2E5C2E2E5C2E2E5C557365AD
:104FF000725C446576696365735C6465765F6D6F4A
:10500000746F725F70686173655F63757272656EED
:10501000742E630010B5044604B103E0792103A0A7
:1050200044F0BEFE94ED1E0A10BD00002E2E5C2E34
:105030002E5C2E2E5C557365725C446576696365E3
:10504000735C6465765F706F7765725F6D6F6E69B4
:10505000746F722E6300000010B5044604B103E0C3
:10506000A92103A044F09CFE94ED200A10BD00008D
:105070002E2E5C2E2E5C2E2E5C557365725C446564
:1050800076696365735C6465765F706F7765725F80
:105090006D6F6E69746F722E6300000010B5044668
:1050A00004B103E0B5210CA044F07AFE9FED150A8F
:1050B000703484ED000A1448A0611448E06114487B
:1050C0002062144860621448A0621448E0621448E8
:1050D0002063703C10BD00002E2E5C2E2E5C2E2E08
:1050E0005C557365725C446576696365735C646581
:1050F000765F706F7765725F6D6F6E69746F722E19
:10510000630000003333D33F2551000815520008D7
:105110000D4904081550000841480408595000087A
:10512000FD4704082DE9F041044604B103E01D21C8
:105130001EA044F035FE002600202060002717E066
:1051400007EB470000EBC700234901EB4000057D5A
:10515000002D05DD042D03DA605D401C605503E081
:105160002B2112A044F01CFE284600F089F87F1C79
:10517000022FE5DB002084F82400012511E0605DAA
:1051800068B1625D201D00EBC50128463FF062FC5E
:10519000064394F82400615D084484F82400681CE8
:1051A000C5B2042DEBDB3046BDE8F0812E2E5C2E1F
:1051B0002E5C2E2E5C557365725C44657669636562
:1051C000735C6465765F706F7765725F6D6F6E6933
:1051D000746F722E6300000013B6040861EE803A0B
:1051E00042EE203A42EE813AB0EE633ADFED063A03
:1051F00063EE233A054890ED1E4ADFED054A44EE82
:10520000843AC0ED1E3A7047CDCC4C3D601D002065
:105210003333733F10B5044604B103E06B2105A09E
:1052200044F0BEFD20463FF02DFB20463FF098FBAA
:1052300010BD00002E2E5C2E2E5C2E2E5C5573654C
:10524000725C446576696365735C6465765F706FF4
:105250007765725F6D6F6E69746F722E6300000008
:10526000FA203FF073FD00BF0A203FF06FFD0348B6
:105270008069401C01498861F6E700001012002097
:1052800070B50446204640F05FF905460DB901208F
:1052900070BD0020FCE770B50546284640F054F983
:1052A00004460CB9012070BD2046FBF751FB206875
:1052B000406840F08000216848600020F3E700006B
:1052C0000148406870470000001000E0F0B5034658
:1052D0000C461CB112B103F0070008B10620F0BD66
:1052E00018463FF01DFCFF2801D10120F7E703EB32
:1052F000C205681E3FF014FCFF2801D10120EEE733
:10530000002008E003EBC0010E68496804EBC00709
:10531000C7E90061401C9042F4D30020DFE773B579
:105320000C469DF8000000F073FA054605B97CBDF7
:105330009DF8010040F014F9064622463146284601
:10534000FCF7EEFA00BFF2E72DE9F04106460C4605
:10535000304640F023F9054615B90120BDE8F0813B
:10536000204600F061FA0746394628463CF0BAFC70
:105370000020F3E72DE9F04107460E461446384673
:1053800040F00CF9054615B90120BDE8F081304622
:1053900000F04AFA10B92868446311E0304600F082
:1053A00043FA042802D12868846309E0304600F0FB
:1053B0003BFA082802D12868C46301E02868046425
:1053C0000020E2E72DE9F04106460C46304640F069
:1053D000E5F8054615B90120BDE8F081204600F04A
:1053E00023FA0746394628463CF00CFE0020F3E736
:1053F00010B506F047F910BD10B504460CB90120F0
:1054000010BD204604F080FE08B10120F8E700201E
:10541000F6E700002DE9F04782460E46174698460B
:10542000DDF82090002400250DE005EBC5001549AE
:1054300001EB800090F8200020B905EBC50001EBDE
:10544000800402E06D1C082DEFDB00BF14B90020C2
:10545000BDE8F087666038463FF082FC208100207E
:10546000E0604FEA980020614946204642F044FF40
:10547000E061E06908B90020EAE7012084F8200033
:10548000E069E5E7942400200146481C10B94FF07C
:10549000FF3070470846FCE701B582B0029844F03F
:1054A000DEF958B1BDF80900ADF804009DF80B0015
:1054B0008DF8060001210198FFF731FF0EBD2DE99F
:1054C000FF4381B00E4617469846DDF830909DF8B0
:1054D000040040F057F804461CB9012005B0BDE8AF
:1054E000F08301983FF075FC43463A46314620462A
:1054F000CDF800903CF056FA05460198FFF7CCFF36
:105500000DB10120EAE70020E8E770B506460C4639
:10551000304640F043F805460DB9012070BD2868BB
:10552000C06A401C20800020F8E770B50546284678
:1055300040F034F804460CB9012070BD2046FCF759
:105540009DFB0020F9E70000F8B50446204600F076
:1055500077F905460DB90120F8BD28680068C0F349
:105560000016E6B100BF0020009028680068009097
:1055700028684068009000BF00BF012004EBC40110
:10558000084A02F8210004EBC400114601EB800038
:105590000069401C04EBC40102EB8101086100209A
:1055A000DAE70000B42500202DE9F04105460E465B
:1055B00017469846284600F043F9044614B90120DE
:1055C000BDE8F08143463A46314620463CF0CAFDEC
:1055D00008B10120F4E70020F2E770B50446256821
:1055E0002846696A884770BD90ED010A704700003F
:1055F00070B505462C682046E1698847608800EE52
:10560000100AB8EE400ADFED040A60EE200A9FEDB2
:10561000031A80EE810A70BD0000B443000080468A
:1056200070B504460E462568314628462A6A9047DA
:1056300070BD016881ED040A70470000014691EDDC
:10564000000AB5EEC00AF1EE10FA41DD91ED000A54
:10565000DFED200AB4EEE00AF1EE10FA38D291ED57
:10566000010AB5EEC00AF1EE10FA31DD91ED010A42
:10567000DFED190AB4EEE00AF1EE10FA28D291ED4E
:10568000020AB5EEC00AF1EE10FA21DD91ED020A30
:10569000DFED100AB4EEE00AF1EE10FA18D291ED47
:1056A000030AB5EEC00AF1EE10FA11DD91ED030A1E
:1056B000DFED090AB4EEE00AF1EE10FA08D291ED3E
:1056C000040AB5EEC00AF1EE10FA01DD01207047C0
:1056D0000020FCE700007A440050C347014691EDEA
:1056E000100AB5EEC00AF1EE10FA0ADD91ED100ACB
:1056F000DFED050AB4EEE00AF1EE10FA01D2012066
:1057000070470020FCE7000000401C4670B50446CE
:105710000E4615469C212046FAF749FD44F8806F55
:1057200065600648A0600648E060064820610648BB
:1057300060610648A061803C70BD0000994300088C
:10574000C1A10008335C0408394F04081BAF0008EE
:105750002DE9F04106460F46154600242EB1D6F835
:10576000100410B1B5F5806F03DD4FF0FF30BDE8D8
:10577000F0811DB117B94FF0FF30F8E7A5222046A0
:10578000611C8CB21F490A545A222046611C8CB2FB
:105790001C490A542A0A2046611C8CB219490A5431
:1057A0002046611C8CB217490D5408468078401E73
:1057B000C9780844C2B22046611C8CB211490A540F
:1057C00035B108192A4639463AF0FDFC601984B211
:1057D000294638463EF0C4FB80462046611C8CB208
:1057E000084901F800804FEA18222046611C8CB25B
:1057F00004490A5421460348D6F810249047002053
:10580000B5E70000C005002090ED040A70470000D5
:105810000146082901DB00207047024850F82100AA
:10582000FAE70000F8B604080146052902DB4FF04C
:10583000FF307047014850F82100FAE754B70408D8
:105840000146072901DB00207047024850F821007B
:10585000FAE700001CD10008F0B593B005460E46EB
:105860002C68D02E04D0D12E32D0D22E73D150E05D
:1058700000200D900C9009900A900B900CB1A0693B
:1058800030B901223146284643F0BAFF13B0F0BDCB
:1058900009AA0CA90DA8A369984728B1032231468B
:1058A000284643F0ADFFF1E70EA80D9900F065FC26
:1058B0000FA80C9900F061FC09A807C810AB07C33A
:1058C00014230EAA3146284643F0AAFF0020DDE744
:1058D00024B1E06910B1E069804700E0002007468C
:1058E00000200F901090119012902FB90122314694
:1058F000284643F085FFC9E70F2239460FA8FAF77B
:1059000061FC10230FAA3146284643F089FF00208E
:10591000BCE7442102A8FAF74AFC24B1606810B140
:1059200002A8616888479DF848008DF8000010982B
:1059300081B20DF1010000F014FC00210DF1030013
:1059400000F01BFC07236A463146284643F068FFF7
:1059500000209BE7FFE701223146284643F050FF35
:1059600094E7000010B53EF0EFFC02F093FD0F4805
:10597000FFF794FB0D48D0F8881088479FED0C0A7C
:1059800002F0F0FD0B480C49C1F8940202F0E6FD6C
:105990000949C1F898020948C1F89C020348C1F8B6
:1059A000A0020748C1F8A40210BD0000601D00203D
:1059B00000401C46E01C0020101200209401002032
:1059C000041E00204FF4FA703FF0C0F900BF4FF4FE
:1059D0007A703FF0BBF90348C069401C0149C861B7
:1059E000F5E70000101200200146284A09B90320FB
:1059F000704792ED170A243101ED090A92ED180A59
:105A000001ED080A92ED200A01ED070A92ED070A5E
:105A100001ED060A92ED080A01ED050A92ED020A6F
:105A200001ED040A92ED030A01ED030A92ED040A66
:105A300001ED020A92ED1C0A01ED010A92ED1D0A28
:105A400081ED000A92ED220A81ED010A92ED230A0E
:105A500081ED020A906DC86092ED150A81ED040A8D
:105A6000D2F894004861982080588861907808772F
:105A7000D0784877107988772439107808B10120D8
:105A800000E0002081F843000020B1E77012002000
:105A900001480078704700001C0000200148008881
:105AA000704700002000002010B51148006828B998
:105AB000012108463FF06DF90D4908600C48006867
:105AC00020B100210A4800683FF070F90021094820
:105AD0003EF064FB40F0E8F8044606482146D0F862
:105AE000542690470348D0F85816884710BD000048
:105AF00004000020041E002010B50E48D0F86016E7
:105B00008847FFF7C5FF18B900200B49087010BD82
:105B1000FEF7D7FC08490978491CC9B2064A11703A
:105B2000884205DC0020114608700248FEF7ACFCF4
:105B300000BFECE7041E00201400002010B504464E
:105B40000C48006818B920463FF000F910BD214606
:105B5000084800683FF02AF928B907480068401C47
:105B60000549086004E005480068401C03490860D6
:105B700000BFEBE7040000200C0000201000002014
:105B80002DE9F04F87B004460D4616461F461CB956
:105B9000032007B0BDE8F08F0020A4F80601CB2D4C
:105BA00035D18246032F05DA06222946204643F0E6
:105BB00027FEEEE7206810B12068006A28B90122AC
:105BC0002946204643F01CFEE3E796F80080701C4F
:105BD00000F084FA8346052F03DBF01C00F07EFA08
:105BE0008246206852465946036A40469847814695
:105BF000B9F1000F05D100222946204643F0F5FDFA
:105C0000C7E74A462946204643F0FAFDC1E7C02DC2
:105C100006DBC82D04DC294620463FF0EDFEB8E740
:105C2000C92D04D1294620463FF0B3FFB1E7D02D5E
:105C300006DBD22D04DC29462046FFF70DFEA8E73F
:105C4000E02D08DBEB2D06DC3B463246294620469C
:105C50003FF0B0FC9DE7F22D0CD1206840B12068E8
:105C6000006828B120683A463146036828469847BC
:105C700000208EE7F02D36D1012F05DA06222946C5
:105C8000204643F0BDFD84E7206810B12068806C99
:105C900028B901222946204643F0B2FD79E796F85B
:105CA0000080B8F1000F02D0B8F17F0F05D90222B1
:105CB0002946204643F0A4FD6BE72068816C4046EE
:105CC00088478146B9F1000F05D04A46294620464B
:105CD00043F096FD5DE784F804804246294620465D
:105CE00043F083FD55E7F12D31D1012F05DA06226E
:105CF0002946204643F084FD4BE7206810B1206818
:105D0000C06C28B901222946204643F079FD40E7BE
:105D100096F80090B9F1030F05D9022229462046D2
:105D200043F06EFD35E72068C16C484688478046E1
:105D3000B8F1000F05D100222946204643F055FD59
:105D400027E742462946204643F05AFD21E7972D92
:105D500029D105A83DF080FD0020039004909DF816
:105D600014008DF80C009DF815008DF80D009DF8BD
:105D700016008DF80E009DF817008DF80F009DF8A5
:105D800018008DF810009DF819008DF811009DF88D
:105D90001A008DF81200082303AA2946204643F072
:105DA0003FFD0020F5E6A02D49D1002003900D2FE6
:105DB00005DA06222946204643F022FDE9E620685E
:105DC00010B12068006D28B901222946204643F011
:105DD00017FDDEE6761C16F8019C306806907068A8
:105DE0000590B068761E0490206803A9026D9DEDB1
:105DF000041ADDED050A9DED060A484690478046E7
:105E0000002001900290B8F1000F01D0012000E0C5
:105E100000208DF804009DF80C008DF80500B8F105
:105E2000000F01D1484600E000208DF8060008234D
:105E300001AA2946204643F0F3FC0020A9E6A12D43
:105E40002BD1022F05DA06222946204643F0D8FC42
:105E50009FE6206810B12068406D28B901222946CC
:105E6000204643F0CDFC94E696F8009096F801A009
:105E700020685146426D484690478046B8F1000F71
:105E800005D100222946204643F0AFFC81E6424678
:105E90002946204643F0B4FC7BE6A22D23D120689E
:105EA00010B12068806D28B901222946204643F0B0
:105EB000A7FC6EE620680DF11A02511E836D06A83C
:105EC00098478046B8F1000F05D042462946204643
:105ED00043F096FC5DE6032306AA2946204643F0DC
:105EE0009FFC002055E6A52D2CD1062F05DA0622B1
:105EF0002946204643F084FC4BE6206810B1206818
:105F0000C06D28B901222946204643F079FC40E6BD
:105F100096F8009096F801A02068B21C5146C36D17
:105F2000484698478046B8F1000F05D1002229461F
:105F3000204643F05AFC2CE642462946204643F0D0
:105F40005FFC26E6A62D35D1022F05DA062229466A
:105F5000204643F055FC1CE6206810B12068006E16
:105F600028B901222946204643F04AFC11E696F85A
:105F7000009096F801A0206806AA5146036E484694
:105F800098478046B8F1000F05D042462946204682
:105F900043F036FCFDE58DF810908DF811A00698C1
:105FA000CDF81200062304AA2946204643F038FC07
:105FB0000020EEE5B82D20DC206810B120680068D4
:105FC00028B901222946204643F01AFCE1E5206861
:105FD0003A4631460368284698478046B8F1000F94
:105FE00005D100222946204643F0FFFBD1E5424679
:105FF0002946204643F004FCCBE5012229462046F1
:1060000043F0FEFBC5E500002DE9F04104460E46D5
:1060100017461D4604B11DB94FF0FF30BDE8F081B1
:106020003A46314620463FF061FEC4F81C550A4806
:1060300004604FF4806104F5847043F0ABFD10B14F
:106040004FF0FF30EAE7054A054904F5847043F054
:10605000B2FD0020E2E700001800002041820408A1
:1060600069A000082DE9F041C2B005460F4616466A
:106070001C4615B1B4F5807F02DD42B0BDE8F08169
:106080008DF804705EB1002C09DD002004E0325C64
:10609000411C01AB5A5488B2A042F8DB00BF601C1F
:1060A0001FFA80F804480560424601A905F584708E
:1060B00005F058F900BFE0E71800002008B500BF60
:1060C0000178427841EA0221827841EA0241C278AD
:1060D00041EA026100919DED000A08BD0146087881
:1060E0004A7840EA0220704770B504460D461348CE
:1060F000006810B31149096891F8200514232A4655
:106100002146FFF751FA48B90C480068D0F8440618
:10611000401C0A490968C1F844060EE007480068B7
:10612000D0F84806401C05490968C1F848066FF0D8
:10613000030002490968C1F8240670BDD800002098
:1061400010B52DED028B82B00446B0EE408A8DED85
:10615000018A2046019900F010F802B0BDEC028BD4
:1061600010BD01700A124270704701700A0A427035
:106170000A0C82700A0EC270704701700A0A4270DF
:106180000A0C82700A0EC2707047000010B50848F1
:106190000849097810F81100074951F820400CB15E
:1061A000606808B9032010BD60688047FBE7000005
:1061B00040B40408880000208C00002010B50D4871
:1061C0000D49097810F811000C4951F820400CB124
:1061D000206808B9002010BD0649074B1B7801EB69
:1061E000430148780649226891ED000A054909688B
:1061F0009047F0E740B40408880000208C0000209D
:10620000840000208000002001460020842901D065
:10621000CA1C1044704710B5044620463EF0FBFDF2
:106220002078062807D13DF021FB84F820010021C9
:1062300084F85C1010BD2078052803D0002184F874
:106240005C10F7E7214604F1A00043F087FB00BF94
:10625000F0E70146087D704770B504463FF08AF9C3
:10626000054615B94FF0FF3070BD2146284601F0B4
:1062700000FEF9E710B52DED028BB0EE408A3FF03D
:1062800079F9044624B94FF0FF30BDEC028B10BD04
:10629000B0EE480A204640F045FAF6E770B50446ED
:1062A0003FF068F9054615B94FF0FF3070BD214643
:1062B000284601F0CAFFF9E710B52DED028BB0EECC
:1062C000408A3FF057F9044624B94FF0FF30BDEC47
:1062D000028B10BDB0EE480A204640F041FAF6E7C6
:1062E000F8B506460D46069C15B10AB103B114B9BE
:1062F0004FF0FF30F8BD0020D070907050701070DB
:10630000422E71D024DC422E6FD2DFE806F07A8470
:106310008E9AA46E6E6E6E6E6E6E6E6E6E6EB0BE89
:10632000C8F7F5F4F3F2F1F0EFEEEDECEBEAE9E8A3
:10633000E7E6E5E4E3E2E1E0DF6E6E6E6E6EDEDD81
:10634000DCDBDAD9D8D76E6E6E6E6E6E6E6ED6D519
:10635000812E74D029DC4D2E72D00FDCA6F14300C3
:106360000A28D1D2DFE810F071027E028B02980277
:10637000A502B202BF02CC02D902E602532E74D0AB
:106380000ADCA6F14E000528BED2DFE810F0ED02CF
:10639000FA02040311031E03542E67D0552E70D049
:1063A0007F2E6FD0802E20D14AE3A12E6BD016DC39
:1063B000872E69D00ADCA6F182000528A4D2DFE886
:1063C00010F059036603730380038D03882E70D089
:1063D000892E6FD08A2E6ED0A02EE4D1B6E3A6F11E
:1063E000A200092890D201E022E2F0E3DFE810F0F9
:1063F000C803D503E203F003FD030A0414041E04DA
:106400002B04284601F034FA074617600420187060
:10641000207000206EE728463FF041FE07461760D7
:10642000042018702070002064E7284601F031FA3B
:106430000746176004201870207000205AE70CE30C
:1064400085E228463FF087FE074617600420187053
:10645000207000204EE7284601F084FA07461760B6
:10646000042018702070002044E7BBE2C7E22846F1
:106470003FF038FE07461760042018702070002097
:1064800038E7C6E2D2E26EE335E328463FF04FFE3E
:106490000746176004201870207000202AE728465D
:1064A00001F02EFA074617600420187020700020B3
:1064B00020E72BE335E33FE3ADE19FE194E189E1A0
:1064C0007EE170E165E15AE14FE141E133E125E12F
:1064D00017E10CE1FEE0F0E0E4E0D9E0CEE0C0E05E
:1064E000B2E0A4E096E088E07AE06CE05EE050E0A4
:1064F00042E034E026E018E00AE0FFE728463FF0FB
:10650000C7FD074617600420187020700020F1E6D0
:1065100028463FF009FE8DED000A00981060062025
:106520001870042020700020E4E628463FF0F9FDB2
:106530008DED000A0098106006201870042020706D
:106540000020D7E6284601F0E8F98DED000A009812
:10655000106006201870042020700020CAE628462B
:106560003FF0A9FD8DED000A00981060062018701C
:10657000042020700020BDE628463FF0F7FD8DED99
:10658000000A009810600620187004202070002077
:10659000B0E6284601F0DDF98DED000A00981060A4
:1065A00006201870042020700020A3E6284601F081
:1065B00089F98DED000A00981060062018700420FB
:1065C0002070002096E628463FF07EFD8DED000A03
:1065D000009810600620187004202070002089E6C2
:1065E00028463FF074FD8DED000A009810600620EB
:1065F00018700420207000207CE6284601F065F920
:106600008DED000A0098106006201870042020709C
:1066100000206FE628463FF022FD8DED000A00982D
:1066200010600620187004202070002062E62846C2
:106630003FF08EFD8DED000A009810600620187066
:1066400004202070002055E628463FF01BFD8DED0C
:10665000000A0098106006201870042020700020A6
:1066600048E6284601F007F98DED000A0098106011
:10667000062018700420207000203BE6284601F018
:1066800012F907461760042018702070002031E6C8
:1066900028463FF007FD0746176004201870207059
:1066A000002027E6284601F0F7F807461760052086
:1066B00018700420207000201CE6284601F0F0F835
:1066C0008DED000A009810600620187004202070DC
:1066D00000200FE628463FF0DFFC8DED000A009811
:1066E00010600620187004202070002002E6284662
:1066F00001F02BF907461760042018702070002065
:10670000F8E5284601F0BAF88DED000A009810600F
:1067100006201870042020700020EBE5284601F0C8
:106720001BF98DED000A00981060062018700420F7
:1067300020700020DEE528463FF0A1FC8DED000A28
:106740000098106006201870042020700020D1E509
:10675000284601F09BF88DED000A00981060062095
:106760001870042020700020C4E5284601F089F844
:10677000074617600420187020700020BAE52846EC
:106780003FF075FC07461760042018702070002049
:10679000B0E5284601F05FF807461760042018703E
:1067A00020700020A6E5284601F05FF88DED000A74
:1067B000009810600620187004202070002099E5D1
:1067C000284601F04DF80746176004201870207025
:1067D00000208FE528463FF045FC0746176004205F
:1067E00018702070002085E5284601F0BEF80746A5
:1067F000176004201870207000207BE5284601F007
:1068000073F88DED000A00981060062018700420BF
:10681000207000206EE5284601F060F88DED000A3A
:10682000009810600620187004202070002061E598
:1068300028463FF064FC8DED000A009810600620A9
:10684000187004202070002054E528463FF051FCC9
:106850008DED000A0098106006201870042020704A
:10686000002047E5284601F036F88DED000A009833
:106870001060062018700420207000203AE5284699
:106880003FF003FC8DED000A0098106006201870A0
:106890000420207000202DE528463FF0EDFB8DED13
:1068A000000A009810600620187004202070002054
:1068B00020E5284601F046F88DED000A00981060AA
:1068C0000620187004202070002013E528463FF0B1
:1068D00019FC8DED000A0098106006201870042045
:1068E0002070002006E528463FF006FC8DED000AEA
:1068F0000098106006201870042020700020F9E431
:10690000284601F02CF88DED000A00981060062052
:106910001870042020700020ECE428463FF02CFC86
:106920008DED000A00981060062018700420207079
:106930000020DFE4284600F08BFF8DED000A009870
:10694000106006201870042020700020D2E4284631
:106950003FF0CCFB8DED000A009810600620187007
:10696000042020700020C5E428463FF0F7FB8DEDA1
:10697000000A009810600620187004202070002083
:10698000B8E428463FF0EDFB074617600420187076
:1069900020700020AEE4284600F0A9FF8DED000A2B
:1069A0000098106006201870042020700020A1E4D8
:1069B000284600F096FF8DED000A00981060062032
:1069C000187004202070002094E428463FF0BDFB9E
:1069D0008DED000A009810600620187004202070C9
:1069E000002087E4284600F0A5FF8DED000A0098FE
:1069F0001060062018700420207000207AE42846D9
:106A00003FF09EFB0746176004201870207000209E
:106A100070E4284600F04BFF8DED000A00981060EE
:106A20000620187004202070002063E4284600F03F
:106A300077FF07461760042018702070002059E483
:106A4000284600F061FF8DED000A009810600620D6
:106A500018700420207000204CE4284600F05AFFF3
:106A60008DED000A00981060062018700420207038
:106A700000203FE4284600F07DFF8DED000A0098DD
:106A800010600620187004202070002032E4284690
:106A900000F03DFF8DED000A009810600620187090
:106AA00004202070002025E428463FF037FB8DEDC0
:106AB000000A009810600620187004202070002042
:106AC00018E428463FF055FB8DED000A0098106051
:106AD000062018700420207000200BE428463FF0A8
:106AE0001AFB8DED000A0098106006201870042033
:106AF000207000208EE4284600F01FFF0746176034
:106B00000520187004202070002083E4284600F03F
:106B10000CFF074617600520187004202070002025
:106B200078E428463FF007FB0746176005201870F9
:106B30000420207000206DE428463FF0B7FA074695
:106B40001760042018702070002063E4284600F0CD
:106B5000D4FE8DED000A0098106006201870042005
:106B60002070002056E428463FF0CFFA8DED000A51
:106B7000009810600620187004202070002049E45E
:106B800028463FF0C5FA8DED000A009810600620F7
:106B900018700420207000203CE4284600F0AAFE73
:106BA0008DED000A009810600620187004202070F7
:106BB00000202FE4284600F082FE8DED000A0098A8
:106BC00010600620187004202070002022E447E0A6
:106BD00028463FF073FA8DED000A009810600620F9
:106BE000187004202070002014E428463FF069FA51
:106BF0008DED000A009810600620187004202070A7
:106C0000002007E4284600F055FE074617600420E0
:106C100018702070002007E428463FF05BFA074612
:106C20001760042018702070002007E428463FF009
:106C300056FA8DED000A00981060062018700420A6
:106C40002070002006E4284600F042FE8DED000A88
:106C500000981060062018700420207000200FE4B7
:106C60004FF0FF300CE40FB582B0039808B10498E0
:106C700018B94FF0FF3006B000BD0298422873D01B
:106C800045DC422871D2DFE810F09900A800B90075
:106C9000C800DB00700070007000700070007000B1
:106CA00070007000700070007000EC00FE000D01BC
:106CB0001C012B013B014B015B016B017B018B0133
:106CC0009B01AB01BB01CB01DB01EB01FB010B0223
:106CD0001A02290238024802580267027702870224
:106CE000700070007000700070009702A702B6027A
:106CF000C502D402E402F3020203700070007000C7
:106D00007000700070007000700011032103812872
:106D10006FD02BDC4D286DD00FDCA0F143000A288A
:106D2000B0D2DFE810F0F3020303130323033303AD
:106D300043035303630373038303532879D00ADCAB
:106D4000A0F14E0005289DD2DFE810F09003A003CB
:106D5000AF03BF03CF0354286CD055286BD07F28D6
:106D60006AD0802801D1EFE3C0E2EEE3A12873D01E
:106D700016DC872871D00ADCA0F182000528CFD26A
:106D8000DFE810F024043404440454046604882822
:106D900073D0892872D08A2871D0A028E2D1F1E37B
:106DA000A2380928BCD2DFE810F0C204D204E20401
:106DB000F20402051205210530054005049800681B
:106DC00001900199039800F08FFF0090009808B996
:106DD000002050E76FF001004DE704980068019033
:106DE000019903983FF096FA0090009818B9002096
:106DF00041E7DBE32AE36FF001003CE70498006819
:106E000001900199039801F027F80090009808B9C3
:106E1000002030E76FF001002DE704980068019032
:106E20000199039801F09AFA0090009828B900207F
:106E300021E76AE379E389E398E36FF001001AE759
:106E4000049800680190019903983FF04BFD009071
:106E5000009818B900200EE7F5E3F5E36FF00100A4
:106E600009E70498006801900199039801F0C4F8BB
:106E70000090009820B90020FDE6F6E3F6E3F6E383
:106E80006FF00100F7E604980068019001990398FB
:106E900001F0DBF90090009808B90020EBE66FF0F4
:106EA0000100E8E6049800680190019903983FF01A
:106EB000F3FB0090009808B90020DCE66FF00100B9
:106EC000D9E60498006801900199039800F098FFB2
:106ED0000090009808B90020CDE66FF00100CAE6E6
:106EE0000498006801909DED010A03983FF038FC7A
:106EF0000090009808B90020BDE66FF00100BAE6E6
:106F00000498006801909DED010A03983FF00AFC87
:106F10000090009808B90020ADE66FF00100AAE6E5
:106F20000498006801909DED010A039801F064F94E
:106F30000090009808B900209DE66FF001009AE6E5
:106F40000498006801909DED010A03983FF03CFA17
:106F50000090009808B900208DE66FF001008AE6E5
:106F60000498006801909DED010A039801F02CFA45
:106F70000090009808B900207DE66FF001007AE6E5
:106F80000498006801909DED010A039801F0CAF988
:106F90000090009808B900206DE66FF001006AE6E5
:106FA0000498006801909DED010A039800F0B6FF77
:106FB0000090009808B900205DE66FF001005AE6E5
:106FC0000498006801909DED010A03983FF04CFA87
:106FD0000090009808B900204DE66FF001004AE6E5
:106FE0000498006801909DED010A03983FF056FA5D
:106FF0000090009808B900203DE66FF001003AE6E5
:107000000498006801909DED010A039800F0A0FF2C
:107010000090009808B900202DE66FF001002AE6E4
:107020000498006801909DED010A03983FF0C0F8B4
:107030000090009808B900201DE66FF001001AE6E4
:107040000498006801909DED010A03983FF0F8FB59
:107050000090009808B900200DE66FF001000AE6E4
:107060000498006801909DED010A03983FF016F91D
:107070000090009808B90020FDE56FF00100FAE5E6
:107080000498006801909DED010A039800F052FEFB
:107090000090009808B90020EDE56FF00100EAE5E6
:1070A000049800680190019903983FF073F90090EB
:1070B000009808B90020DEE56FF00100DBE50498D8
:1070C00000680190019903983FF032F90090009810
:1070D00008B90020CFE56FF00100CCE50498006806
:1070E00001900199039800F0C4FE0090009808B93F
:1070F0000020C0E56FF00100BDE504980068019034
:107100009DED010A03983FF027F90090009808B917
:107110000020B0E56FF00100ADE504980068019033
:107120009DED010A039800F079FE0090009808B9DF
:107130000020A0E56FF001009DE504980068019033
:10714000019903983FF068FB0090009808B900206F
:1071500091E56FF001008EE50498006801909DEDC7
:10716000010A039800F004FE0090009808B900207E
:1071700081E56FF001007EE50498006801909DEDC7
:10718000010A03983FF07AFB0090009808B90020AC
:1071900071E56FF001006EE50498006801909DEDC7
:1071A000010A039800F0AAFD0090009808B9002099
:1071B00061E56FF001005EE50498006801909DEDC7
:1071C000010A03983FF088F80090009808B9002061
:1071D00051E56FF001004EE50498006801900199B7
:1071E000039800F0FBFD0090009808B9002042E5EC
:1071F0006FF001003FE50498006801900199039841
:1072000000F062FD0090009808B9002033E56FF0AF
:10721000010030E5049800680190019903983EF060
:10722000E5FF0090009808B9002024E56FF0010008
:1072300021E50498006801909DED010A03983EF055
:10724000FBFF0090009808B9002014E56FF00100E2
:1072500011E5049800680190019903983EF0DCFF65
:107260000090009808B9002005E56FF0010002E5E4
:107270000498006801900199039800F00DFD0090BA
:10728000009808B90020F6E46FF00100F3E40498D8
:10729000006801900199039801F0B4F800900098FB
:1072A00008B90020E7E46FF00100E4E40498006806
:1072B00001909DED010A03983FF086F90090009837
:1072C00008B90020D7E46FF00100D4E40498006806
:1072D00001909DED010A03983FF042F9009000985B
:1072E00008B90020C7E46FF00100C4E40498006806
:1072F00001909DED010A039800F0C0FE00900098F7
:1073000008B90020B7E46FF00100B4E40498006805
:1073100001909DED010A039800F07CFE009000981A
:1073200008B90020A7E46FF00100A4E40498006805
:1073300001909DED010A039800F044FE0090009832
:1073400008B9002097E46FF0010094E40498006805
:1073500001909DED010A039800F028FD009000982F
:1073600008B9002087E46FF0010084E40498006805
:1073700001909DED010A03983EF078FF009000987F
:1073800008B9002077E46FF0010074E40498006805
:1073900001909DED010A039800F0A6FF009000986F
:1073A00008B9002067E46FF0010064E40498006805
:1073B00001909DED010A039800F07AFE009000987C
:1073C00008B9002057E46FF0010054E40498006805
:1073D00001909DED010A039800F036FE00900098A0
:1073E00008B9002047E46FF0010044E40498006805
:1073F00001909DED010A039800F0CCFF00900098E9
:1074000008B9002037E46FF0010034E40498006804
:1074100001909DED010A039801F024F80090009876
:1074200008B9002027E46FF0010024E40498006804
:1074300001909DED010A03983EF0A1FE0090009896
:1074400008B9002017E46FF0010014E40498006804
:1074500001909DED010A03983FF06AF800900098B2
:1074600008B9002007E46FF0010004E40498006804
:1074700001909DED010A03983FF01CFA00900098DE
:1074800008B90020A5E46FF00100A2E404980068A8
:1074900001900199039800F06EFF0090009808B9E0
:1074A000002096E46FF0010093E4049800680190D6
:1074B0009DED010A03983FF0A1F80090009808B9EB
:1074C000002086E46FF0010083E4049800680190D6
:1074D0009DED010A03983FF05DF80090009808B90F
:1074E000002076E46FF0010073E4049800680190D6
:1074F0009DED010A03983FF075F90090009808B9D6
:10750000002066E46FF0010063E4049800680190D5
:107510009DED010A039800F0BBFE0090009808B9A9
:10752000002056E46FF0010053E4049800680190D5
:10753000019903983FF046F90090009808B900209F
:1075400047E46FF0010044E420E07EE10498006825
:1075500001909DED010A039800F09CFC00900098BA
:1075600008B9002035E46FF0010032E404980068A7
:1075700001900199039800F05DFE0090009810B909
:10758000002026E4B3E06FF0010022E404980068D4
:1075900001909DED010A039800F0D8FD009000983D
:1075A00008B9002015E46FF0010012E404980068A7
:1075B00001909DED010A03983FF098F80090009823
:1075C00008B9002005E46FF0010005E404980068A4
:1075D00001909DED010A039800F02AFF00900098A9
:1075E00008B9002004E46FF0010006E40498006884
:1075F00001909DED010A03983FF05CF8009000981F
:1076000008B9002005E46FF0010005E40498006863
:1076100001909DED010A039800F0D2FD00900098C2
:1076200008B9002004E46FF0010008E40498006841
:1076300001909DED010A03983FF05EF900900098DB
:1076400018B9002007E462E015E06FF0010007E4DC
:107650000498006801909DED010A039800F094FDE4
:107660000090009820B9002006E413E021E02FE00C
:107670006FF0010006E404980068019001990398F6
:1076800000F01EFE0090009808B9002006E46FF09C
:10769000010006E4049800680190019903983FF006
:1076A0007DF80090009808B9002006E46FF0010012
:1076B00006E40498006801900199039800F0D4FD55
:1076C0000090009808B9002006E46FF0010006E47D
:1076D000049800680190019903983EF069FE0090BB
:1076E000009808B9002007E46FF0010004E4049852
:1076F000006801909DED010A03983EF0B3FF0090F1
:10770000009808B9002007E46FF0010004E4049831
:10771000006801909DED010A039800F0E3FC0090E1
:10772000009808B9002007E46FF0010004E4049811
:10773000006801909DED010A039800F0EDFC0090B7
:10774000009808B9002007E46FF0010004E40498F1
:10775000006801909DED010A03983EF069FF0090DA
:10776000009808B9002007E46FF0010004E40498D1
:10777000006801909DED010A039800F0B5FB0090B0
:10778000009808B9002007E46FF0010004E40498B1
:10779000006801909DED010A03983EF031FE0090D3
:1077A000009808B9002007E46FF0010004E4049891
:1077B000006801909DED010A03983EF03BFE0090A9
:1077C000009808B9002007E46FF0010004E4049871
:1077D000006801900199039800F076FB00900098F2
:1077E00008B9002008E46FF0010005E4049800687F
:1077F0000190019903983EF06DFE0090009808B941
:10780000002009E46FF0010006E40498006801908C
:107810009DED010A03983EF06DFE0090009808B9B6
:10782000002009E46FF0010006E40498006801906C
:107830009DED010A039800F0A7FB0090009808B99D
:10784000002009E46FF0010006E44FF0FF3006E489
:1078500090ED5C0A704701464FF4867040587047BF
:1078600001464FF48A704058704790ED440A7047C3
:107870000146086C704790ED310A704790ED380A68
:10788000704701464FF482704058704790ED400AAF
:1078900070470146886C70470146D02040587047B9
:1078A00090ED350A70470146C8204058704790ED6A
:1078B000650A704701464FF447704058704790ED95
:1078C000C40A704790ED2A0A704790ED2D0A704760
:1078D00090EDCA0A704790ED540A704790ED510A36
:1078E000704790ED610A704790ED500A704790ED37
:1078F000600A704790EDC30A704790EDC00A704768
:10790000014688204058704790EDA00A704790EDDE
:10791000A30A704790EDA10A704790ED260A7047C0
:1079200001464FF4CC704058704701464FF4287020
:107930004058704790ED630A704701464FF4277036
:107940004058704790ED570A70470146DC20405878
:10795000704790ED290A704790ED390A704790ED15
:107960005A0A70470146086D704701464FF48E7001
:107970004058704790EDA20A7047000010B50446C9
:1079800014B96FF0040010BD4FF480612046F8F781
:107990000EFCAE4820600120A0800020E080A060A6
:1079A0004020E0604021216180216161A16181006E
:1079B000E161402121624FF4A0716162A16249003E
:1079C000E162802121634FF4407161634021A16332
:1079D0000020E06388022064002161640121A16429
:1079E000E164002121650020C4F880000721842083
:1079F00001510021882001518C2001519FED940AF2
:107A000084ED240A9FED930A84ED250A9FED920AE6
:107A100084ED260A9FED910A84ED270A9FED8C0ADA
:107A200084ED280A9FED8E0A84ED290A9FED8D0AC8
:107A300084ED2A0A9FED8B0A84ED2B0A9FED8A0ABA
:107A400084ED2C0A9FED890A84ED2D0AB1EE040A1B
:107A500084ED2E0AB7EE000A84ED2F0AB2EE0E0A6C
:107A600084ED300A9FED820A84ED310A0121C8209D
:107A700001518903CC2001510121D02001519FEDFA
:107A8000790A84ED350A9FED770A84ED360A44F6CB
:107A90002061DC2001519FED770A84ED380A9FEDCB
:107AA000760A84ED390A9FED750A84ED3A0A9FED56
:107AB0006D0A84ED400A00214FF4827001510121CA
:107AC000001D01516E49001D0151B6EE000A84ED02
:107AD000440A00214FF48A7001516A49001D015186
:107AE0004FF4E131001D0151B6EE000A84ED500A59
:107AF000B2EE040A84ED510AB6EE000A84ED520A91
:107B0000B2EE040A84ED530AB2EE080A84ED540A78
:107B1000B7EE000A84ED550A9FED520A84ED560A2D
:107B20009FED590A84ED570A9FED490A84ED580AE2
:107B3000B7EE000A84ED590AB2EE040A84ED5A0A3F
:107B4000B7EE000A84ED5B0A9FED460A84ED5C0AFD
:107B50009FED440A84ED5D0A9FED3D0A84ED5E0AC7
:107B600000214FF4BE700151B2EE040A84ED600AA8
:107B70009FED3C0A84ED610A9FED3A0A84ED620AAA
:107B80009FED330A84ED630A4FF4C87001519FEDF5
:107B9000380A84ED650A4FF4CC700151B3EE040A43
:107BA00084EDA00A9FED390A84EDA10AB2EE0E0A17
:107BB00084EDA20A9FED360A84EDA30A9FED340AF4
:107BC00084EDA40ABBEE040A84EDA50A9FED310AF8
:107BD00084EDA60A4FF47A714FF4277001512849B9
:107BE0004942001D01514942001D01514FF0FF3132
:107BF000001D0151B2EE040A84EDC00A9FED140A83
:107C000084EDC10AB2EE040A84EDC20A9FED150AA2
:107C100084EDC30AB7EE000A84EDC40A9FED0C0A96
:107C200084EDC50AB2EE040A84EDC60A00214FF4C1
:107C300047700151001D0151B2EE040A84EDC90ADA
:107C40009FED080A84EDCA0A00209CE6565245536F
:107C5000CDCCCC3D17B7D13882A8FB386F12833A10
:107C6000ACC52737000000000000C8429A99593F70
:107C700000007A440000FA430AD7233C000048423F
:107C800040420F0000127A006666663F00006842BC
:107C90000000AA420000C843024612B96FF0040077
:107CA00070470748814202D30648814202D96FF0EB
:107CB0000400F5E74FF48C7081500020F0E70000DD
:107CC000A086010000127A00024612B96FF004008B
:107CD0007047B1F5006F02D36FF00400F8E74FF47E
:107CE000847081500020F3E7024612B96FF004005F
:107CF000704700BF11640020FAE70000014611B987
:107D00006FF004007047F7EE000AB4EEE00AF1EEFF
:107D100010FA06D3DFED060AB4EEE00AF1EE10FA2F
:107D200002DD6FF00400EDE781ED3A0A0020E9E79B
:107D300000401C46014611B96FF004007047DFEDAA
:107D40000A0AB4EEE00AF1EE10FA06D3DFED070AF4
:107D5000B4EEE00AF1EE10FA02DD6FF00400EDE798
:107D600081ED310A0020E9E70000484200409C46CE
:107D7000014611B96FF004007047DFED0A0AB4EE56
:107D8000E00AF1EE10FA06D3DFED070AB4EEE00ADE
:107D9000F1EE10FA02DD6FF00400EDE781ED380A34
:107DA0000020E9E70000484200409C45014611B927
:107DB0006FF004007047B5EEC00AF1EE10FA06D37A
:107DC000F1EE040AB4EEE00AF1EE10FA02DD6FF013
:107DD0000400EFE781ED550A0020EBE7024612B9F7
:107DE0006FF0040070470548814202D96FF004002B
:107DF000F8E74FF4827081500020F3E7FFE0F505CB
:107E0000024612B96FF004007047012902D96FF0E1
:107E10000400F9E78C2081500020F5E7014611B9F4
:107E20006FF004007047DFED0A0AB4EEE00AF1EEED
:107E300010FA06D3DFED070AB4EEE00AF1EE10FA0D
:107E400002DD6FF00400EDE781ED360A0020E9E77E
:107E5000F90F49C0F90F4940024612B96FF004000A
:107E60007047012902D96FF00400F9E791640020FE
:107E7000F6E7024612B96FF004007047B1F1FF3F18
:107E800001DB012902DD6FF00400F6E7D02081500C
:107E90000020F2E7014611B96FF004007047B5EE1B
:107EA000C00AF1EE10FA06D3DFED060AB4EEE00ADE
:107EB000F1EE10FA02DD6FF00400EFE781ED650AE4
:107EC0000020EBE700247449024612B96FF0040069
:107ED0007047012902D96FF00400F9E74FF44770A9
:107EE00081500020F4E70000014611B96FF0040052
:107EF0007047B5EEC00AF1EE10FA06D3DFED060AC0
:107F0000B4EEE00AF1EE10FA02DD6FF00400EFE7E4
:107F100081EDC40A0020EBE700401C46014611B980
:107F20006FF004007047B5EEC00AF1EE10FA06D308
:107F3000DFED060AB4EEE00AF1EE10FA02DD6FF0B2
:107F40000400EFE781ED2A0A0020EBE70000FA4386
:107F5000014611B96FF004007047DFED0A0AB4EE74
:107F6000E00AF1EE10FA06D3F7EE000AB4EEE00AEA
:107F7000F1EE10FA02DD6FF00400EDE781ED2D0A5D
:107F80000020E9E7CDCCCC3D014611B96FF00400EB
:107F90007047DFED0A0AB4EEE00AF1EE10FA06D3FC
:107FA000DFED070AB4EEE00AF1EE10FA02DD6FF041
:107FB0000400EDE781EDCA0A0020E9E7560EC9C0CA
:107FC000560EC940014611B96FF004007047B5EE76
:107FD000C00AF1EE10FA06D3DFED060AB4EEE00AAD
:107FE000F1EE10FA02DD6FF00400EFE781ED540AC4
:107FF0000020EBE700007A44024612B96FF004005B
:108000007047012902D96FF00400F9E7C2F8801027
:108010000020F5E7014611B96FF004007047B5EE96
:10802000C00AF1EE10FA06D3DFED060AB4EEE00A5C
:10803000F1EE10FA02DD6FF00400EFE781ED530A74
:108040000020EBE70050C347014611B96FF0040070
:108050007047B5EEC00AF1EE10FA06D3DFED060A5E
:10806000B4EEE00AF1EE10FA02DD6FF00400EFE783
:1080700081ED590A0020EBE70050C347014611B9D2
:108080006FF004007047B5EEC00AF1EE10FA06D3A7
:10809000DFED060AB4EEE00AF1EE10FA02DD6FF051
:1080A0000400EFE781ED520A0020EBE700007A447C
:1080B000014611B96FF004007047B5EEC00AF1EE49
:1080C00010FA06D3DFED060AB4EEE00AF1EE10FA7C
:1080D00002DD6FF00400EFE781ED580A0020EBE7C6
:1080E00000401C46014611B96FF004007047B5EE20
:1080F000C00AF1EE10FA06D3DFED060AB4EEE00A8C
:10810000F1EE10FA02DD6FF00400EFE781EDC10A35
:108110000020EBE700007A44014611B96FF004003B
:108120007047B5EEC00AF1EE10FA06D3DFED060A8D
:10813000B4EEE00AF1EE10FA02DD6FF00400EFE7B2
:1081400081EDC20A0020EBE70000FA43014611B9B5
:108150006FF004007047DFED0A0AB4EEE00AF1EEBA
:1081600010FA06D3DFED070AB4EEE00AF1EE10FADA
:1081700002DD6FF00400EDE781EDA00A0020E9E7E1
:10818000CDCCCC3D00007A44014611B96FF004001B
:108190007047F7EE000AB4EEE00AF1EE10FA06D3EB
:1081A000DFED060AB4EEE00AF1EE10FA02DD6FF040
:1081B0000400EDE781EDA60A0020E9E700409C46B7
:1081C000014611B96FF004007047F3EE040AB4EEF3
:1081D000E00AF1EE10FA06D3DFED060AB4EEE00A8B
:1081E000F1EE10FA02DD6FF00400EDE781EDA40A74
:1081F0000020E9E700004843014611B96FF0040090
:108200007047DFED0A0AB4EEE00AF1EE10FA06D389
:10821000DFED070AB4EEE00AF1EE10FA02DD6FF0CE
:108220000400EDE781ED260A0020E9E7BD37863539
:10823000CDCCCC3D024612B96FF00400704700BFB0
:108240004FF4CC7081500020F8E7024612B96FF06D
:108250000400704709B1802902D96FF00400F8E7E3
:10826000842081500020F4E7024612B96FF0040028
:108270007047002902DB0548814202DD6FF00400EF
:10828000F6E74FF4297081500020F1E780969800BE
:10829000014611B96FF004007047B5EEC00AF1EE67
:1082A00010FA06D3F7EE000AB4EEE00AF1EE10FA87
:1082B00002DD6FF00400EFE781ED630A0020EBE7D9
:1082C000024612B96FF004007047012902DB05482D
:1082D000814202DD6FF00400F6E74FF42770815011
:1082E0000020F1E740420F00014611B96FF0040091
:1082F0007047DFED0A0AB4EEE00AF1EE10FA06D399
:10830000DFED070AB4EEE00AF1EE10FA02DD6FF0DD
:108310000400EDE781ED570A0020E9E7CDCCCC3D24
:10832000A4707D3F014611B96FF004007047DFED86
:108330000A0AB4EEE00AF1EE10FA06D3F7EE000AEC
:10834000B4EEE00AF1EE10FA02DD6FF00400EDE7A2
:1083500081ED290A0020E9E795BFD633024612B91C
:108360006FF004007047012902D96FF00400F9E7AB
:10837000D1640020F6E7024612B96FF0040070479E
:10838000012902D96FF00400F9E74FF4BE70815063
:108390000020F4E7014611B96FF004007047B5EE14
:1083A000C00AF1EE10FA06D3DFED060AB4EEE00AD9
:1083B000F1EE10FA02DD6FF00400EFE781ED5A0AEA
:1083C0000020EBE700007A44014611B96FF0040089
:1083D0007047DFED0A0AB4EEE00AF1EE10FA06D3B8
:1083E000DFED070AB4EEE00AF1EE10FA02DD6FF0FD
:1083F0000400EDE781ED280A0020E9E76F12833AD7
:1084000000004842024612B96FF004007047B1F50F
:10841000966F02D30548814202D96FF00400F5E758
:108420004FF48E7081500020F0E7000000127A00B7
:10843000014611B96FF004007047B5EEC00AF1EEC5
:1084400010FA06D3DFED060AB4EEE00AF1EE10FAF8
:1084500002DD6FF00400EFE781EDA20A0020EBE7F8
:1084600000007042014611B96FF004007047B5EE8C
:10847000C00AF1EE10FA06D3F1EE040AB4EEE00AF7
:10848000F1EE10FA02DD6FF00400EFE781ED5B0A18
:108490000020EBE770B5224C2248C4F828044FF4C2
:1084A00000331A4620492046FCF726FA207E08B100
:1084B000012000E0002084F8240494F8250438BB4F
:1084C000012594F8240470B1606960B104F12401BD
:1084D00020463FF06AFD064626B904F124003FF02D
:1084E000D1FC002500BF7DB104F12400FFF746FA5E
:1084F00004F124003FF024FD94F8240420B104F199
:10850000240120463FF06FFD012084F8250400BFC0
:1085100094F8240408B1002070BD6FF00100FBE75F
:108520009401002050C3000800000E0870B50546F5
:10853000094C34B1D4F8280418B1D4F82804806860
:1085400010B96FF0020070BDD4F828042946826883
:1085500020469047F7E7000094010020004870474C
:10856000C80900202DE9F0412DED048BF0EE408A82
:10857000484C494D284600F0A1FB284601F0AAFBD3
:108580003EF0D4F906463146284601F0FBFB3EF0AA
:10859000CDF90646314628463FF0E6FA3EF0C6F9E8
:1085A000064601F085FA3EF0C1F9064631462846F6
:1085B00001F01CFAB7EE000AC0EE280AB0EE608A9D
:1085C000B1EE040A28EE000AB0EE409AB2EE040AB8
:1085D00028EE000AF0EE409A0020C4F86406C4F8C1
:1085E000680684F86C0628463FF09AFB2B4B2C4A11
:1085F00000212046FCF71AFB04F14006F7EE000AC2
:1086000080EE890AF6EE000A30EE200ABCEEC00ABF
:1086100010EE107A39463046D6F8242390470221CE
:108620003046D6F828239047B0EE480A2A4621461D
:1086300004F2DC4041F01BF920463EF01FFFF0EE53
:10864000490AB0EE690A294604F5C0603BF0D8F942
:10865000B0EE480A214604F23460FBF74AFF4FF4BB
:108660009960015904F58F6088474FF48D60015976
:1086700004F58A6088470220F9F720F804F2346094
:10868000FBF72CFF207EFCF750FFBDEC048BBDE810
:10869000F0810000C8090020501300207174040804
:1086A000417404082DE9FF41594CD4F86406401C7C
:1086B000C4F86406052801D3012000E00020064626
:1086C000D4F86806401CC4F868060A2801D30120C3
:1086D00000E00020054616B10020C4F8640615B17C
:1086E0000020C4F8680604F11C00616A8847D4EDD4
:1086F000080AB0EE600A022104F14000D4F86C23AD
:1087000090472B4632466946204600F0B5F894F86B
:108710006C0628B1204600F08DF8002084F86C0625
:1087200015B1012084F86C0604F2DC40FDF773FDFE
:1087300020463EF0A3FE94F8DC04062807D140F260
:10874000CC40015904F58F608847BDE8FF8194F85B
:10875000DC0405281AD004F5C0603BF077F904F278
:108760003460FBF7DAFE9FED2B0A04F5806080EDA4
:10877000970A9FED280A04F25C6080ED010A024628
:1087800004F5A76128383BF001FCDEE755B194F809
:108790003805062806D16A4604F5A76104F5C060CD
:1087A0003BF03AFA66B194F83805032808DB04F286
:1087B0005C636A4604F5A76104F5C0603BF056F9B6
:1087C00004F25C6204F5A76104F234603BF0DEFB66
:1087D00004F56D7704F58F6897ED143AF0EE432AAF
:1087E00097ED133AB0EE432A97ED123AF0EE431AA2
:1087F00098ED103AB0EE431A98ED0F3AF0EE430AB6
:1088000098ED0E3AB0EE430AFCF7E8FC00BF9CE797
:10881000C80900200000000010B5044621460348A6
:1088200040F060FC02483EF029FE10BDA40E00207E
:10883000C809002070B504460E4D05F1E00604F5A8
:108840006D7105F1080040F026FE04F55F7204F139
:10885000400105F14C0040F057FE334604F1400260
:1088600004F56D71284640F07BFE20463EF006FE82
:1088700070BD0000701200202DE9F04704460D463F
:108880009046994604F1400604F55F77B9F1000F70
:1088900010D0D6ED020AB0EE600A0F213046D6F8AD
:1088A0002C239047D6ED020AB0EE600A3846F96AEA
:1088B00088470BE0B8F1000F08D0D6ED020AB0EE01
:1088C000600A04213046D6F82C2390473846396B8D
:1088D000884785ED000A96ED520A85ED010A94ED70
:1088E000F50A85ED020A94EDF60A85ED030A95ED89
:1088F000000A04F2DC4080ED0C0A95ED010A80EDDF
:108900000D0A95ED020A80ED110A95ED030A80ED3E
:10891000120ABDE8F087F0EE401AF4EEE01AF1EE2C
:1089200010FA02D2B0EE600A7047F4EEC11AF1EE0E
:1089300010FA02DDB0EE410AF6E7B0EE610AF3E7A5
:10894000F0EE401AF4EEE01AF1EE10FA02D2B0EEB8
:10895000600A7047F4EEC11AF1EE10FA02DDB0EED3
:10896000410AF6E7B0EE610AF3E770B52DED028B30
:108970000446266D04F15405304600F043F9B0EE8C
:10898000408A032085F83400022085F83500032052
:108990002870D4ED040AB0EE600AB0EE481AF1EE89
:1089A000480A3EF08BFD85ED040AD4ED050AB0EED1
:1089B000600AB0EE481AF1EE480A3EF07FFD85ED00
:1089C000050ABDEC028B70BD014601F15400032283
:1089D00080F83420022280F83520027091ED030ADD
:1089E000FFEE000AB7EE001AB4EEE00AF1EE10FA5C
:1089F00002D2F0EE601A09E0B4EEC10AF1EE10FA0C
:108A000002DDF0EE411A01E0F0EE401AC0ED0C1A62
:108A100070470000014601F15400032280F8342021
:108A2000022280F835200622027091ED0A0A80EDBC
:108A3000010A9FED020A80ED090A7047000000005C
:108A400070B52DED028B05462E6D05F154043046B0
:108A50003EF019FFB0EE408A032084F83400022073
:108A600084F835000420207095ED030AB1EE481A11
:108A7000F0EE480AB4EEC10AF1EE10FA02D2F0EEBE
:108A8000411A09E0B4EEE00AF1EE10FA02DDF0EE70
:108A9000601A01E0F0EE401AC4ED031A9FED030ADC
:108AA00084ED080ABDEC028B70BD000000000000E0
:108AB00070B52DED028B0446266D04F15405304649
:108AC00000F09DF8B0EE408A032085F834000220C3
:108AD00085F835000520287094ED020AB1EE481A99
:108AE000F0EE480AB4EEC10AF1EE10FA02D2F0EE4E
:108AF000411A09E0B4EEE00AF1EE10FA02DDF0EE00
:108B0000601A01E0F0EE401AC5ED021A94ED080A71
:108B100085ED080ABDEC028B70BD000070B50446FF
:108B200004F15405032085F83400022085F835004F
:108B300004202870D4ED240AB0EE600A3AF09EF8C2
:108B4000F6EE000A20EE200A85ED030A9FED090AE1
:108B500085ED080A94ED240AD4ED250A9FED061A46
:108B600060EE810A94ED231A00EE810A84ED240A56
:108B700070BD000000000000DB0FC94070B52DED96
:108B8000028B05462E6D05F1540430463EF07BFE07
:108B9000B0EE408A032084F83400022084F83500C7
:108BA0000420207095ED030AB1EE481AF0EE480A51
:108BB000B4EEC10AF1EE10FA02D2F0EE411A09E069
:108BC000B4EEE00AF1EE10FA02DDF0EE601A01E018
:108BD000F0EE401AC4ED031A9FED030A84ED080A73
:108BE000BDEC028B70BD00000000000090ED2F0A6C
:108BF000704790ED2E0A704790ED2D0A704790ED6A
:108C00000D0A704790ED0C0A704701462820405C21
:108C1000704790ED3D0A704790ED050A704790ED62
:108C2000390A704790ED370A704770B52DED028B09
:108C300004460D46B0EE408A00BF14B9BDEC028B6D
:108C400070BD00BF84ED028A032D0FD004DC012D1E
:108C500007D0022D2DD105E0042D08D00F2D28D1ED
:108C600016E000BF204640F0BDFF23E000BF2046D5
:108C700040F0B8FFD4ED020AB0EE600A204602F0E0
:108C80009BFB204640F0A0FF204602F015FC11E0BF
:108C9000204640F0A7FFD4ED020AB0EE600A20465D
:108CA00002F08AFB204640F08FFF204602F004FCD1
:108CB00000E000BF00BF00BFC0E7000010B50446E1
:108CC00014B96FF0040010BD4FF4AA720249204697
:108CD00037F079FA0020F6E73CCF0008014611B9D9
:108CE0006FF004007047DFED0A0AB4EEE00AF1EE1F
:108CF00010FA06D3DFED070AB4EEE00AF1EE10FA3F
:108D000002DD6FF00400EDE781ED1E0A0020E9E7C7
:108D1000F90F49C0F90F4940014611B96FF004003D
:108D20007047DFED0A0AB4EEE00AF1EE10FA06D35E
:108D3000DFED070AB4EEE00AF1EE10FA02DD6FF0A3
:108D40000400EDE781ED080A0020E9E717B7D13804
:108D5000CDCCCC3D014611B96FF004007047DFED7A
:108D60000A0AB4EEE00AF1EE10FA06D3DFED070AC4
:108D7000B4EEE00AF1EE10FA02DD6FF00400EDE768
:108D800081ED070A0020E9E7ACC527370AD7233C65
:108D9000014611B96FF00400704708781F2801DD03
:108DA0000120F9E791ED050ADFEDF80AB4EEE00ADB
:108DB000F1EE10FA08D391ED050AF2EE040AB4EED2
:108DC000E00AF1EE10FA01DD0320E5E791ED060A75
:108DD000DFEDEF0AB4EEE00AF1EE10FA08D391ED00
:108DE000060ADFEDEC0AB4EEE00AF1EE10FA01DD5E
:108DF0000420D1E791ED070ADFEDE50AB4EEE00AC1
:108E0000F1EE10FA08D391ED070ADFEDE20AB4EEB5
:108E1000E00AF1EE10FA01DD0520BDE791ED080A48
:108E2000DFEDDD0AB4EEE00AF1EE10FA08D391EDC1
:108E3000080ADFEDDA0AB4EEE00AF1EE10FA01DD1D
:108E40000620A9E791ED090ADFEDD20AB4EEE00AA7
:108E5000F1EE10FA08D391ED090AF2EE040AB4EE2D
:108E6000E00AF1EE10FA01DD072095E72820405CCA
:108E7000012803DB2820405C402801DD08208BE727
:108E800091ED0B0ADFEDC50AB4EEE00AF1EE10FA3F
:108E900008D391ED0B0ADFEDC20AB4EEE00AF1EE61
:108EA00010FA01DD092077E791ED0C0ADFEDBB0A2E
:108EB000B4EEE00AF1EE10FA08D391ED0C0ADFED02
:108EC000B90AB4EEE00AF1EE10FA01DD0A2063E718
:108ED00091ED0D0AF2EE040AB4EEE00AF1EE10FA9A
:108EE00008D391ED0D0ADFEDB00AB4EEE00AF1EE21
:108EF00010FA01DD0B204FE791ED0E0ADFEDA80A15
:108F0000B4EEE00AF1EE10FA08D391ED0E0ADFEDAF
:108F1000A70AB4EEE00AF1EE10FA01DD0C203BE7FF
:108F200091ED0F0AF2EE080AB4EEE00AF1EE10FA43
:108F300008D391ED0F0ADFED9A0AB4EEE00AF1EEE4
:108F400010FA01DD0D2027E791ED100ADFED940AFC
:108F5000B4EEE00AF1EE10FA08D391ED100ADFED5D
:108F6000940AB4EEE00AF1EE10FA01DD0E2013E7E8
:108F700091ED110ADFED890AB4EEE00AF1EE10FA84
:108F800008D391ED110ADFED860AB4EEE00AF1EEA6
:108F900010FA01DD0F20FFE691ED120ADFED7F0AE6
:108FA000B4EEE00AF1EE10FA08D391ED120ADFED0B
:108FB000810AB4EEE00AF1EE10FA01DD1020EBE6D2
:108FC00091ED130ADFED7C0AB4EEE00AF1EE10FA3F
:108FD00008D391ED130ADFED6F0AB4EEE00AF1EE6B
:108FE00010FA01DD1120D7E691ED140ADFED670AD2
:108FF000B4EEE00AF1EE10FA08D391ED140AF7EEA0
:10900000000AB4EEE00AF1EE10FA01DD1220C3E628
:1090100041F28832486D904203D3684A486D9042CD
:1090200001D91320B8E6886DB0F57A7F03D3634A7F
:10903000886D904201D91420AEE691ED170AF7EE43
:10904000000AB4EEE00AF1EE10FA08D391ED170A27
:10905000DFED550AB4EEE00AF1EE10FA01DD15205D
:109060009AE691ED180ADFED4D0AB4EEE00AF1EE52
:1090700010FA08D391ED180AF7EE000AB4EEE00AF0
:10908000F1EE10FA01DD162086E691ED190ADFED0A
:10909000430AB4EEE00AF1EE10FA08D391ED190A92
:1090A000DFED410AB4EEE00AF1EE10FA01DD17201F
:1090B00072E691ED1A0AB5EEC00AF1EE10FA08D385
:1090C00091ED1A0AF6EE000AB4EEE00AF1EE10FA9B
:1090D00001DD182060E6C86E642803D3384AC86EE4
:1090E000904201D9192057E691F97000B0F1FF3F85
:1090F00003DB91F97000012801DD1A204CE691EDA7
:109100001D0ADFED300AB4EEE00AF1EE10FA08D3E2
:1091100091ED1D0ADFED2C0AB4EEE00AF1EE10FA33
:1091200001DD1B2038E691ED1E0ADFED280AB4EEC2
:10913000E00AF1EE10FA08D391ED1E0ADFED240AE1
:10914000B4EEE00AF1EE10FA01DD1C2024E691ED08
:109150001F0AB5EEC00AF1EE10FA08D391ED1F0A0E
:10916000F7EE000AB4EEE00AF1EE10FA01DD1D2080
:1091700012E68020405C0A2801DD1E200CE68120DA
:10918000405C012826DD1F2006E600006F12833AAE
:10919000ACC527370AD7233C17B7D138CDCCCC3D47
:1091A0000000C8420000484300007A440000FA442E
:1091B00000409C460000964395BFD633A086010030
:1091C00040420F000000B4C30000B443F90F49C08F
:1091D000F90F494091ED210AF7EE000AB4EEE00ADA
:1091E000F1EE10FA08D391ED210A5FED110AB4EE09
:1091F000E00AF1EE10FA01DD2020CDE591F88800BB
:10920000012801DD2120C7E591ED230ADFEDFD0AEC
:10921000B4EEE00AF1EE10FA06D391ED230AB5EEB2
:10922000C00AF1EE10FA01DD2220B5E591ED240A25
:10923000B5EEC00AF1EE10FA08D391ED240A5FED05
:10924000260AB4EEE00AF1EE10FA01DD2320A3E5D0
:109250009420405C012801DD24209DE591F89800D0
:109260000A2801DD252097E591ED270A5FED350AF3
:10927000B4EEE00AF1EE10FA08D391ED270ADFED23
:10928000E20AB4EEE00AF1EE10FA01DD262083E5F1
:1092900091ED280A5FED410AB4EEE00AF1EE10FA12
:1092A00008D391ED280AF1EE040AB4EEE00AF1EEDB
:1092B00010FA01DD27206FE591ED290ADFEDD30AD1
:1092C000B4EEE00AF1EE10FA08D391ED290ADFEDD1
:1092D000D00AB4EEE00AF1EE10FA01DD28205BE5D9
:1092E00091ED2A0A5FED530AB4EEE00AF1EE10FAAE
:1092F00008D391ED2A0AF3EE040AB4EEE00AF1EE87
:1093000010FA01DD292047E591ED2B0AB5EEC00AE0
:10931000F1EE10FA08D391ED2B0A5FED5F0AB4EE7F
:10932000E00AF1EE10FA01DD2A2035E591ED2C0A74
:10933000B5EEC00AF1EE10FA08D391ED2C0A5FEDFC
:10934000660AB4EEE00AF1EE10FA01DD2B2023E507
:1093500091ED2D0AB5EEC00AF1EE10FA08D391EDA9
:109360002D0A5FED710AB4EEE00AF1EE10FA01DDAC
:109370002C2011E591ED2E0AB5EEC00AF1EE10FA9F
:1093800008D391ED2E0A5FED780AB4EEE00AF1EE13
:1093900010FA01DD2D20FFE491ED2F0AB5EEC00A91
:1093A000F1EE10FA08D391ED2F0A5FED830AB4EEC7
:1093B000E00AF1EE10FA01DD2E20EDE491ED300A25
:1093C000B5EEC00AF1EE10FA08D391ED300AF7EECF
:1093D000000AB4EEE00AF1EE10FA01DD2F20DBE422
:1093E00091ED310AB5EEC00AF1EE10FA08D391ED15
:1093F000310AF1EE040AB4EEE00AF1EE10FA01DDF2
:109400003020C9E491ED320AF6EE000AB4EEE00A2B
:10941000F1EE10FA08D391ED320ADFED7E0AB4EED8
:10942000E00AF1EE10FA01DD3120B5E491ED330AE6
:109430005FEDA50AB4EEE00AF1EE10FA08D391ED63
:10944000330ADFED750AB4EEE00AF1EE10FA01DD41
:109450003220A1E491ED340AB5EEC00AF1EE10FA23
:1094600008D391ED340AF7EE000AB4EEE00AF1EE0B
:1094700010FA01DD33208FE491ED350AB5EEC00A14
:10948000F1EE10FA08D391ED350AF0EE000AB4EED1
:10949000E00AF1EE10FA01DD34207DE491ED360AA8
:1094A000B5EEC00AF1EE10FA08D391ED360AF0EEEF
:1094B000000AB4EEE00AF1EE10FA01DD35206BE4AB
:1094C00091ED370AB5EEC00AF1EE10FA08D391ED2E
:1094D000370A5FEDCD0AB4EEE00AF1EE10FA01DDD5
:1094E000362059E491ED380AB5EEC00AF1EE10FAD3
:1094F00008D391ED380A5FEDD40AB4EEE00AF1EE3C
:1095000010FA01DD372047E491ED390AB5EEC00AC3
:10951000F1EE10FA08D391ED390A5FEDDF0AB4EEEF
:10952000E00AF1EE10FA01DD382035E491ED3A0A57
:10953000B5EEC00AF1EE10FA08D391ED3A0AF7EE53
:10954000000AB4EEE00AF1EE10FA01DD392023E45E
:1095500091ED3B0AB5EEC00AF1EE10FA08D391ED99
:109560003B0AF7EE000AB4EEE00AF1EE10FA01DD74
:109570003A2011E491ED3C0AB5EEC00AF1EE10FA82
:1095800008D391ED3C0A5FEDF80AB4EEE00AF1EE83
:1095900010FA01DD3B2004E491ED3D0AB5EEC00A6E
:1095A000F1EE10FA08D391ED3D0ADFED1C0AB4EE9E
:1095B000E00AF1EE10FA01DD3C2006E491ED3E0AEE
:1095C000B5EEC00AF1EE10FA08D391ED3E0ADFEDD8
:1095D000130AB4EEE00AF1EE10FA01DD3D2008E4D2
:1095E00091ED3F0AB5EEC00AF1EE10FA08D391ED05
:1095F0003F0AF2EE040AB4EEE00AF1EE10FA0FDDD3
:109600003E200AE400007AC400004842560EC9C059
:10961000560EC9403333733F00409C450000C8429A
:1096200091ED400AF2EE040AB4EEE00AF1EE10FA0F
:1096300008D391ED400ADFEDB40AB4EEE00AF1EE92
:1096400010FA01DD3F2010E491ED410AF7EE000A27
:10965000B4EEE00AF1EE10FA08D391ED410A5FEDA5
:10966000110AB4EEE00AF1EE10FA01DD402006E442
:1096700091ED420AF2EE040AB4EEE00AF1EE10FABD
:1096800008D391ED420A5FED1B0AB4EEE00AF1EE59
:1096900010FA01DD412006E491F80C01012801DDFA
:1096A000422014E491ED440AF2EE040AB4EEE00A1A
:1096B000F1EE10FA08D391ED440ADFED930AB4EE0F
:1096C000E00AF1EE10FA01DD432014E491ED450AC1
:1096D000B5EEC00AF1EE10FA08D391ED450AF7EEA7
:1096E000000AB4EEE00AF1EE10FA01DD442016E4BF
:1096F00091ED460AF7EE000AB4EEE00AF1EE10FA38
:1097000008D391ED460ADFED810AB4EEE00AF1EEEE
:1097100010FA01DD452016E491ED470AB5EEC00AC6
:10972000F1EE10FA08D391ED470ADFED770AB4EEB7
:10973000E00AF1EE10FA01DD462004E491ED480A5A
:10974000B5EEC00AF1EE10FA08D391ED480A5FEDCC
:109750004D0AB4EEE00AF1EE10FA01DD472006E40E
:1097600091ED490AB5EEC00AF1EE10FA08D391ED79
:10977000490A5FED560AB4EEE00AF1EE10FA01DD97
:10978000482008E491ED4A0ADFED610AB4EEE00AF0
:10979000F1EE10FA08D391ED4A0AF2EE040AB4EEA3
:1097A000E00AF1EE10FA01DD492008E491ED4B0AE0
:1097B000F7EE000AB4EEE00AF1EE10FA08D391EDEC
:1097C0004B0ADFED540AB4EEE00AF1EE10FA01DDC7
:1097D0004A2008E491ED4C0ADFED4F0AB4EEE00AAE
:1097E000F1EE10FA08D391ED4C0A5FED740AB4EE75
:1097F000E00AF1EE10FA01DD4B2008E491ED4D0A8C
:10980000F7EE000AB4EEE00AF1EE10FA08D391ED9B
:109810004D0ADFED3E0AB4EEE00AF1EE10FA01DD8A
:109820004C2009E491ED4E0AF3EE040AB4EEE00A8E
:10983000F1EE10FA08D391ED4E0A5FED880AB4EE0E
:10984000E00AF1EE10FA01DD4D2009E491ED4F0A36
:10985000F1EE040AB4EEE00AF1EE10FA08D391ED4D
:109860004F0AF3EE0E0AB4EEE00AF1EE10FA01DD53
:109870004E2009E491ED500AF2EE040AB4EEE00A3B
:10988000F1EE10FA08D391ED500ADFED240AB4EEA0
:10989000E00AF1EE10FA01DD4F2009E491ED510AE2
:1098A0005FEDA70AB4EEE00AF1EE10FA08D391EDED
:1098B000510ADFED1B0AB4EEE00AF1EE10FA01DD09
:1098C000502007E491ED520ADFED160AB4EEE00AEB
:1098D000F1EE10FA06D391ED520AB5EEC00AF1EEA0
:1098E00010FA01DD512009E44FF4A67040586428B5
:1098F00005DB4FF4A67040580B4A904201DD522020
:1099000010E400BF00200DE400007A44000048434A
:10991000CDCCCC3D00001644000020420000FA44AB
:109920000000F042000020C2A086010070B52DEDBD
:10993000068B0546F0EE408A0E4614460DB106B180
:1099400024B94FF0FF30BDEC068B70BD2846FAF706
:10995000FFFC10B96FF00100F5E7F5EEC08AF1EEFB
:1099600010FA03D89FED190AF0EE408A95ED249A7B
:1099700095ED25AAD5ED269A9FED150A28EE808A49
:1099800028EE0A0A86ED000A28EE090A86ED010A89
:1099900028EE290A84ED000A28EE090A84ED010A5E
:1099A00095ED300ADFED0B0A60EE20AA94ED000A77
:1099B00020EE2A0AF7EE080A20EE200A84ED020AB9
:1099C00094ED020A86ED020A0020BCE700007A440A
:1099D000DB0FC9409A99193F0146032902DA024870
:1099E000405C70470020FCE7B80000200A4600B148
:1099F00002B9704702F5A0712C4B1B78F3B1012B13
:109A000004D0022B03D0032B17D115E000BF91ED3A
:109A1000000A80ED2B0A91ED010A80ED2C0A91EDF0
:109A2000020A80ED2D0A91ED030A80ED2E0A91EDD8
:109A3000040A80ED2F0A02E001E000BF00BF00BF72
:109A40001A4B5B78B3B1012B04D0022B03D0032B4C
:109A50000FD10DE000BF91ED080A80ED370A91EDBE
:109A6000090A80ED380A91ED0A0A80ED390A02E010
:109A700001E000BF00BF00BF0C4B9B7893B1012BEE
:109A800004D0022B03D0032B0BD109E000BF91EDD2
:109A9000100A80ED3C0A91ED120A80ED3D0A02E0C9
:109AA00001E000BF00BF00BF00BFA2E7B800002078
:109AB0002DE9F04105460DB9BDE8F081D5F8988152
:109AC0000021404600F0F8FC06460121404600F027
:109AD000F3FC07460221404600F0EEFC04460EB1BE
:109AE000044806700FB1034847700CB101488470F8
:109AF00000BFE1E7B800002070B52DED048B0646ED
:109B00000C46B0EE408AF0EE608AB0EE419A2046F4
:109B10003EF0F6F8054625B99FED070ABDEC048B2B
:109B200070BDB0EE491AF0EE680AB0EE480A294658
:109B3000304600F0BDFBF1E70000000038B50346F9
:109B40000C46082B00DA12B94FF0FF3038BD03EB9A
:109B5000430000EBC3001F4D05EB8001082C32D2FF
:109B6000DFE804F031040B121920272E91ED000AD2
:109B70008DED000A0098106028E091ED010A8DED4E
:109B8000000A0098106021E091ED020A8DED000AB4
:109B9000009810601AE091ED030A8DED000A00981C
:109BA000106013E091ED040A8DED000A009810603A
:109BB0000CE091ED050A8DED000A0098106005E0BB
:109BC0008869106002E04FF0FF30BFE700BF00205F
:109BD000BCE70000B010002010B50446204600F09D
:109BE00051FC10BD10B5044620463DF043FE2C4804
:109BF00080ED000A20463DF03AFE294880ED010A3A
:109C00002046FEF7F3FF264880ED040A20463DF08B
:109C100040FE234880ED030A2046FEF7EDFF204872
:109C200080ED0B0A2046FEF7E4FF1D4880ED0C0A8C
:109C30002046FEF7DBFF1A4880ED0F0A20463DF074
:109C400028FE174880ED0E0A2046FEF7EBFF144869
:109C500080ED160A20463DF01FFE114880ED170AE0
:109C60002046FEF7DCFF0E4880ED1A0A2046FEF77C
:109C7000C9FF0B4880ED190A20463DF007FE084851
:109C800080ED210A2046FEF7C4FF054880ED250A35
:109C90002046FEF7B4FF024880ED240A10BD000004
:109CA000B010002070B5064C3CF040FE0546294639
:109CB0002046FFF79BFE2046FFF794FF70BD000093
:109CC00050130020032801DA014A115470470000A4
:109CD000B80000200146084600B970479FED1E0AF3
:109CE00080ED050A9FED1D0A80ED060A9FED1B0A17
:109CF00080ED070A9FED1A0A80ED080A9FED190A08
:109D000080ED090A9FED180A80ED140A0723282226
:109D100013549FED160A80ED0B0A9FED150A80ED96
:109D20000C0A9FED140A80ED0D0AB3EE080A80EDCF
:109D30000F0A9FED110A80ED100A9FED100A80EDC9
:109D4000110AB6EE000A80ED120A9FED0D0A80EDB1
:109D5000130A00BFC1E700006666664052499D3B9A
:109D60000AD7A33C3D0A573E295C0F3E9A99193FFA
:109D7000CDCC6C400000484300C0C144CDCC4C3E2B
:109D8000ACC5273710B50A4600B102B910BD02F1C3
:109D900080010B68012B1AD10C7928231C5491EDFA
:109DA000040A80ED050A91ED050A80ED060A91EDA1
:109DB000060A80ED070A91ED070A80ED080A91ED89
:109DC000080A80ED090A91ED090A80ED130A91F85D
:109DD00050305CB270231C5491ED150A80ED1D0AC1
:109DE00091ED160A80ED1E0A00BFCFE710B5ADF564
:109DF000806D04464FF480622146684636F0E3F9F0
:109E0000002002904FF4806168463FF0F9FF0DF5A5
:109E1000806D10BD002180F8241480F8251401768F
:109E20007047014601F124007047000010B5044658
:109E30000D492068884201D0012010BD206C012806
:109E400001D00120F9E72046FFF7D0FFA168884242
:109E500001D00220F1E720463CF07CFD08B1032050
:109E6000EBE70020E9E700005652455390ED050A64
:109E7000704700002DE9F04F2DED088B85B00446AA
:109E8000884691462646708809EE100A307A10B14D
:109E900096F9080000E0012009EE900AD8ED000ACA
:109EA000B8EEE91A60EE810AB0EE600A00F0B8F888
:109EB000DFED570A80EE208AB9F1030F01D30220AB
:109EC00002E0A9F10100C0B282463078022804D134
:109ED000BAF1010F01D94FF0010A012001900025CC
:109EE00030E006F10800691C405C18B106F108007A
:109EF000405600E0012008EE900A681C08EB800044
:109F0000D0ED000AB8EEE81A60EE810AB0EE600A01
:109F100000F086F8DFED3E0A80EE201A03A800EB81
:109F2000850080ED001AB01C691C30F8110002A9F0
:109F300021F8150002A830F8150001994843019056
:109F4000681CC5B25545CCDB00279FED32AA002521
:109F500043E000EE105AB8EEC00A30EE080AB0EE48
:109F600040BA9FED2D0AF0EE408A4FF0000B29E039
:109F7000B8EE490A6BEE000A02A830F81B0000EEAA
:109F8000100AB8EE400A80EE801AF0EE41AAB0EE58
:109F90006A0A38F0E3FD3AEEC00AF0EE40AA03A8E0
:109FA00000EB8B0090ED000AF0EE400AB0EE6A0A7A
:109FB00039F074FE30EE280AF0EE408A0BF1010011
:109FC00000F0FF0BD345D3DBF4EECA8AF1EE10FAB2
:109FD00002D2B0EE68AA2F466D1C01988542B8DB0C
:109FE000A76100EE107AB8EEC00A30EE080ADFED85
:109FF0000B0A20EE200A84ED070A94ED070A84ED8F
:10A00000050A94ED070A05B0BDEC088BBDE8F08F9A
:10A010000000B443CAF2497100000000DB0FC940E0
:10A02000F0EE400A9FED0F0A80EE802ABDEEC20AD4
:10A03000B0EE401AB8EEC12ADFED0A2AB0EE600A8F
:10A0400002EE620AF0EE401AF5EEC01AF1EE10FAD6
:10A0500002DBB0EE610A70479FED020A31EE800A22
:10A06000F9E700000000B4432DE9F04706460D462D
:10A07000114804680CB1012D01DABDE8F08737788A
:10A08000012D01DD701C00E000208146681E1FFAD2
:10A0900080F843464A4639462046FBF771FDB4F83E
:10A0A0000601002806DDB4F80621611D04F5847060
:10A0B00001F058F900BFE0E718000020F8B50446A9
:10A0C0000D46606860B1012D08D103200090002288
:10A0D00011460120636801F08FFDF8BD0020FCE708
:10A0E000012D0ED103220021012040F0ADF80646DB
:10A0F0002EB100231A461946304601F039FE30468B
:10A10000EBE70020E9E7000038B504460025002011
:10A1100000903BF086FD90B16946204640F0C1F8C2
:10A12000012801D0FF2038BD009888B14FF0805041
:10A1300008490860BFF34F8FBFF36F8F08E000231B
:10A140001A461946204601F013FE012800D0FF25CB
:10A150002846E8E704ED00E070B505460E46002409
:10A16000D5ED000AB0EE600A3019FBF7E9FF241DB7
:10A17000D5ED010AB0EE600A3019FBF7E1FF241DAE
:10A18000D5ED020AB0EE600A3019FBF7D9FF241DA5
:10A19000D5ED0B0AB0EE600A3019FBF7D1FF241D94
:10A1A000D5ED080AB0EE600A3019FBF7C9FF241D8F
:10A1B0002A8F91B23019FBF7D4FFA41C204670BD42
:10A1C00010B50446D4F88400804784ED000AD4ED2D
:10A1D000000AB0EE600AF6F7B1F984ED1E0AD4ED7C
:10A1E000000AB0EE600A36F03BF984ED1F0A94EDE8
:10A1F000040AD4ED1F0A20EE200AD4ED050A94EDDE
:10A200001E1A00EE810A84ED080A94ED040AB1EEEC
:10A21000400AD4ED1E0A20EE200AD4ED050A94ED82
:10A220001F1A00EE810A84ED090A94ED080ADFED99
:10A23000130A20EE200A1248D0ED000A9FED111AF1
:10A2400001EE200A84ED080A94ED090ADFED0B0AFD
:10A2500020EE200A0C48D0ED000A9FED0A1A01EE0C
:10A26000200A84ED090A94ED080A054880ED000AE9
:10A2700094ED090A044880ED000A10BDCDCC4C3F96
:10A28000B0000020CCCC4C3EB400002064203AF05A
:10A290005DFD00BF14203AF059FD00F029FB034892
:10A2A0004069401C01494861F4E700001012002099
:10A2B00070B52DED048B04460D46F0EE408AB0EEED
:10A2C000609AB0EE418AF0EE481A9FED061AF0EE61
:10A2D000490AB0EE680A2946204600F005F8BDECB0
:10A2E000048B70BD0000000070B52DED0A8B054693
:10A2F0000C46F0EE40AAB0EE609AB0EE41AAF0EE45
:10A30000618A3AEEC90AF0EE409AB0EE4A8A94EDBC
:10A31000000A20EE290AF0EE40BA38EE2B0AB0EE21
:10A32000408A9FED570AB0EE40CA94ED010AB5EE9F
:10A33000C00AF1EE10FA3BD0F5EEC08AF1EE10FA49
:10A3400036DD0126207E00F0010058B195ED020AAD
:10A35000B0EEC00AD4ED030AB4EEE00AF1EE10FA52
:10A3600000DB0026DEB195ED000AD4ED010A60EEB7
:10A37000A90A00EEA80A85ED000AD4ED041AB0EE91
:10A38000611AD4ED041AF1EE611AF0EE610AD5ED0E
:10A39000001AB0EE610A39F0BAFC85ED000A95EDBD
:10A3A000000AB0EE40CA38EE0C0AB0EE408A00BF98
:10A3B0009FED33BA94ED020AB5EEC00AF1EE10FA41
:10A3C00025D0F5EEC08AF1EE10FA20DD207E00F0F7
:10A3D000020060B194ED020AD5ED030A70EEC90ADD
:10A3E00020EE200AC0EE280AB0EE60BA0BE094ED31
:10A3F000020AD5ED010A79EEE00A20EE200AC0EE4D
:10A40000280AB0EE60BA38EE0B0AB0EE408A207E21
:10A4100000F0040028B195ED020A30EE080AB0EE13
:10A42000408A94ED030AB0EE401A94ED030AB1EEAF
:10A43000400AF0EE400AB0EE480A39F068FCB0EE8F
:10A44000408A207E00F0080078B194ED050AF7EE0E
:10A45000000A30EEC00AD5ED020A20EE200AD4ED43
:10A46000050A00EE880AB0EE408AC5ED019A85ED36
:10A47000039A85ED028AB0EE480ABDEC0A8B70BDE6
:10A480000000000000B50146084600F001F800BDDC
:10A490009FED080A80ED000A9FED060A80ED010A93
:10A4A0009FED040A80ED020A9FED020A80ED030A87
:10A4B000704700000000000002460B4623B1012B4C
:10A4C00005D0022B09D105E002F00F0107E0C2F32D
:10A4D000031104E0C2F3032101E00020704700BF34
:10A4E000032901DC0846F9E70020F7E7022070475E
:10A4F00002207047022070470220704702207047F8
:10A5000070B52DED068B39F0A3F905462C6895ED55
:10A51000020AF0EE409A7A48007920B1012835D03D
:10A5200002287CD196E0214675481430F9F762FD87
:10A530009FED740A724880ED0D0AD0ED0D0AB0EE61
:10A54000600A9FED711ADFED700A143038F028FFB1
:10A5500004F56D70D4F83C14884704F56D70D4F898
:10A560004014884794EDF50A654880ED080A0020FC
:10A57000F9F77EFE01216248001DF9F792FE0120E5
:10A58000F9F776FE0120BDEC068B70BD5C48D0ED7E
:10A590000D0AB0EE600A9FED5C1ADFED5B0A143025
:10A5A00038F0FEFE04F56D70D4F83C14884704F5CD
:10A5B0006D70D4F84014884794EDF50AB0EE408AE7
:10A5C0004F4890ED080A38EE400AC0EE290AF0EE36
:10A5D000608A80ED088A18EE900A38F099FA48B33C
:10A5E000B0EEE80AF7EE000AB4EEE00AF1EE10FA77
:10A5F00020DD6868FEF710FBB0EE40AA404890ED01
:10A600000D0A0AEE480AC0EE280AB0EE609A19EE6A
:10A61000100A38F07DFA60B1B5EEC09A00E066E04D
:10A62000F1EE10FA05DDB0EE490A3548001DF9F7E4
:10A6300025FE00BF3248C0681E2801D20120A2E7D3
:10A6400002212F48001DF9F72CFE0220F9F710FE19
:10A65000012098E72A48C06840B90420F9F702FEB3
:10A660002748143038F030FF03208CE72448001DC1
:10A67000F9F70EFEF0EE408A18EE900A08EE100A86
:10A6800018EE100A38F044FA78B19FED200AB4EEC3
:10A69000C08AF1EE10FA08DB9FED1D0AB4EEC08A05
:10A6A000F1EE10FA01D8012000E0002040B90220AC
:10A6B000F9F7D8FD1248143038F006FF032062E79E
:10A6C000B0EE680A68683DF01DF9B0EE680AFBF765
:10A6D000D1FD0B48143038F0F7FE04210220F9F7C1
:10A6E000A1FD0748001DF9F7E1FD02204BE701201D
:10A6F000F9F7B8FD0248143038F0E6FE032042E7CF
:10A7000050100020BF261B400000000083A87B3AA9
:10A71000FBED6B3C0220704702207047022070471F
:10A72000022070470220704770B52DED028B39F082
:10A730008FF8064634686948007930B1012822D084
:10A7400002283DD003287DD165E0214663481830BA
:10A75000F9F750FC9FED621ADFED610A9FED610A87
:10A760005E48183038F01CFE0020F9F781FD012109
:10A770005A48001D39F02AF90120F9F779FD012026
:10A78000BDEC028B70BD9FED561ADFED550A9FEDB3
:10A79000550A5248183038F003FE44F620614F48FD
:10A7A000001DF9F78FFD08B10120E9E702214B48B0
:10A7B000001D39F00BF90220F9F75AFD0120DFE7FF
:10A7C0009FED471ADFED460A9FED460A43481830D1
:10A7D00038F0E6FD414D2D1D204638F096FEB0EED6
:10A7E000408A95ED030A30EE080A85ED030AA86851
:10A7F000401CA86000BF281FC068642801D2012047
:10A80000BEE703213548001D39F0E0F80320F9F7D1
:10A810002FFD0120B4E73148001DD0ED030A90ED73
:10A82000020AB8EE401A80EE810AB0EE408AB0EE1D
:10A83000480A04F11C00E16A8847012104F11C0068
:10A84000626B00E040E09047B0EE480ADFED260A78
:10A85000B4EEE00AF1EE10FA08DBDFED240AB4EE04
:10A86000E00AF1EE10FA01D8012000E0002040B922
:10A870000220F9F7F7FC1948183038F025FE0320BC
:10A880007EE7B0EE480A70683DF01EF8012170685E
:10A890003DF008F89FED120A7068FEF71FFA0120DC
:10A8A000F0EE480A9FED0E0A3BF087FB0B4818308C
:10A8B00038F00AFE01210320F9F7B4FC0748001D17
:10A8C00039F088F802205BE70120F9F7CBFC034858
:10A8D000183038F0F9FD032052E700008C100020FA
:10A8E00000000000C4B1EE3F0000B4C30000B44358
:10A8F00010B51448D0F88C1088471248D0F8901042
:10A90000884711480F4991ED1D0A80ED000A91ED2D
:10A910001E0A80ED010A91ED1D0AD1ED1E0A20EEFE
:10A92000200A80ED020A084690ED1F0A0648D0383A
:10A9300080ED3A0A084690ED200A0348D03880EDB1
:10A940003B0A10BD601D0020E012002010B5044637
:10A950003FF094FA23480068401C224908602248CE
:10A96000006840B9204804600846006801280DD1FD
:10A9700000F084F90AE01D48006838B91A480068F8
:10A98000C06AE16A884201D8174804601848006824
:10A99000401C1749086094F82C1001208840154984
:10A9A0000968084313490860E16A01EB8101124A12
:10A9B00002EB8100211D3FF054FA00F063FE0B48CA
:10A9C000006868B108480068C06AE16A884207D236
:10A9D0004FF0805009490860BFF34F8FBFF36F8F6E
:10A9E00010BD00001C0100200C01002028010020E7
:10A9F0003801002024010020B02D002004ED00E0EB
:10AA000010B516E03FF03AFA0C48C068C468201D43
:10AA10003FF012FA0A480068401E094908600948D8
:10AA20000068401E0749086000F02CFE20463EF0FA
:10AA300079FC044800680028E4D110BD782E00207D
:10AA40001C0100201801002070B504460D46206C42
:10AA500070B1216CE0680144E160D4E902108842E1
:10AA600001D32168E1602846226CE16835F0ABFB38
:10AA700070BD2DE9F04104460F4615464FF0000821
:10AA8000A66B206C48B9206800282CD1A06801F082
:10AA9000AFFB80460020A06025E07DB93946226CDE
:10AAA000606835F090FB216C606808446060D4E910
:10AAB0000101884217D32068606014E03946226C97
:10AAC000E06835F080FB216CE068411AE1602168A4
:10AAD000E068884203D2216CA068411AE160022D2F
:10AAE00001D106B1761E701CA0634046BDE8F0811E
:10AAF00030B54FF48033174800F007042CB1C01D67
:10AB000020F00700134C041B1B1B0246124C226052
:10AB10000024114D6C60D018083820F007000F4C4D
:10AB2000206000240D4D2D686C600C4D2D682C604C
:10AB30001146441A4C60094C24680C60084D4C685E
:10AB40002C60084D4C682C604FF00044064D2C6082
:10AB500030BD0000A02E0020480100205001002040
:10AB600058010020540100206401002000BFFFF7BD
:10AB700047FF07480068012807D94FF08050054972
:10AB80000860BFF34F8FBFF36F8F00F04FFDEEE70C
:10AB9000B02D002004ED00E02DE9F04106460D4601
:10ABA00017469846069C0DB9246000E02760E663CE
:10ABB00025640121204601F08FF8BDE8F0812DE9E0
:10ABC000F05F82460E4690469B460A9F0C9C4FEAD9
:10ABD0008801A522206BF5F7E3FAA8F10100216BAB
:10ABE00001EB800929F0070909F0070008B90120E5
:10ABF00000E0002050B900BF502080F31188BFF35F
:10AC00004F8FBFF36F8F00BF00BFFEE786B10025F7
:10AC100007E0715D04F134004155705D00B902E058
:10AC20006D1C102DF5D300BF00214320015502E01B
:10AC3000002084F83400072F00D30627E7626764FA
:10AC40000020A064201D00F0FFFC04F1180000F0BB
:10AC5000FBFC2461C7F10700A06164620020E0648E
:10AC600084F850005A46514648463EF08FFC20601A
:10AC70000B9808B10B980460BDE8F09F10B5002454
:10AC800007E004EB84010F4A02EB810000F0CFFCE7
:10AC9000641C072CF5D30C4800F0C9FC0B4800F0ED
:10ACA000C6FC0B4800F0C3FC0A4800F0C0FC0A4890
:10ACB00000F0BDFC044809490860044808490860E0
:10ACC00010BD0000B02D00203C2E0020502E002092
:10ACD000642E0020782E00208C2E002010010020F1
:10ACE0001401002010B50146164800E00068036812
:10ACF0008B42FBD30246436813448B4204D1436822
:10AD00004C682344436001460A464B681344046878
:10AD1000A34211D10C4C03682468A34208D04B68AD
:10AD20000468646823444B6003681B680B6005E09B
:10AD3000054B1B680B6001E003680B60884200D084
:10AD4000016010BD480100205001002070B505468B
:10AD50003FF094F8A86BE96B884201D1012400E030
:10AD6000002400F08FFC204670BD00002DE9F0416A
:10AD700004464FF0000800F0EBFD4948006808B9B0
:10AD8000FFF7B6FE474800682040002870D1D4B1D4
:10AD9000083404F00700B0B104F00700C0F1080067
:10ADA000044404F0070008B9012000E0002050B975
:10ADB00000BF502080F31188BFF34F8FBFF36F8F18
:10ADC00000BF00BFFEE7002C52D037480068844225
:10ADD0004ED8364E3046056801E02E462D6868682C
:10ADE000A04202D228680028F7D12D480068854289
:10ADF0003ED0306800F10808286830606868001BA1
:10AE0000102819D92F1907F0070008B9012000E010
:10AE1000002050B900BF502080F31188BFF34F8F3E
:10AE2000BFF36F8F00BF00BFFEE76868001B78604C
:10AE30006C603846FFF756FF1B4968680968081AB6
:10AE4000194908600846006819490968884203D210
:10AE5000154800681649086012496868096808437F
:10AE600068600020286013480068401C1149086091
:10AE70003FF042FC08F0070008B9012000E0002084
:10AE800050B900BF502080F31188BFF34F8FBFF33C
:10AE90006F8F00BF00BFFEE74046BDE8F0810000B5
:10AEA00050010020640100205401002048010020CE
:10AEB000580100205C0100200648006830B10549B7
:10AEC000096801F14800896C491C0160014800686B
:10AED000704700000C010020F0EE400AF5EEC00AB9
:10AEE000F1EE10FA02D2B1EE600A7047B0EE600ADD
:10AEF000FBE770B504460D461646302D02DA207A7F
:10AF0000A84200D170BD04F15C033246294604F129
:10AF1000A00000F044F900BFF4E780ED0A0AC0ED9C
:10AF20000B0A704770B504460D466575B4F8981065
:10AF300004F1180000F062F8B4F8281104F1A80038
:10AF400000F05CF80020A4F8AA019FED090A84ED46
:10AF50006B0A9FED070A84ED540A9FED050A84ED04
:10AF6000550A9FED030A84ED560A84F83C0170BD32
:10AF700000000000F0EE400AB0F88410B0F8802025
:10AF800091420CD190ED220AB0F8821000EB8101C1
:10AF900091ED001A30EE410A80ED220A0FE030F800
:10AFA000841F491C0180018800EE101AB8EE400A87
:10AFB000B7EE001AC1EE001AC0ED021A8438B0F8DC
:10AFC000821000EB8101C1ED000A803090ED020A91
:10AFD00030EE200A80ED020A4188491C89B2418086
:10AFE00030F88029914202DB0021A0F8821090ED18
:10AFF000220A90ED231A20EE010A704770B505462B
:10B000000C4604B90124202C00D920249021284684
:10B01000F5F7CDF8A5F8804070BD000038B539F0DF
:10B020009BFE002400204FF4006305221E4900907F
:10B030001EA0FAF7EFF9204941F82400012400206E
:10B040004FF4406305221D4900901DA0FAF7E2F974
:10B05000194941F8240002240020630204221B49FC
:10B0600000901BA0FAF7D6F9134941F824000324F5
:10B0700000204FF4806304221849009018A0FAF7CA
:10B08000C9F90D4941F8240004240020A301042239
:10B090001649009016A0FAF7BDF9074941F82400B7
:10B0A000FAF7A6F938BD0000413F0408436F6E74FB
:10B0B000726F6C5461736B0080010020393D04088D
:10B0C000436F6D6D756E5461736B000061520008C3
:10B0D000446973706C61795461736B008DA20008D0
:10B0E000506572696F645461736B0000C559000844
:10B0F00049646C655461736B0000000070B50446D0
:10B100000D462078A84200D170BD207829463EF037
:10B11000D9FB00B9F8E72078052804D006280BD021
:10B12000072810D10EE0002184F85C10294604F1B4
:10B13000A00000F047F807E0F9F742F8002084F893
:10B14000200101E000E000BF00BF072D22D2DFE8B0
:10B1500005F0211110040A211A000020207200219C
:10B1600084F85C1017E000202072002184F85C1045
:10B1700011E000BF002184F85C10294604F1A00012
:10B1800000F020F807E0002084F82001002184F876
:10B190005C1000E000BF00BF257000BFB4E72DE9E0
:10B1A000F04105460C4616461F46302C01DBBDE833
:10B1B000F08185F878403A463146284600F0BCF8E0
:10B1C00000BFF4E770B504460D4620463EF090FB04
:10B1D00070BD2DE9F0472DED028B8046894614465F
:10B1E0001D46B0EE408A0A9E307820B90020BDECA2
:10B1F000028BBDE8F08798F80000012801D10020FB
:10B20000F5E798F80000022803D1002088F8000034
:10B21000EDE748463EF0D6FA08B90020E7E7207887
:10B220002978884201D00020E1E74FF0000A207819
:10B23000032841D004282BD0052815D0062860D13A
:10B24000D4ED010A95ED011A70EEC10AB0EE600A64
:10B25000FFF742FED6ED020AB4EEE00AF1EE10FA74
:10B2600001DD4FF0010A4DE0D4ED020A95ED021A1E
:10B2700070EEC10AB0EE600AFFF72EFED6ED030AAB
:10B28000B4EEE00AF1EE10FA01DD4FF0010A39E008
:10B29000D4ED030A95ED031A70EEC10AB0EE600A10
:10B2A000FFF71AFED6ED040AB4EEE00AF1EE10FA4A
:10B2B00001DD4FF0010A25E0D4ED040A95ED041AF2
:10B2C00070EEC10AB0EE600AFFF706FED6ED050A81
:10B2D000B4EEE00AF1EE10FA10DCD4ED050A95EDBB
:10B2E000051A70EEC10AB0EE600AFFF7F5FDD6ED63
:10B2F000050AB4EEE00AF1EE10FA01DD4FF0010AA2
:10B3000000E000BF00BFBAF1000F01D100206EE7DE
:10B31000B0EE480A3246294620463EF04DF907462F
:10B3200007B977680FB9002061E72A4639464046D9
:10B3300000F002F801205AE770B504460D461646A3
:10B340000120207000206060A5609FED050A84ED5B
:10B35000110A3822314604F10C0034F034FF70BD7C
:10B360000000000070B504460D46164632462946D8
:10B370002046FAF7EDF970BD2DE9F04104460D467F
:10B38000174604B10DB9BDE8F08100260FE0A95DB4
:10B3900020463AF049F840B1D4F80C0428B1B4F88A
:10B3A00000142046D4F80C249047701C86B2BE428C
:10B3B000EDDB00BFE7E7000010B52DED048B82B098
:10B3C0000446F0EE408A94ED010AB8EE400AF0EE31
:10B3D000409A94F83C0100BBC4ED4E8AC4ED698AE2
:10B3E000C4ED6C8A9FED330A84ED6D0A012084F868
:10B3F0003C019FED300A84ED510A9FED2E0A04F1C5
:10B400001800FFF7B7FD84ED520A012120463CF0F9
:10B41000C9FD02B0BDEC048B10BD607DC8B1012830
:10B4200002D0022814D109E0B0EE680A204600F0EC
:10B4300019FB8DED010A9DED018A13E0B0EE680A5B
:10B4400020463EF0C5FD8DED010A9DED018A09E023
:10B4500000BF01A9B0EE680A204600F0D5FAB0EEB0
:10B46000408A00BF00BF9DED010A84ED510A84EDC2
:10B47000528A94ED550A84ED540A94ED560A84EDEF
:10B48000550A84ED568A94ED560AD4ED550A30EEED
:10B49000600A20EE299AB0EE490A04F1A800FFF7ED
:10B4A00069FD84ED570A012120463CF07BFD00BF79
:10B4B000AFE700000000000090ED510ADFED0A0A3E
:10B4C00020EE200ADFED090A20EE200ADFED080A4F
:10B4D00080EE201ABDEEC10A80ED530A90ED530AAA
:10B4E000B8EEC00A70470000E02E654200007042CE
:10B4F0000000B4432DE9F04104460E46072C03DA60
:10B5000016B1B6F5807F02DD0120BDE8F08140482C
:10B5100000EB042004EBC4013E4A02EB8101086207
:10B5200004EBC400114601EB80008680002004EB90
:10B53000C40102EB8101488004EBC40102EB8101EC
:10B54000C88004EBC40102EB8101088104EBC40153
:10B5500002F8210004EBC40102EB8101C86104EB95
:10B56000C40102EB8101086A3146F4F720FE20464F
:10B57000FAF766F9054695B9002004EBC401254A9F
:10B5800002EB8101086204EBC40102EB81018880B7
:10B59000012004EBC40102EB8101C861B5E704EBB3
:10B5A000C4001C4B03EB8000828804EBC40003EB57
:10B5B0008000016A284636F0BEFD07469FB1002094
:10B5C00004EBC401134A02EB8101086204EBC401DD
:10B5D00002EB8101888004EBC400114601EB80007E
:10B5E000C761012091E72868C06840F01000296811
:10B5F000C86004EBC400074901EB8000C068401C30
:10B6000004EBC401034A02EB8101C86000207CE71F
:10B61000B0260020B4250020034B036003F1540042
:10B620000860802010607047A02E0120704700F154
:10B63000080141604FF0FF31816000F10801C160F5
:10B64000016100210160704700210161704710B560
:10B6500002460B685C1C0CB9106907E002F1080097
:10B6600000E04068446824689C42FAD944684C6011
:10B670004C68A160886041600A611468641C1460B1
:10B6800010BD00000D48006850B900BF502080F385
:10B690001188BFF34F8FBFF36F8F00BF00BFFEE76E
:10B6A00006480068401E054908600846006820B941
:10B6B000002080F3118800BF00BF704768010020A0
:10B6C00000204FF0E02108618861064800684FF4CF
:10B6D0007A71B0FBF1F0401E4FF0E0214861072085
:10B6E000086170470801002070B534F0E5FC04469D
:10B6F000102C16D304F1E02090F8F0531548007890
:10B70000854201DB012000E0002050B900BF50203D
:10B7100080F31188BFF34F8FBFF36F8F00BF00BF5F
:10B72000FEE70D48006800F4E0600C4909688842B3
:10B7300001D8012000E0002050B900BF502080F364
:10B740001188BFF34F8FBFF36F8F00BF00BFFEE7BD
:10B7500070BD00006C0100200CED00E070010020C5
:10B7600003490968016003490968416070470000A6
:10B7700034010020200100200120014908607047A9
:10B780003001002070B504460D4654B900BF50206A
:10B7900080F31188BFF34F8FBFF36F8F00BF00BFDF
:10B7A000FEE70548016818312046FFF750FF0121E8
:10B7B00028463DF06BFD70BD0C0100202DE9F047DF
:10B7C00006460F4634464FF00109002E60D0A06CAB
:10B7D00050B900BF502080F31188BFF34F8FBFF3E3
:10B7E0006F8F00BF00BFFEE7606CB84201D23D46DC
:10B7F00000E0656CE06AA8424AD0A06C012847D1FD
:10B8000024480068844201D0012000E0002050B9A3
:10B8100000BF502080F31188BFF34F8FBFF36F8FAD
:10B8200000BF00BFFEE7D4F82C80E562A06900F0FD
:10B83000004010B9C5F10700A06108EB8801164A65
:10B8400002EB81016069884201D1012000E0002003
:10B85000F0B1201D3EF0F0FA40B994F82C10012010
:10B8600088400E49096881430C48016094F82C1007
:10B870000120884009490968084308490860E16ACD
:10B8800001EB8101044A02EB8100211D3EF0E9FA3F
:10B89000BDE8F0870C010020B02D0020240100201D
:10B8A00010B586B000200590049003AA04A905A84D
:10B8B000FFF7B2FE0022DDE904101346CDE90021B6
:10B8C00002901CA11D48039A00F034FC1C4908603A
:10B8D0000846006808B1012400E00024012C15D1BD
:10B8E00000BF502080F31188BFF34F8FBFF36F8FDD
:10B8F00000BF4FF0FF301349086001201249086073
:10B900000020124908603EF0EBFB10E0601C08B11B
:10B91000012000E0002050B900BF502080F31188C2
:10B92000BFF34F8FBFF36F8F00BF00BFFEE706B0BE
:10B9300010BD000049444C45000000006DAB0008FC
:10B94000400100203C0100202801002020010020AF
:10B9500002480068401C014908607047440100200B
:10B9600010B52448006818B101202349086040E060
:10B970000020214908602148006800681F490968C3
:10B98000096B884205D81D480168343100683EF0D3
:10B9900067FA1B480068B0FA80F0C0F11F0101EBA4
:10B9A0008100184A52F8200008B1012000E0002070
:10B9B00050B900BF502080F31188BFF34F8FBFF301
:10B9C0006F8F00BF00BFFEE701EB81020D4B03EB61
:10B9D000820042685268426000F108024368934264
:10B9E00002D14268526842604268D268034B1A60D2
:10B9F00000BF10BD44010020300100200C010020D8
:10BA000024010020B02D002070B52DED048B0446DC
:10BA1000B0EE408A0D4694ED010AB8EE400AB0EE51
:10BA2000409AD4ED4E0A78EE600AB0EE600A3EF01D
:10BA300015FBF0EE409A9FED0A0A29EE000A20EE6F
:10BA4000290AF0EE408A84ED4E8AC5ED008AB0EEF8
:10BA5000680A04F11800FFF78DFABDEC048B70BD85
:10BA600035FA8E3C2DE9F0412DED088B0446B0EE01
:10BA7000409A94ED010AB8EE400AB0EE40AAB4F83C
:10BA8000A871D4ED690A79EE600AB0EE600A3EF062
:10BA9000E5FAD4ED4E0A30EE200AF0EE40AA84ED2D
:10BAA000699AC4ED4EAA00250EE004F5B270691C37
:10BAB00000EB810090ED000A04F5B27000EB850008
:10BAC00080ED000A681C85B2681CB842EDD3781E70
:10BAD00004F5B27101EB8000C0ED00AAB4F8AA0130
:10BAE000B84204DAB4F8AA01401CA4F8AA01B4F8D8
:10BAF000AA61022E05D29FED3E0ABDEC088BBDE87F
:10BB0000F081701E00EE100AB8EE400AF6EE000A50
:10BB100060EE209ADFED368AB81B1FFA80F8002508
:10BB200015E000EE105AB8EE400A70EE690A08EB14
:10BB3000050104F5B27000EB810090ED001AB0EE43
:10BB4000680A00EE810AF0EE408A681C85B2B542B0
:10BB5000E7DBBE4213D194ED6B0AB5EEC00AF1EEFD
:10BB600010FA0CDD94ED6B0A20EE280AF0EE400A84
:10BB700020EE8A0A9FED1F1A20EE010ABDE79FED15
:10BB80001C8A00250FE000EE905AF8EE600A70EE75
:10BB9000E90AB0EE600AF0EE480A40EE000AB0EEA4
:10BBA000608A681C85B2B542EDDBBE420DD1B5EEB0
:10BBB000C08AF1EE10FA04DDF7EE000A80EE880A82
:10BBC00001E09FED0B0A84ED6B0AB5EEC08AF1EE41
:10BBD00010FA02DD88EE880A01E09FED050AB0EE5A
:10BBE00040BA2BEE0A0ADFED030A20EE200A84E7B2
:10BBF0000000000035FA8E3C2DE9F84380460E46E1
:10BC000017461D46DDF82090B8F1000F01D0012045
:10BC100000E0002050B900BF502080F31188BFF32E
:10BC20004F8FBFF36F8F00BF00BFFEE70DB1012044
:10BC300000E0002050B900BF502080F31188BFF30E
:10BC40004F8FBFF36F8F00BF00BFFEE707B10EB18C
:10BC5000012000E0002050B900BF502080F311887F
:10BC6000BFF34F8FBFF36F8F00BF00BFFEE707B971
:10BC70000EB9012000E0002050B900BF502080F331
:10BC80001188BFF34F8FBFF36F8F00BF00BFFEE778
:10BC9000482000900098482801D1012000E00020B1
:10BCA00050B900BF502080F31188BFF34F8FBFF30E
:10BCB0006F8F00BF00BFFEE700BF2C464CB10120D4
:10BCC00084F846004B463A46314640460094FEF71B
:10BCD00063FF2046BDE8F88370B505460E462C4646
:10BCE00054B900BF502080F31188BFF34F8FBFF3CA
:10BCF0006F8F00BF00BFFEE73EF0C0F8D4E90F121F
:10BD0000206801FB0200A0600020A0632068606042
:10BD1000E06B401E226C216800FB0211E160FF20F5
:10BD200084F8440084F845009EB9206908B90120D0
:10BD300000E00020A8B904F1100000F0BDFA80B1C5
:10BD40004FF0805009490860BFF34F8FBFF36F8FEA
:10BD500007E004F11000FFF76AFC04F12400FFF78C
:10BD600066FCFFF78FFC012070BD000004ED00E0D1
:10BD70002DE9FF4383B0064688461D464FF0000973
:10BD8000344654B900BF502080F31188BFF34F8F61
:10BD9000BFF36F8F00BF00BFFEE7B8F1000F01D106
:10BDA000206C08B9012000E0002050B900BF5020ED
:10BDB00080F31188BFF34F8FBFF36F8F00BF00BFB9
:10BDC000FEE7022D02D1E06B012801D1012000E045
:10BDD000002050B900BF502080F31188BFF34F8F6F
:10BDE000BFF36F8F00BF00BFFEE73EF075FB08B9E1
:10BDF000059808B9012000E0002050B900BF50208C
:10BE000080F31188BFF34F8FBFF36F8F00BF00BF68
:10BE1000FEE700BF3EF032F8A06BE16B884201D331
:10BE2000022D28D12A4641462046FEF722FE07462B
:10BE3000606A08B9012000E0002068B904F124001C
:10BE400000F03AFA88B14FF0805032490860BFF3F1
:10BE50004F8FBFF36F8F08E03FB14FF080502D49F7
:10BE60000860BFF34F8FBFF36F8FFFF70BFC01200C
:10BE700007B0BDE8F083059818B9FFF703FC002070
:10BE8000F6E7B9F1000F04D101A8FFF769FC4FF004
:10BE90000109FFF7F7FBFFF75BFD3DF0EFFF94F9BA
:10BEA0004400401C10B9002084F8440094F9450077
:10BEB000401C10B9002084F84500FFF7E3FB05A9FA
:10BEC00001A83EF0C3FAF0B92046FEF73FFFA0B14B
:10BED00004F110000599FFF755FC20463DF09CFA4F
:10BEE0003EF00AFC002895D14FF0805009490860C7
:10BEF000BFF34F8FBFF36F8F8CE720463DF08CFA76
:10BF00003EF0FAFB86E720463DF086FA3EF0F4FB71
:10BF10000020ADE704ED00E02DE9F34182B00546D5
:10BF20004FF000082C46002654B900BF502080F383
:10BF30001188BFF34F8FBFF36F8F00BF00BFFEE7C5
:10BF4000206C08B9012000E0002050B900BF50204B
:10BF500080F31188BFF34F8FBFF36F8F00BF00BF17
:10BF6000FEE73EF0B9FA08B9039808B9012000E0ED
:10BF7000002050B900BF502080F31188BFF34F8FCD
:10BF8000BFF36F8F00BF00BFFEE700BF3DF076FF3D
:10BF9000A76BFFB1781EA063206810B9FEF78CFF75
:10BFA000A060206908B9012000E0002060B904F118
:10BFB000100000F081F938B14FF08050434908601B
:10BFC000BFF34F8FBFF36F8FFFF75CFB012004B00F
:10BFD000BDE8F081039898B90EB9012000E0002077
:10BFE00050B900BF502080F31188BFF34F8FBFF3CB
:10BFF0006F8F00BF00BFFEE7FFF744FB0020E6E7BE
:10C00000B8F1000F04D16846FFF7AAFB4FF0010812
:10C01000FFF738FBFFF79CFC3DF030FF94F944003C
:10C02000401C10B9002084F8440094F94500401CDD
:10C0300010B9002084F84500FFF724FB03A96846E7
:10C040003EF004FA40BB20463DF09EF9F0B1206876
:10C0500038B93DF013FFA0683EF0F2FA0646FFF74C
:10C0600011FB04F124000399FFF78CFB20463DF0FF
:10C07000D3F93EF041FB002888D14FF0805013499E
:10C080000860BFF34F8FBFF36F8F7FE720463DF00F
:10C09000C3F93EF031FB79E720463DF0BDF93EF0B3
:10C0A0002BFB20463DF070F90028EED05EB13DF04C
:10C0B000E5FE20463DF05EF907463946A068FFF7E9
:10C0C0007DFBFFF7DFFA002081E7000004ED00E0D0
:10C0D0002DE9FF4F85B0804689461746DDE912AB52
:10C0E000B800FEF743FE064656B15420FEF73EFE6A
:10C0F00004460CB1266304E030463DF0E9FE00E062
:10C1000000248CB1002084F85100CDE900ABCDE9CA
:10C1100002403A4649464046089BFEF750FD2046FD
:10C12000FEF714FC012501E04FF0FF35284609B069
:10C13000BDE8F08F2DE9F04F85B00746884691465F
:10C140009A46DDE90EB6109C0EB1012000E00020F9
:10C1500050B900BF502080F31188BFF34F8FBFF359
:10C160006F8F00BF00BFFEE70CB1012000E0002090
:10C1700050B900BF502080F31188BFF34F8FBFF339
:10C180006F8F00BF00BFFEE7542003900398542830
:10C1900001D1012000E0002050B900BF502080F301
:10C1A0001188BFF34F8FBFF36F8F00BF00BFFEE753
:10C1B00000BFB4B1AEB125462C462E63022085F8EF
:10C1C0005100002004A953464A46CDE900B1CDE90B
:10C1D000025041463846FEF7F2FC2846FEF7B6FB11
:10C1E00001E000200490049805B0BDE8F08F000045
:10C1F00070B505462C460026002D55D02B4800680A
:10C20000844201D1012000E0002050B900BF50203D
:10C2100080F31188BFF34F8FBFF36F8F00BF00BF54
:10C22000FEE7A06C50B900BF502080F31188BFF327
:10C230004F8FBFF36F8F00BF00BFFEE7A06C401EA3
:10C24000A064616CE06A88422ED0A06C60BB201DA7
:10C250003DF0F2FD78B9E06A00EB8000144951F836
:10C26000200040B994F82C10012088401149096839
:10C27000814310480160606CE062E06AC0F1070031
:10C28000A06194F82C10012088400A4909680843ED
:10C2900008490860E16A01EB8101054A02EB81006F
:10C2A000211D3DF0DEFD0126304670BD0C01002051
:10C2B000B02D00202401002070B50646F068C46847
:10C2C00054B900BF502080F31188BFF34F8FBFF3E4
:10C2D0006F8F00BF00BFFEE704F118003DF0ACFD1A
:10C2E00015480068A8B9201D3DF0A6FD94F82C1053
:10C2F0000120884011490968084310490860E16A33
:10C3000001EB81010E4A02EB8100211D3DF0A9FDE8
:10C3100004E004F118010B483DF0A3FD0A49E06A6E
:10C320000968C96A884204D90125012007490860C3
:10C3300000E00025284670BD4401002024010020B3
:10C34000B02D0020642E00200C01002030010020C0
:10C35000239E0008AB7F0408E77F0408159E0008B1
:10C3600000000000000000000000000000000000CD
:10C3700000000000000000000000000000000000BD
:10C3800000000000000000000000000000000000AD
:10C39000000000000000000000000000000000009D
:10C3A000000000000000000000000000000000008D
:10C3B000000000000000000000000000000000007D
:10C3C000000000000000000000000000000000006D
:10C3D000000000000000000000000000000000005D
:10C3E000000000000000000000000000000000004D
:10C3F000000000000000000000000000000000003D
:10C400000004000000000000000400000000000024
:10C410000004000000000000000000000000000018
:10C42000000000000000000000000000000000000C
:10C4300000000100000000000000000000000000FB
:10C4400000000000000000000000000000000000EC
:10C4500000000000000000000000000000000000DC
:10C4600000000000000000000000000000000000CC
:10C4700000000000000000000000000000000000BC
:10C4800000000000000000000000000000000000AC
:10C49000000000000000000000000000000000009C
:10C4A000000000000000000000000000000000008C
:10C4B000000000000000000000000000000000007C
:10C4C000000000000000000000000000000000006C
:10C4D000000000000000000000000000000000005C
:10C4E000000000000000000000000000000000004C
:10C4F000000000000000000000000000000000003C
:10C50000000000000000000000000000000000002B
:10C51000000000000000000000000000000000001B
:10C52000000000000000000000000000000000000B
:10C5300000000000000000000000000000000000FB
:10C5400000000000000000000000000000000000EB
:10C5500000000000000000000000000000000000DB
:10C560000000000101000710140006041800060472
:10C570001C00060420000604240006042800000114
:10C580002C000604300006043400060438000604BB
:10C590003C0006044000060444000604480006046B
:10C5A0004C0006045000060454000404580004041F
:10C5B0005C000604600006046400060468000604CB
:10C5C0006C00040470000101740006047800060485
:10C5D0007C00060480000001810000018400060444
:10C5E000880000018C0006049000060494000001FD
:10C5F000980000019C000604A0000604A4000604A4
:10C60000A8000604AC000604B0000604B40006044A
:10C61000B8000604BC000604C0000604C4000604FA
:10C62000C8000604CC000604D0000604D4000604AA
:10C63000D8000604DC000604E0000604E40006045A
:10C64000E8000604EC000604F0000604F40006040A
:10C65000F8000604FC0006040001060404010604B8
:10C66000080106040C01000110010604140106046F
:10C67000180106041C010604200106042401060416
:10C68000280106042C0106043001060434010604C6
:10C69000380106043C010604400106044401060476
:10C6A000480106044C010504500104044B3C0008F9
:10C6B000193004086D31040871320408513204083D
:10C6C0009D3900089D380008C1380008053304086A
:10C6D00065380008B1310408013A0008F53800084F
:10C6E0004331040821390008253004084139000885
:10C6F000CD300408E9320408D9320408693A000848
:10C70000C33B0008953B0008433B0008153B00086D
:10C710000000000000000000000000000000000019
:10C720000000000000000000000000000000000009
:10C7300000000000000000000000000000000000F9
:10C7400000000000000000000000000000000000E9
:10C7500000000000000000000000000000000000D9
:10C7600000000000000000000000000000000000C9
:10C7700000000000000000000000000000000000B9
:10C7800000000000000000000000000000000000A9
:10C790000000000000000000000000000000000099
:10C7A0000000000000000000000000000000000089
:10C7B0000004000000000000000400000000000071
:10C7C0000004000000000000000000000000000065
:10C7D0000000000000000000000000000000000059
:10C7E0000000010000000000000000000000000048
:10C7F0000000000000000000000000000000000039
:10C800000000000000000000000000000000000028
:10C810000000000000000000000000000000000018
:10C820000000000000000000000000000000000008
:10C8300000000000000000000000000000000000F8
:10C8400000000000000000000000000000000000E8
:10C8500000000000000000000000000000000000D8
:10C8600000000000000000000000000000000000C8
:10C8700000000000000000000000000000000000B8
:10C8800000000000000000000000000000000000A8
:10C890000000000000000000000000000000000098
:10C8A0000000000000000000000000000000000088
:10C8B0000000000000000000000000000000000078
:10C8C0000000000000000000000000000000000068
:10C8D0000000000000000000000000000000000058
:10C8E0000000000000000000000000000000000048
:10C8F0000000000000000000000000000000000038
:10C900000000000000000000000000000000000027
:10C910000000000000000000000000000000000017
:10C920000000000000000000000000000000000007
:10C9300000000000000000000000000000000000F7
:10C9400000000000000000000000000000000000E7
:10C9500000000000000000000000000000000000D7
:10C9600000000000000000000000000000000000C7
:10C9700000000000000000000000000000000000B7
:10C9800000000000000000000000000000000000A7
:10C990000000000000000000000000000000000097
:10C9A0000000000000000000000000000000000087
:10C9B000000400000000000000040000000000006F
:10C9C0000004000000000000000000000000000063
:10C9D0000000000000000000000000000000000057
:10C9E0000000010000000000000000000000000046
:10C9F0000000000000000000000000000000000037
:10CA00000000000000000000000000000000000026
:10CA10000000000000000000000000000000000016
:10CA20000000000000000000000000000000000006
:10CA300000000000000000000000000000000000F6
:10CA400000000000000000000000000000000000E6
:10CA500000000000000000000000000000000000D6
:10CA600000000000000000000000000000000000C6
:10CA700000000000000000000000000000000000B6
:10CA800000000000000000000000000000000000A6
:10CA90000000000000000000000000000000000096
:10CAA0000000000000000000000000000000000086
:10CAB0000000000000000000000000000000000076
:10CAC0000000000000000000000000000000000066
:10CAD0000000000000000000000000000000000056
:10CAE0000000000000000000000000000000000046
:10CAF0000000000000000000000000000000000036
:10CB00000000000000000000000000000000000025
:10CB1000613504081D3504081935040800000000BB
:10CB20000000000000000000000000000000000005
:10CB300000000000000000000000000000000000F5
:10CB400000000000000000000000000000000000E5
:10CB500000000000000000000000000000000000D5
:10CB600000000000000000000000000000000000C5
:10CB700000000000000000000000000000000000B5
:10CB800000000000000000000000000000000000A5
:10CB90000000000000000000000000000000000095
:10CBA0000000000000000000000000000000000085
:10CBB0000000000000000000000000000000000075
:10CBC000000400000000000000040000000000005D
:10CBD0000004000000000000000000000000000051
:10CBE0000000000000000000000000000000000045
:10CBF0000000010000000000000000000000000034
:10CC00000000000000000000000000000000000024
:10CC10000000000000000000000000000000000014
:10CC20000000000000000000000000000000000004
:10CC300000000000000000000000000000000000F4
:10CC400000000000000000000000000000000000E4
:10CC500000000000000000000000000000000000D4
:10CC600000000000000000000000000000000000C4
:10CC700000000000000000000000000000000000B4
:10CC800000000000000000000000000000000000A4
:10CC90000000000000000000000000000000000094
:10CCA0000000000000000000000000000000000084
:10CCB0000000000000000000000000000000000074
:10CCC0000000000000000000000000000000000064
:10CCD0000000000000000000000000000000000054
:10CCE0000000000000000000000000000000000044
:10CCF0000000000000000000000000000000000034
:10CD00000000000000000000000000000000000023
:10CD10000000000000000000000000000000000013
:10CD2000C540000889400008FD35040800000000E7
:10CD300000000000000000000000000000000000F3
:10CD400000000000000000000000000000000000E3
:10CD500000000000000000000000000000000000D3
:10CD600000000000000000000000000000000000C3
:10CD700000000000000000000000000000000000B3
:10CD800000000000000000000000000000000000A3
:10CD90000000000000000000000000000000000093
:10CDA0000000000000000000000000000000000083
:10CDB0000000000000000000000000000000000073
:10CDC0000000000000000000000000000000000063
:10CDD000000400000000000000040000000000004B
:10CDE000000400000000000000000000000000003F
:10CDF0000000000000000000000000000000000033
:10CE00000000010000000000000000000000000021
:10CE10000000000000000000000000000000000012
:10CE20000000000000000000000000000000000002
:10CE300000000000000000000000000000000000F2
:10CE400000000000000000000000000000000000E2
:10CE500000000000000000000000000000000000D2
:10CE600000000000000000000000000000000000C2
:10CE700000000000000000000000000000000000B2
:10CE800000000000000000000000000000000000A2
:10CE90000000000000000000000000000000000092
:10CEA0000000000000000000000000000000000082
:10CEB0000000000000000000000000000000000072
:10CEC0000000000000000000000000000000000062
:10CED0000000000000000000000000000000000052
:10CEE0000000000000000000000000000000000042
:10CEF0000000000000000000000000000000000032
:10CF00000000000000000000000000000000000021
:10CF10000000000000000000000000000000000011
:10CF20000000000000000000000000000000000001
:10CF30005D36040825360408213604080000000088
:10CF400000000000000000000000000000000000E1
:10CF5000CDCCCC3D17B7D13882A8FB386F12833ABD
:10CF6000CDCCCC3D070000009A99193F0000C03F8E
:10CF70000000FA440000FA430000404100007A44F7
:10CF8000000000400000C040ACC527370AD7233C52
:10CF900010270000102700000000C8429A99593F4E
:10CFA000000020410AD7233CA00F00000100000030
:10CFB0007B142F4200000000CDCCCC3D00010000CE
:10CFC0000000C84201000000560E49C1560E4941FA
:10CFD00000000000000000000000A0400000003F32
:10CFE00000000000000000400000003F0000204161
:10CFF0000000003F00002041000040410000803F51
:10D00000000000006666663F00007A44CDCCCC3D4F
:10D010000000803F0000803FCDCCCC3D0000803F31
:10D02000000020410000803F00000000000020417F
:10D030000000000000000000000000000000484365
:10D040000000A04100002042000000000000C84293
:10D05000CDCC4C3D0000A04100002041CDCCCC3DCA
:10D06000000020410000803F0000704200008C4220
:10D070000000A04100006842000070410000C84369
:10D080000000AA420000A0C1E8030000FFFFFFFF6C
:10D090000008000000080000000800000000000078
:10D0A000F43001203C3101208431012000000000D7
:10D0B0000100000002000000030000000400000066
:10D0C0000500000006000000070000000800000046
:10D0D000090000000A0000000B0000000C00000026
:10D0E0000D0000000E0000000F0000001000000006
:10D0F000110000001200000000000000010000000C
:10D100000200000003000000040000000000000016
:10D110000000000000000000543201200000000068
:10D12000FC3301200000000000000000B4330120A7
:10D130000000000000000000000000006435012035
:10D140000000000000000000A434012000000000E6
:10D150000000000000000000043501200000000075
:10D160000000000044340120000000000000000026
:10D170000000000000000000010203040607080987
:10D180000000000001020304A8D1000800000020F4
:10D19000800100000A040408F4D100088001002086
:10D1A000903C0100EC2F0008031CE803C3FFFF13B1
:10D1B00010CB10080810AE040820CD10080820B0CD
:10D1C000040830CF000A480830B2040850B40408FC
:10D1D0000916640118B00A4D4F544F52315F454E45
:10D1E0000316020C0A1201706918035D24F41AAACE
:04D1F0000101140025
:020000040804EE
:100000002C4B19680868B0E8F04F80F30988BFF3FB
:100010006F8F4FF0000080F31188704700000000E0
:1000200008480068006880F308884FF0000080F3FB
:10003000148862B661B6BFF34F8FBFF36F8F00DFD6
:1000400000BF00BF08ED00E0DFF80C00016841F4DC
:1000500070010160704700BF88ED00E0EFF3098098
:10006000BFF36F8F134B1A681EF0100F08BF20EDFF
:10007000108A20E9F04F106009B44FF0500080F36F
:100080001188BFF34F8FBFF36F8FCBF769FC4FF031
:10009000000080F3118809BC19680868B0E8F04FC7
:1000A0001EF0100F08BFB0EC108A80F30988BFF370
:1000B0006F8F70470C010020EFF305807047000040
:1000C0000648804706480047FEE7FEE7FEE7FEE7F2
:1000D000FEE7FEE7FEE7FEE7FEE7FEE7F52800089D
:1000E000890100082DE9F05F0546002092469B46F5
:1000F00088460646814640241BE02846414647463E
:100100002246C0F781F853465A46C01A914110D38F
:1001100011461846224600F047F82D1A67EB0108F1
:100120004F4622460120002100F03EF817EB00095F
:100130004E41201EA4F10104DFDC484631462A4628
:100140004346BDE8F09F2DE9F0410024061B2546FB
:1001500071F1000605DA01240027D0EB070067EBF8
:100160000101161E73F1000605DA0027D2EB070223
:10017000012567EB0303FFF7B5FF86460E461746DA
:100180009C46AC4204D00025D0EB050E65EB010681
:1001900024B10020D2EB000760EB030C704631461F
:1001A0003A466346BDE8F081202A04DB203A00FA93
:1001B00002F1002070479140C2F1200320FA03F3BE
:1001C00019439040704740EA01039B0703D009E0C0
:1001D00008C9121F08C0042AFAD203E011F8013B33
:1001E00000F8013B521EF9D27047F0B400F0004213
:1001F00021F0004120F00040CE0DC30DC1F31601E7
:1002000041F40001C0F316004C42154640F40000D2
:10021000761E09E010EB440002D582F00042404215
:100220008842F7D840005B1EB342F9DA18B1F0BC3F
:100230000021C0F702B82846F0BC70472DE9FE4FF8
:1002400081EA030404F0004421F0004100944FF0DF
:10025000000B23F0004350EA01045ED052EA03048D
:100260005BD0C3F30A54C1F30A552C44A4F2F3340F
:100270000194A0FB0254C1F3130141F48011C3F3B4
:10028000130343F4801301FB024400FB034E840A72
:10029000970A44EA815447EA8357A4FB076802950A
:1002A0008D0A05FB07854FEA932C04FB0C542705A8
:1002B000029D4FEA065847EA1637B5EB08056EEB84
:1002C000070C870E920E47EA811742EA8312A7FBBA
:1002D0000201B6EB0B0164EB00042B0D43EA0C3377
:1002E0005E1844EB1C50DA465146E7FB0201C5F3A9
:1002F00013044FEA0B3343EA14534FEA0432019CD0
:1003000043EA0603A4F10C040294009CCDE900B476
:1003100000F02DF803B0BDE8F08F00200146F9E7AA
:1003200030B5041E71F1000404DB4FF0004440427C
:1003300064EB0101141E73F1000405DB1C464FF051
:100340000043524263EB0403994208BF904230BD20
:1003500010B5141E73F1000408DA401C41F10001CD
:1003600092185B411A4301D120F0010010BD2DE924
:10037000F04D92469B4611B1B1FA81F202E0B0FA1B
:1003800080F220329046FFF70FFF04460F4640EA06
:100390000A0041EA0B0153465A46084313D011465E
:1003A00053EA010019D0C8F140025046BFF72CFFB4
:1003B00005460E46504659464246FFF7F5FE0843AD
:1003C00005D0012004E020463946BDE8F08D00202C
:1003D000054346EAE0762C4337430A986305E40A6E
:1003E000A0EB08000022FD0A44EA47540A3002D577
:1003F00000200146E9E7010510196941DDE90845DA
:1004000000196941BDE8F04DA2E770B58C1810F8ED
:10041000015B15F0070301D110F8013B2A1106D149
:1004200010F8012B03E010F8016B01F8016B5B1E63
:10043000F9D12B0705D40023521E0DD401F8013B3E
:10044000FAE710F8013BCB1A921C03E013F8015BAA
:1004500001F8015B521EF9D5A142D8D3002070BD2E
:100460009FED221A9FED222A20EE010AB5EE001A16
:1004700030EE010ABDEEC01A11EE100AB5EE400AC8
:10048000F1EE10FAB8BF013801EE100AB8EEC11A49
:1004900030EE410A20EE020ABDEEC01A9FED152A89
:1004A00011EE100A002130EE021AB1EB502F4BF67C
:1004B000B8111CBF0020B0EE410AC0F6040101EEE5
:1004C000100A01EB8001B8EE411A30EE410A91EDBD
:1004D000001A91ED012AB7EE003A33EE403A23EECE
:1004E000011A20EE020A31EE000A704783F9223E1B
:1004F00000000044000000C470B50546AC6B206CE1
:1005000000F0500050BB206C40F400702064206864
:10051000806800F04050E8B9207ED8B92068C06AF1
:1005200000F4700020B12068806800F4806088B911
:100530002068406820F0200021684860206C20F48A
:1005400080702064206C00F4805018B9206C40F05A
:1005500001002064204600F092FA0BE0206C00F0CD
:10056000100018B1204600F08BFA03E0A06BC16CBC
:100570002846884770BD70B50546AC6B40202064A6
:10058000606C40F004006064204600F079FA70BDB1
:1005900070B50446A56B2846C0F730FB70BD00005F
:1005A0000148C0F789BD00002C3201200148C0F786
:1005B00083BD00002C3201200148C0F715BF0000A8
:1005C000443401200148C0F70FBF0000AC320120C5
:1005D0000148C0F709BF0000043501200146087832
:1005E00010381823B0FBF3F20848805CC865032A72
:1005F00005D908686FF30900001D886503E00868E5
:100600006FF309008865886D7047000068B90408B9
:10061000704700001C48006800F40070B0B11A4830
:10062000006820F400701849086000BF08460068A0
:1006300040F4006008600846006820F4006008602C
:1006400000BF0846006840F4007008600E4800686B
:1006500000F48060B0B10C48006820F480600A4962
:10066000086000BF0846006840F4805008600846F3
:10067000006820F48050086000BF0846006840F41D
:100680008060086070470000003C02400A4A12681F
:1006900022F44072084B1A601A46126842F00402B3
:1006A0001A601A4612684FF4803343EA00231A4353
:1006B000014B1A6070470000103C0240084A126863
:1006C00022F44072064B1A601A46126842F4007215
:1006D0001A601A46126842F001021A6001607047FF
:1006E000103C02402348006800F0100040B122484E
:1006F000C06940F010002049C86110201D49086001
:100700001C48006800F0200040B11B48C06940F060
:1007100008001949C861202016490860154800687A
:1007200000F0400040B11448C06940F00400124994
:10073000C86140200F4908600E48006800F0800042
:1007400040B10D48C06940F002000B49C8618020EB
:10075000084908600748006800F0020040B10648F8
:10076000C06940F020000449C861022001490860C6
:10077000704700000C3C0240DC00002070B50446CD
:10078000002500201449C86100F0DCFB054609E0A3
:10079000601C38B124B100F0D5FB401BA04201D948
:1007A000032070BD0D48006800F480300028EFD1B0
:1007B0000A48006800F0010010B1012007490860F4
:1007C0000648006800F0F20018B1FFF78BFF012027
:1007D000E7E70020E5E70000DC0000200C3C0240D9
:1007E00030B50246854C8869A04200D000BF00BFEA
:1007F00092F83C00012801D1022030BD012082F88E
:100800003C0000BF0868092816D91068C0680C7839
:100810000A3C04EB44050724AC40A0431468E060A4
:100820000C780A3C04EB44048868A0401468E4682F
:1008300020431468E06013E0106800690C7804EB52
:1008400044050724AC40A043146820610C7804EBF5
:1008500044048868A0401468246920431468206117
:100860001068806B20F440101468A0631068846BDB
:10087000088A401E44EA00501468A0630879C01C2E
:100880000C7C001B00EB80041F20A0401468A46BAC
:100890008443106884630879C01C0C7C001B00EB47
:1008A0008004088880B2A0401468A46B20431468B8
:1008B000A063524C8869A04218D01068806820F468
:1008C00070201468A060106880688C6920431468E8
:1008D000A0601068806820F440101468A060106860
:1008E0008068CC6920431468A0600BE010688068C1
:1008F00020F470201468A0601068806820F4401014
:100900001468A060487D30B11068406840F4806091
:100910001468606005E01068406820F48060146826
:100920006060087D30B11068406840F48050146801
:10093000606005E01068406820F4805014686060D2
:100940004868012804D002280FD0032827D119E0D5
:10095000106840696FF30B001468606110684069AB
:10096000CC6820431468606126E0106880696FF3EA
:100970000B001468A06110688069CC68204314687B
:10098000A06119E01068C0696FF30B001468E061A2
:100990001068C069CC6820431468E0610CE01068FE
:1009A000006A6FF30B00146820621068006ACC685C
:1009B00020431468206200BF00BF114B114C106827
:1009C000A04206D10868122803D1586840F480007C
:1009D00058600C4C1068A04209D10868102802D059
:1009E0000868112803D1586840F40000586000BF1F
:1009F000002082F83C0000BF00BFFEE601000F00AF
:100A0000002301400020014010B504460949206838
:100A1000096888420DD10020C3F748FF0020C3F7C2
:100A200037FF0120C3F734FFC7F73CFE0120C3F7AF
:100A30003DFF10BDF430012008B5024600200090B3
:100A4000401F13681860012911D002290BD0032917
:100A500005D004290FD11068806C00900CE010685C
:100A6000406C009008E01068006C009004E0106892
:100A7000C06B009000E000BF00BF009808BD704749
:100A80007047000070B5044600250CB9012070BD08
:100A90001549A06A884200D000BF206C30B92046BA
:100AA000C0F760F90020606484F83C00206C00F01E
:100AB000100088B9206C20F4885040F002002064B7
:100AC0002046BFF795FD00206064206C20F00200F6
:100AD00040F00100206400E0012500BF002084F800
:100AE0003C0000BF2846D2E70100000F704770B5F8
:100AF00004460CB9012070BD94F8200010B92046BE
:100B000000F0B0F82068006840F00100216808603B
:100B100000F018FA05460DE000F014FA401B0A2810
:100B200008D9606A40F400306062052084F8200033
:100B30000120E0E72068406800F001000028EBD0C9
:100B40002068006820F002002168086000F0FAF9CF
:100B500005460DE000F0F6F9401B0A2808D9606A46
:100B600040F400306062052084F820000120C2E7D4
:100B70002068406800F002000028EBD1207E0128A8
:100B800006D12068006840F080002168086005E018
:100B90002068006820F0800021680860607E0128DD
:100BA00006D12068006840F040002168086005E038
:100BB0002068006820F0400021680860A07E0128BD
:100BC00006D12068006840F020002168086005E038
:100BD0002068006820F0200021680860E07E01287D
:100BE00006D12068006820F010002168086005E048
:100BF0002068006840F0100021680860207F01280C
:100C000006D12068006840F008002168086005E00F
:100C10002068006820F0080021680860607F0128D3
:100C200006D12068006840F004002168086005E0F3
:100C30002068006820F0040021680860D4E90201FF
:100C4000084321690843616908436168491E0843F4
:100C50002168C86100206062012084F82000002023
:100C600049E7000000B587B000210291039104918B
:100C7000059106910068A0F18041B1F5C8413ED1CF
:100C80002048016841F000710160006800F00070C8
:100C900001901D48016841F002010160006800F008
:100CA000020001904FF44070029002200390032054
:100CB00005900920069002A91448C0F737FD0022CC
:100CC0000621132000F0A0F9132000F089F900227A
:100CD0000621142000F098F9142000F081F9002278
:100CE0000621152000F090F9152000F079F9002276
:100CF0000621162000F088F9162000F071F907B0DF
:100D000000BD00004038024030380240000402407C
:100D10007047704770477047704770472DE9F04142
:100D20000446002500F00EF9074614B90120BDE87D
:100D3000F081606A00B100BF022084F8350000BF76
:100D4000002084F8340000BF2068006820F0010013
:100D5000216808600AE000F0F5F8C01B052805D9F5
:100D600020206065032084F83500E0E720680068F3
:100D700000F001000028EED12068056821480540F8
:100D8000D4E901010843E168084321690843616926
:100D90000843A1690843E1690843216A0843054300
:100DA000606A042803D1D4E90B0108430543206895
:100DB00005602068456925F00705606A0543606A9B
:100DC00004280DD1A06A0543E06A48B12046BFF768
:100DD000E5FC28B140206065012084F83500A6E7D5
:100DE000206845612046FFF7F9FB064694F85C1041
:100DF0003F208840B06000206065012084F8350005
:100E0000002094E73F8010F02DE9F04104460F46A2
:100E1000002600BF2548007E012802D10220BDE83F
:100E2000F08101202149087600BF4CF25030FFF7D5
:100E3000A5FC0546002D31D1401E386020680128F0
:100E40000FD1207C6168FFF721FC4CF25030FFF796
:100E500095FC05461648006820F004001449086017
:100E60001AE0A66812E0217C3046BFF705FD4CF27F
:100E70005030FFF783FC05460D48006820F07A00EB
:100E80000B4908600DB13E6005E0761CD4E9021004
:100E90000844B042E7D800BFFFF7BCFB00BF00200A
:100EA0000249087600BF2846B9E70000DC000020B0
:100EB000103C02402DE9F0410646884614461D4686
:100EC00000BF1E48007E012802D10220BDE8F0814B
:100ED00001201A49087600BF4CF25030FFF74EFC53
:100EE00007461FBB26B9E1B24046BFF7F3FC12E04C
:100EF000012E04D1A1B24046BFF716FD0BE0022E31
:100F000004D121464046FFF7D9FB04E022462B4698
:100F10004046BFF7F1FC4CF25030FFF72FFC07467C
:100F20000748006820F001000549086000BF002064
:100F30000249087600BF3846C8E70000DC00002000
:100F4000103C02400148006870470000FC0000208F
:100F5000034800680349097808440149086070475C
:100F6000FC0000200401002010B50D48006840F48A
:100F700000700B4908600846006840F48060086013
:100F80000846006840F4807008600320C0F71AFD2E
:100F90000020C0F7CBFC00F005F8002010BD0000D9
:100FA000003C024082B00C48016841F4804101607D
:100FB000006800F4804001900848016841F08051C9
:100FC0000160006800F08050019000220F21901E07
:100FD00002B000F019B80000443802404038024026
:100FE0000146084600280DDB00BF00BF00F01F03CC
:100FF00001229A4043099B0003F1E023C3F800213A
:1010000000BF00BF00BF70472DE9F05F80460D466E
:101010001646002701F086FD074639462A46334624
:1010200001F00700C0F1070ABAF1040F02D94FF02E
:10103000040A01E0C0F1070AD14600F1040ABAF13E
:10104000070F02D24FF0000A01E0A0F1030AD446D4
:101050004FF0010A0AFA09FAAAF1010A0AEA020A99
:101060000AFA0CFA4FF0010B0BFA0CFBABF1010B77
:101070000BEA030B4AEA0B042146404601F05AFDF5
:10108000BDE8F09F70B504460D460CB9012070BD57
:101090005848006800F00700A84209D255490D7071
:1010A0000846006800F00700A84201D00120EEE7E2
:1010B000207800F0020002281DD1207800F0040002
:1010C000042805D14C48006840F4E0504A490860C3
:1010D000207800F00800082805D14748006840F44F
:1010E0006040454908604448006820F0F000A1686D
:1010F000084341490860207800F00100A8B3606807
:10110000012807D13C4808380068C0F34040B8B90E
:101110000120BCE76068022802D06068032807D17C
:10112000354808380068C0F3406048B90120AEE790
:10113000314808380068C0F3400008B90120A6E72C
:101140002D48006820F00300616808432A490860C0
:10115000FFF7F8FE064609E0FFF7F4FE801B41F2B8
:101160008831884202D9032091E707E022480068CD
:1011700000F00C006168B0EB810FEDD11D480068F4
:1011800000F00700A84209D91A490D700846006806
:1011900000F00700A84201D0012078E7207800F095
:1011A0000400042807D11448006820F4E050E168E6
:1011B000084311490860207800F00800082808D189
:1011C0000D48006820F46040216940EAC1000A49E6
:1011D000086000F02FF808490968C1F30311074AB5
:1011E000515CC8400649086006480068C0F79EFB8D
:1011F00000204CE7003C02400838024070D1000853
:10120000080100200001002001480068704700002C
:101210000801002000B5FFF7F7FF04490968C1F392
:101220008221034A515CC84000BD000008380240DA
:1012300080D100082DE9F047002400250026A146B2
:101240002548006800F00C0020B1042805D00828CB
:101250003AD105E0DFF8849039E0DFF8849036E099
:101260001D48001F006800F03F041B48001F006875
:1012700000F4800078B11A481749091F0968C1F3C2
:101280008811A0FB01700146224600233846FEF774
:1012900029FF05460EE011480F49091F0968C1F3EF
:1012A0008811A0FB01700146224600233846FEF754
:1012B00019FF05460848001F0068C0F30140401CA4
:1012C0004600B5FBF6F902E0DFF8109000BF00BF62
:1012D0004846BDE8F0870000083802400024F400CA
:1012E00000127A00F8B504460CB90120F8BD207848
:1012F00000F00100002874D0F948006800F00C00EC
:1013000004280DD0F648006800F00C00082813D11E
:10131000F348001F006800F48000B0F5800F0BD187
:10132000EF4808380068C0F34040002859D0606892
:10133000002856D10120D9E700BF6068B0F5803F92
:1013400008D1E7480838006840F48030E44908399B
:1013500008601EE06068B0F5A02F0DD1E0480838A5
:10136000006840F48020DE490839086008460068BB
:1013700040F4803008600CE0D9480838006820F458
:101380008030D749083908600846006820F480207A
:10139000086000BF606890B1FFF7D4FD054606E025
:1013A000FFF7D0FD401B642801D903209EE7CC48FD
:1013B00008380068C0F340400028F1D011E0FFF782
:1013C000C1FD054606E0FFF7BDFD401B642801D9BD
:1013D00003208BE7C24808380068C0F3404000286B
:1013E000F1D1207800F0020002285FD1BC480068EB
:1013F00000F00C0058B1BA48006800F00C00082852
:101400001CD1B748001F006800F48000B0B9B44890
:1014100008380068C0F3400020B1E068012801D01E
:10142000012063E7AE480838006820F0F800216921
:1014300040EAC100AA490839086037E0E06800B313
:101440000120A8490860FFF77DFD054606E0FFF78B
:1014500079FD401B022801D9032047E7A04808383E
:101460000068C0F340000028F1D09D4808380068AB
:1014700020F0F800216940EAC10099490839086064
:1014800014E0002097490860FFF75CFD054606E080
:10149000FFF758FD401B022801D9032026E790489A
:1014A00008380068C0F340000028F1D1207800F02F
:1014B000080008282CD16069A8B101208A49086079
:1014C000FFF740FD054606E0FFF73CFD401B022804
:1014D00001D903200AE782486C300068C0F340005D
:1014E0000028F1D014E000207F490860FFF72AFDB2
:1014F000054606E0FFF726FD401B022801D9032020
:10150000F4E677486C300068C0F340000028F1D161
:10151000207800F00400042870D10027704838308B
:10152000006800F0805090B900BF002000906C4827
:101530003830006840F0805069493831086008460A
:10154000006800F08050009000BF00BF012767488E
:10155000006800F48070B0B96448006840F480709E
:1015600062490860FFF7EEFC054606E0FFF7EAFC7B
:10157000401B022801D90320B8E65C48006800F44B
:1015800080700028F2D000BFA068012808D154481C
:101590006830006840F001005149683108601DE082
:1015A000A06805280DD14E486830006840F004005E
:1015B0004B49683108600846006840F00100086047
:1015C0000CE047486830006820F001004449683169
:1015D00008600846006820F00400086000BFA068AA
:1015E000A8B1FFF7AFFC054609E0FFF7ABFC401BD5
:1015F00041F28831884202D9032077E626E0384854
:1016000068300068C0F340000028EED013E0FFF718
:1016100099FC054608E0FFF795FC401B41F2883134
:10162000884201D9032061E62D4868300068C0F384
:1016300040000028EFD1012F07D129483830006839
:1016400020F0805026493831086000BFA06900288A
:1016500045D02348006800F00C0008285DD0A06940
:10166000022845D100201F490866FFF76BFC05469C
:1016700006E0FFF767FC401B022801D9032035E68E
:10168000174808380068C0F340600028F1D1D4E959
:1016900007010843616A40EA81110122A06AC2EB96
:1016A000500041EA00412C20005D41EA00600C49F5
:1016B000091F086001200B490866FFF743FC054637
:1016C00006E0FFF73FFC401B022801D903200DE68E
:1016D000034808380068C0F340600028F1D049E0B2
:1016E0000838024000004742800E47420070004028
:1016F000002021490866FFF725FC054606E0FFF7B4
:1017000021FC401B022801D90320EFE51B4800689B
:10171000C0F340600028F2D12CE0A069012800D17C
:10172000E4E51648001D0668A069012820D006F4EB
:101730008001E06981421BD106F03F01206A8142AD
:1017400016D147F6C0703040616AB0EB811F0FD1EF
:1017500006F440310122A06AC2EB5000B1EB004F09
:1017600006D106F070612C20005DB1EB006F01D056
:101770000120BBE50020B9E50000474200380240E7
:10178000F8B504462068466820688568C5F380106F
:1017900048B905F0010030B1C6F3801018B12046F9
:1017A000216C8847F8BDC5F3400030B1C6F3C010C6
:1017B00018B12046616C8847F4E7C5F3401030B992
:1017C000C5F3801018B9C5F3002000287CD0C6F3FB
:1017D000401000287DD0C5F38010F0B194F851007E
:1017E00003280ED0606D40F00400606500BF00204B
:1017F00000902068C068009020688068009000BF5A
:101800000BE000BF002000902068C06800902068B6
:101810008068009000BF00BFC4E7C5F3401088B1E6
:10182000606D40F00100606500BF002000902068FE
:10183000806800902068006820F0400021680860FF
:1018400000BF00BFC5F3002058B1606D40F0080034
:10185000606500BF0020009020688068009000BF95
:1018600000BF606D78B32068406820F0E000216818
:101870004860012084F8510006F00200022802D0DE
:1018800006F0010008B32068406820F003002168DA
:101890004860E06C50B11048E16C0865E06CBFF73F
:1018A0008EFD18B1606D40F040006065A06C50B1D5
:1018B0000948A16C0865A06CBFF781FD18B1606D87
:1018C00040F04000606503E003E02046C0F7C0F848
:1018D00068E700BF66E700008125040810B50446EC
:1018E0000CB9012010BD606A38B96068B0F5827F1C
:1018F00000D105E00021E16102E000212161616188
:101900000021A16294F8510028B9002084F8500009
:101910002046C0F79FF8022084F851002068006834
:1019200020F0400021680860A08800F482702189BE
:1019300001F404410843A18901F400610843217CBA
:1019400001F002010843217D01F001010843218BD0
:1019500001F400710843217F01F038010843202180
:10196000095D01F080010843218D01F40051084315
:10197000216808600421A06901EA104094F824104D
:1019800001F010010843216848602068C06920F414
:1019900000602168C86100206065012084F8510062
:1019A00000209FE72DE9FE4F04460F4690461D4656
:1019B0000C9E01200190FFF7C5FA814694F851B0C2
:1019C00060680290AA46BBF1010F0BD00298B0F5F7
:1019D000827F04D1A06810B9BBF1040F02D00220AD
:1019E000BDE8FE8F1FB1B8F1000F00D00DB9012086
:1019F000F6E700BF94F85000012801D10220EFE77C
:101A0000012084F8500000BF94F85100042802D04F
:101A1000052084F8510000206065C4F83880E5870F
:101A2000A5872763E586A586206460642068006832
:101A300000F04000402805D02068006840F04000D9
:101A400021680860E068B0F5006F52D1606810B19D
:101A5000BAF1010F09D1206B00882168C860206BA2
:101A6000801C2063E08E401EE0863BE0206880689A
:101A700000F00200022810D1E08E70B10198012818
:101A80000BD1206B00882168C860206B801C20630C
:101A9000E08E401EE086002001902068806800F003
:101AA000010068B1E08F58B12068C068A16B088060
:101AB000A06B801CA063E08F401EE0870120019096
:101AC000FFF740FAA0EB0900B0420BD3701C48B1FD
:101AD000012084F8510000BF002084F8500000BFAE
:101AE00003207DE7E08E0028C0D1E08F0028BDD123
:101AF00052E0606810B1BAF1010F09D1206B007893
:101B000021680873206B401C2063E08E401EE08635
:101B10003CE02068806800F00200022810D1E08ECE
:101B200070B1019801280BD1206B007821680873EF
:101B3000206B401C2063E08E401EE0860020019058
:101B40002068806800F0010068B1E08F58B120681B
:101B5000C068A16B0870A06B401CA063E08F401EA2
:101B6000E08701200190FFF7EDF9A0EB0900B042FA
:101B700001D3701C00B94EB9012084F8510000BF98
:101B8000002084F8500000BF032029E7E08E0028E1
:101B9000BFD1E08F0028BCD14A4631462046C0F76D
:101BA00047FE40B12020606500BF002084F850004F
:101BB00000BF012014E7A06850B900BF00200090CA
:101BC0002068C068009020688068009000BF00BF57
:101BD000012084F8510000BF002084F8500000BFAD
:101BE000606D08B10120FBE60020F9E670470000B7
:101BF00070B504460D4615B994F842000BE0042D6B
:101C000002D14320005D06E0082D02D14420005D92
:101C100001E04520005D012801D0012070BD1DB903
:101C2000022084F842000EE0042D03D1022143205B
:101C3000015508E0082D03D102214420015502E09E
:101C4000022145200155042229462068C0F762FE82
:101C50002068406C40F40040216848641A492068BC
:101C600088421BD02068B0F1804F17D017492068F8
:101C7000884213D01649206888420FD01549206841
:101C800088420BD014492068884207D01349206845
:101C9000884203D01249206888420CD120688068AD
:101CA00000F00706062E0CD02068006840F0010006
:101CB0002168086005E02068006840F001002168A4
:101CC00008600020AAE70000000001400004004076
:101CD00000080040000C00400004014000400140AA
:101CE0000018004070B504460D46002229462068C1
:101CF000C0F710FE00BF2068006A41F211110840D1
:101D000050B92068006A8910084028B92068406CE2
:101D100020F400402168486400BF00BF2068006ACA
:101D200041F21111084050B92068006A891008403A
:101D300028B92068006820F001002168086000BF11
:101D40001DB9012084F842000EE0042D03D10121C9
:101D50004320015508E0082D03D1012144200155FD
:101D600002E0012145200155002070BD10B5044658
:101D70000CB9012010BD94F83D0028B9002084F86A
:101D80003C00204600F026F8022084F83D00211D8A
:101D9000206800F0BDFC012084F8460000BF84F8F4
:101DA0003E0001213F2001554020015541200155B1
:101DB00000BF00BF012084F84200432001554420A9
:101DC00001554520015500BF012084F83D00002049
:101DD000D0E7000008B50068A0F18041B1F580317E
:101DE00012D10A48016841F001010160006800F069
:101DF00001000090002205211920FFF705F9BDE838
:101E000008401920FFF7ECB808BD00004438024034
:101E100070B586B000240194029403940494059450
:101E20000068A0F18041B1F5803126D114480168E5
:101E300041F002010160016801F0020100910168B6
:101E400041F001010160006800F0010000904FF4D2
:101E500060400190022502950126059601A90948D6
:101E6000BFF764FC4FF4E060019002950394049482
:101E7000059601A90448BFF759FC06B070BD0000E3
:101E8000303802400004024000000240704710B5A4
:101E900004460CB9012010BD94F83D0028B900207B
:101EA00084F83C002046C0F7FCF8022084F83D008E
:101EB000211D206800F02CFC012084F8460000BFA2
:101EC00084F83E0001213F2001554020015541206A
:101ED000015500BF00BF012084F842004320015596
:101EE000442001554520015500BF012084F83D00E4
:101EF0000020D0E77047000070B504460D4615B9C4
:101F000094F83E000BE0042D02D13F20005D06E076
:101F1000082D02D14020005D01E04120005D012834
:101F200001D0012070BD1DB9022084F83E000EE0F2
:101F3000042D03D102213F20015508E0082D03D1D3
:101F400002214020015502E00221412001550122D9
:101F50002946206800F04CFC23492068884203D0C1
:101F600022492068884201D1012000E0002028B1E8
:101F70002068406C40F40040216848641A49206899
:101F800088421BD02068B0F1804F17D018492068D4
:101F9000884213D01749206888420FD0164920681C
:101FA00088420BD011492068884207D01349206825
:101FB000884203D01249206888420CD1206880688A
:101FC00000F00706062E0CD02068006840F00100E3
:101FD0002168086005E02068006840F00100216881
:101FE000086000209EE7000000000140000401405E
:101FF0000004004000080040000C00400040014088
:102000000018004030B504460D46002229462068DD
:1020100000F0EEFB23492068884203D02249206863
:10202000884201D1012000E0002090B100BF20686B
:10203000006A41F21111084050B92068006A891005
:10204000084028B92068406C20F4004021684864AA
:1020500000BF00BF2068006A41F21111084050B96A
:102060002068006A8910084028B92068006820F0BC
:1020700001002168086000BF1DB9012084F83E00FE
:102080000EE0042D03D101213F20015508E0082D69
:1020900003D101214020015502E0012141200155D9
:1020A000002030BD00000140000401400068A0F1A4
:1020B0008041B1F5005101D1FEF74ABF704770472A
:1020C00010B504460CB9012010BDA06900B100E0B4
:1020D00000BF94F8410028B9002084F84000204651
:1020E000C0F766F9242084F841002068C06820F415
:1020F00000502168C8602046C0F75AFD206800697A
:1021000020F49040216808612068406920F02A008E
:10211000216848612068C06840F400502168C860A8
:1021200000206064202084F8410084F842000020F0
:10213000606300BFC8E770B504460D46164694F8C4
:10214000420020280BD105B10EB9012070BD00203E
:102150002063324629462046C0F740FEF6E70220BB
:10216000F4E770472DE9F84F04460E4617469946A6
:102170004FF0000A94F84100202850D106B117B959
:102180000120BDE8F88F00206064212084F8410020
:10219000FEF7D8FE8246A784E784A068B0F5805F8A
:1021A00004D1206910B90025B04602E035464FF051
:1021B00000081EE05346002280212046CDF8009002
:1021C000C0F7A8FE20B1202084F841000320D8E702
:1021D00045B9B8F80000C0F308002168486008F16C
:1021E000020803E02878216848606D1CE08C401EDE
:1021F000E084E08C0028DDD15346002240212046B7
:10220000CDF80090C0F786FE20B1202084F8410070
:102210000320B6E7202084F841000020B1E7022027
:10222000AFE7704770B58CB00024089409940A9405
:102230000B940094019402940394049405940694DE
:10224000079420481E4901604FF480364660846040
:102250000461047680F82040C904C1624FF06061D7
:102260008162C4600125C56180F830404561FEF798
:1022700009FC08B1BEF7FDFA0A20089009950A94F6
:1022800008A91048BEF7F4FB08B1BEF7F2FA0B201C
:1022900000900195049502944FF4801007900696E3
:1022A0008DF815408DF81440039469460548FEF7F3
:1022B00097FA002801D0BEF7DCFA0CB070BD000020
:1022C000002201408431012010B50F480D49016002
:1022D0000721416000218160C1604FF4A0220261AA
:1022E0004FF480024261017641768176C1760177B2
:1022F0004177FEF7FCFB002803D0BDE81040BEF795
:10230000B8BA10BD006400402C32012008B5254841
:10231000016841F480010160016801F480010091CD
:10232000016841F400110160006800F400100090A1
:10233000002205210B20FEF767FE0B20FEF750FE62
:10234000002205210D20FEF75FFE0D20FEF748FE5E
:10235000002205210F20FEF757FE0F20FEF740FE5A
:10236000002205211020FEF74FFE1020FEF738FE58
:10237000002205213820FEF747FE3820FEF730FE08
:10238000002205213A20FEF73FFE3A20FEF728FE04
:10239000002205214620FEF737FEBDE80840462012
:1023A000FEF71EBE3038024030B587B0094890E8CD
:1023B0000E104569046980698DE80E100595049436
:1023C00006900021684605F097FF0349086007B0B2
:1023D00030BD000070B904087401002010B5114828
:1023E0000F4901604FF482714160002181604FF418
:1023F0000062C260016101224261520282612022B8
:10240000C2610162416281620A21C162FFF766FA1C
:10241000002803D0BDE81040BEF72BBA10BD000065
:10242000003C00405432012030B597B00024129493
:102430001394149415941094119409940A940B9481
:102440000C940D940E940F940094019402940394B0
:102450000494059406940794364835490160446015
:102460002025856042F2D001C1600461446184612D
:10247000FFF77CFC08B1BEF7FCF94FF480501290D6
:1024800012A92C48BFF74EFC08B1BEF7F2F9294853
:10249000FFF7FDFC08B1BEF7ECF91095119410A9F7
:1024A0002448BFF791FB08B1BEF7E3F9602009901B
:1024B0000A940B940C940D940E940F94002209A985
:1024C0001C48BFF76CFD08B1BEF7D3F9042209A977
:1024D0001848BFF764FD08B1BEF7CBF9082209A977
:1024E0001448BFF75CFD08B1BEF7C3F90C2209A977
:1024F0001048BFF754FD08B1BEF7BBF94FF40060B8
:1025000000904010019002942820039004944FF40E
:1025100000500590079469460648BFF71AFB08B1BA
:10252000BEF7A7F90348FFF773FC17B030BD0000F2
:10253000000001406C33012010B50C480A490160CD
:102540004FF4E131416000218160C16001610C22E2
:1025500042618161C161FFF7B3FD002803D0BDE88E
:102560001040BEF786B910BD00100140FC330120B9
:10257000FEE700000148FFF703B9000054320120D4
:1025800070B50546AC6B0020E087E0862046BFF7BB
:102590005FFA70BD2DE9F84F04460D4690461E4681
:1025A000DDF82890FEF7CEFCA0EB0900371AFEF705
:1025B000C9FC82462C480068C0F3CB3078430090B9
:1025C00046E0701C002843D0FEF7BCFCA0EB0A00DC
:1025D000B84200D2A7BB2068406820F0E000216824
:1025E00048606068B0F5827F0DD1A068B0F5004FFB
:1025F00003D0A068B0F5806F05D12068006820F096
:10260000400021680860A06AB0F5005F0DD100BFEE
:102610002068006820F40050216808602068006885
:1026200040F400502168086000BF012084F8510088
:1026300000BF002084F8500000BF0320BDE8F88FE1
:10264000FFE7009808B9002702E00098401E0090BC
:10265000206880682840A84201D1012000E00020C5
:102660004045AED10020E9E70801002030B593B025
:102670000024089409940A940B94019402940394FE
:10268000049405941D48016841F080510160006880
:1026900000F0805000901A48016841F480410160C8
:1026A000006800F48040009001200690000407902C
:1026B00002250C9580010D9004200E90A8200F900B
:1026C00010950720119006A8FEF70CFE08B1BEF782
:1026D000D0F80F200190029503944FF4A05004907D
:1026E0004FF480500590052101A8FEF7CBFC00288F
:1026F00001D0BEF7BEF813B030BD00004038024034
:10270000007000400148BFF794BB0000C4350120B1
:1027100010B502682B4B98420ED0B0F1804F0BD011
:10272000294B984208D0294B984205D0284B984213
:1027300002D0284B984203D122F070024B681A4312
:10274000204B984220D0B0F1804F1DD01E4B9842B4
:102750001AD01E4B984217D01D4B984214D01D4BD7
:10276000984211D01C4B98420ED01C4B98420BD073
:102770001B4B984208D01B4B984205D01A4B9842ED
:1027800002D01A4B984203D122F44072CB681A430C
:1027900022F080034C6943EA04028B68C3620B6831
:1027A0008362084B984202D00A4B984201D10B69D0
:1027B0000363036843F00403036001234361026081
:1027C00010BD00000000014000040040000800406F
:1027D000000C004000040140004001400044014062
:1027E0000048014000180040001C0040002000404C
:1027F00030B501F01F05012404FA05F3046A9C4377
:102800000462046A01F01F0502FA05F52C43046214
:1028100030BD30B50C46816821F47F4142EA032582
:1028200025432943816030BD0A46816821F070014B
:1028300042F0070319438160704730B50B461446D8
:10284000026A056A25F010050562816921F470416C
:1028500041EA043122F0A00242EA031281610262DD
:1028600030BD70B50546AC6B2868006800F4807018
:10287000002842D1E08500BF00BF21680C3151E83B
:10288000001F21F4807021680C3141E80002002A09
:10289000F3D100BF00BF00BF2168143151E8001F11
:1028A00021F001002168143141E80002002AF3D12F
:1028B00000BF00BF00BF2168143151E8001F21F0A4
:1028C00040002168143141E80002002AF3D100BF22
:1028D000202084F84200206B01280ED100BF00BFE9
:1028E00021680C3151E8001F21F0100021680C31E3
:1028F00041E80002002AF3D100BF00206063206B92
:10290000012804D1A18D2046FFF7D9FB02E0204623
:10291000FFF727FC70BD70B50546AC6B0120606306
:10292000206B012805D1A08D41082046FFF7C7FB89
:1029300002E02046BFF728FE70BD00BF00BF02685E
:102940000C3252E8002F22F4907102680C3242E8F7
:102950000013002BF3D100BF00BF00BF0268143288
:1029600052E8002F22F001010268143242E80013FD
:10297000002BF3D100BF016B01290ED100BF00BFB6
:1029800002680C3252E8002F22F0100102680C326B
:1029900042E80013002BF3D100BF202180F8421041
:1029A00000210163704710B504462068C06820F01C
:1029B00040002168C860202084F841002046FFF7CD
:1029C00030FC002010BD00BF00BF02680C3252E88E
:1029D000002F22F0C00102680C3242E80013002BE5
:1029E000F3D100BF202180F841107047F8B50446AC
:1029F0000025002694F84200222873D1A068B0F583
:102A0000805F0BD1206948B9A66A20684068C0F38E
:102A100008003080A06A801CA06214E0A56AA0684B
:102A2000B0F5805F03D0A06828B9206918B9206884
:102A30004068287004E02068406800F07F0028703B
:102A4000A06A401CA062E08D401E80B2E085002894
:102A500046D12068C06820F020002168C860206846
:102A6000C06820F480702168C8602068406920F048
:102A7000010021684861202084F842000020606342
:102A8000206B012826D10020206300BF00BF2168F1
:102A90000C3151E8001F21F0100021680C3141E891
:102AA0000002002AF3D100BF2068006800F0100087
:102AB00010280AD100BF0020009020680068009014
:102AC00020684068009000BF00BFA18D2046FFF73E
:102AD000F6FA02E02046FFF744FB0020F8BD01E0D3
:102AE0000020FBE70220F9E7FEE74100080218BFDB
:102AF00004200A0E18BF40F001004FF07F4232EA76
:102B0000010108BF40F00200012808BF05207047FE
:102B10000146C1F3C750FF2801D0012070470020B3
:102B2000FCE7000002480068C0F302207047000084
:102B30000CED00E010B5002804DB0A07130E054A6F
:102B4000135406E00A07140E034A00F00F031B1F7C
:102B5000D45410BD00E400E018ED00E010EE100ABF
:102B6000C0F3C7517F391729A8BF7047DFED140A9A
:102B7000002970EE200A0DDAF5EEC00AF1EE10FA27
:102B80001ADD0028A8BF002016DAB0F1004F18BFE8
:102B90000C4811E00C4ACA40104208BF7047F5EEDD
:102BA000C00AF1EE10FA07DD002804DA4FF4000342
:102BB00023FA01F10844904300EE100A7047000028
:102BC000CAF24971000080BFFFFF7F0010B52DEDF4
:102BD000028BF0EE408A18EE900AB0EE608A20F088
:102BE0000040C0F1FF40C00F07D118EE100A20F0DE
:102BF0000040C0F1FF40C00F2BD018EE101A18EEA5
:102C0000900AFDF7F2FA00EE100A10EE100A6FEAD1
:102C1000D05010F0FF0F04BFBDEC028B10BD18EEBA
:102C2000900A00F0004110EE100A00F000408142CE
:102C300004BFBDEC028B10BD18EE101A10EE100A86
:102C4000BDEC028B61F31E0000EE900A30EE600ACC
:102C500010BD18EE900A4FF07F41B1EB400F1CBF42
:102C600018EE100A5FEA4000C7D1012000F0A0F979
:102C7000BDEC028BBDE81040C0F7A8B900B510EE5E
:102C8000101A2DED028B81B0524A6846B2EB410F0B
:102C90002ED94FF0E640B0EB410F94BF00204FF02B
:102CA000FF3000900098B0EE408A00286ADB10F0F8
:102CB000010F4BD068EE080A9FED471A9FED470AB7
:102CC00000EE810A9FED461A10F0020F00EE801A06
:102CD000B7EE000A00EE810A02BF01B0BDEC028B24
:102CE00000BD00BF01B0B1EE400ABDEC028B00BDDB
:102CF0003C4B21F00042934241D911F0004FDFEDEF
:102D00003A0A20EE201ADFED390A19BF31EE601AB7
:102D100071EE200A31EE201A71EE600ABDEEE01A63
:102D200011EE100A9FED321A00F0030000EEC10A06
:102D30009FED301A009000EEC10A9FED2F1A00EEB1
:102D4000C10A9FED2E1A00EEC10AABE728EE080A71
:102D50009FED2B1ADFED2B0A10F0020F40EE410A17
:102D60009FED291A00EE201A61EE000AB0EE480A23
:102D700008EE200AB6D101B0BDEC028B00BD00F018
:102D80006DF88FE718EE100A4000B0F17F4F0DD2BA
:102D900018EE100AFFF7A9FE042808BF00F056F845
:102DA000B0EE480A01B0BDEC028B00BD09D1012094
:102DB00000F0FEF801B0BDEC028B5DF804EBC0F74B
:102DC00005B901B0B0EE480ABDEC028B5DF804EB2A
:102DD00000F039B8B61F927EB93AB2BACA9F2A3DFE
:102DE000DDFFFFBE490E494683F9223F0000004B3C
:102DF0000000C93F00A0FD390020A2331A61342C25
:102E0000336D4C39DA82083CA0AA2ABE10B52DEDEC
:102E1000028BB1EEC08A18EE100A20F00040C0F11B
:102E2000FF40C00F0AD010EE100A20F00040C0F1A1
:102E3000FF40C00F04BF012000F0BAF8B0EE480A0E
:102E4000BDEC028B10BD30EE000A70479FED020A08
:102E500020EE000A70470000000000102DE9F0018C
:102E60004FF07F42B2EB410F9FBF4FF0FF31016047
:102E7000BDE8F00170474FF0004242EA0123C1F380
:102E8000C752783A551112F01F0C434CCCF1200672
:102E90007C44C1F3C752A2F178024FEA621204EBFC
:102EA000820254F8254008BFD2E9015612D0556875
:102EB00004FA0CF425FA06F73C43976805FA0CF57A
:102EC00027FA06F8D26807FA0CFCF24045EA080532
:102ED0004CEA0206A4FB034CA5FB0352A6FB0363CA
:102EE0001D449D4234BF012600261319334416B1F8
:102EF000934202D903E0934201D2012200E0002272
:102F0000624402F1200C9206DC0C42EA443200EEEC
:102F1000102A5B03DFED210AF8EEC01A00EE103A2A
:102F20004FEA9C1C11F0004FB8EE400AC0F800C0F8
:102F300020EE201A00EE105ADFED190AB8EE400A12
:102F400020EE200A71EE810A70EE800A10EE902ABF
:102F500002F500626FF30B0200EE902A70EEE11AA8
:102F600031EEC11ADFED101A30EE411A9FED0D0A55
:102F700020EE800A01EE210A9FED0C1A00EE810A74
:102F800004BFBDE8F0017047CCF180510160BDE89D
:102F9000F001B1EE400A7047F88A000000000036E8
:102FA0000000802C22AAFD29DB0FC92F0000C92FA9
:102FB00001490860704700007C0100202DE9F041C4
:102FC000044600251E461746880404D405E0394609
:102FD0002020B0476D1C641EF9D52846BDE8F0815D
:102FE0000146002011E00B4A52F830208A420AD8EC
:102FF000084A52F83020074B03EBC0035B681A44C1
:103000008A4200D97047421CD0B20C28EBDBFF206B
:10301000F8E7000098B6040800B503461846C2F762
:10302000E3FC00BD2DE9F04F85B007468946144604
:103030009846002503F07AFC049014B1B8F1000F13
:1030400003D1042005B0BDE8F08F2770380A607006
:103050000325002632E0002002900190B8191FFAE3
:1030600080FA01A802AB03AA009050460499C3F766
:1030700037F98346BBF1000F00D021E0281D80B254
:10308000B0F5807F00DD1BE09DF80C202846691C10
:103090008DB222549DF80D202846691C8DB2225411
:1030A0009DF80E202846691C8DB222549DF80F20F1
:1030B0002846691C8DB22254701C86B24E45CADB6C
:1030C00000BFA670A8F800500020BBE770B5ADF5B2
:1030D000826D054603F02AFC06464FF6FF708542D6
:1030E00009D13046C4F74AFC304604F0CBFE00203C
:1030F0000DF5826D70BD00200290019004A8C4F708
:103100003DFC08B10820F3E704A804F0BBFE01A8C9
:1031100002AB03AA04A900902846C3F7E1F80446CD
:103120001CB1204602F051FEE2E79DF8043003AAEC
:1031300031462846C3F797FD0446204602F045FE77
:10314000D6E72DE9F04106460C46154603F0EEFBA6
:1031500080462B46224641463046C3F784FD07464B
:10316000384602F032FEBDE8F08100002DE9F0475C
:1031700005460E4617469846DFF82C90532D02DB85
:103180000420BDE8F087094800EB8504E278208838
:1031900000EB09013046FDF716F8A0783870E078AA
:1031A00088F800000020ECE75013002060C50008FC
:1031B0002DE9FC5F0546894614469A46224801904F
:1031C000002600200090532D02DB0420BDE8FC9F68
:1031D00000BF25702812607000BF03264FF0000862
:1031E00029E005EB08001FFA80FBBBF1530F00DB61
:1031F00023E006F11100B0F5807F00D91DE01348EF
:1032000000EB8B07BA783046711C8EB22254FA78E4
:10321000B7F800C0019B0CEB0301A019FCF7D3FF2A
:10322000F878304486B20098401CC0B2009008F193
:1032300001001FFA80F8C845D3DB00BF0098A070DA
:10324000AAF800600020C1E75013002060C5000804
:1032500010B5064802F02CFD04460CB9002010BD44
:10326000002C01DD0220FAE70820F8E750130020C7
:103270002DE9F041064688461546154F532E02DBD0
:103280000420BDE8F081134800EB8604A0780728ED
:1032900011D115B1E078A84201DA0620F1E7E17812
:1032A0002288D019BCF783FF2188C8192A464146D5
:1032B000FCF789FF0AE0E078A84201D00620E0E7A9
:1032C0002188C8192A464146FCF77DFF0020D8E72F
:1032D0005013002060C5000801460248017000201C
:1032E000704700002200002010B504462146044823
:1032F00004F026FB08B9002010BD0220FCE7000006
:103300005013002010B503460BB1012000E000204F
:10331000044C2070044801800AB104480280002057
:1033200010BD00001C0000201E0000202000002016
:1033300010B52DED028BB0EE408ADFED0B0AB0EE3A
:10334000480AFFF743FCB0EE408AB5EEC08AF1EEC2
:1033500010FA06D29FED040A38EE000ABDEC028B8B
:1033600010BDB0EE480AF9E70000B44337B582B0AB
:103370000C4615464FF47A7001232A4621460090E8
:103380000298C2F79CF805B030BDF0EE401AB7EED7
:10339000000A30EE410A20EE210A00EE810A704751
:1033A00070B52DED068B0546F0EE408AB0EE608AD2
:1033B000F0EE419A2C6868EEA80A48EE080AB0EED2
:1033C000600AFFF723FDB0EE40AAB1EE040AB4EEA6
:1033D000C0AAF1EE10FA0EDDF1EE040A80EE8A1AB0
:1033E000B0EE410A68EE800AF0EE608A68EE000AEC
:1033F000B0EE608A00BF2A4890ED1D9AB7EE000A31
:10340000B4EEC09AF1EE10FA03D2B7EE000AB0EEB5
:10341000409A88EE890AF0EE408A88EE090AB0EEFA
:10342000408AC5ED029AF0EE480AB0EE680A04F54B
:103430006D70D4F84C14884704F56D70D4F84414BA
:10344000884704F56D70D4F84814884704F56D700A
:1034500090ED140ADFED130A20EE200ABCEEC00A3C
:1034600010EE103A90ED130ADFED0E0A20EE200A5E
:10347000BCEEC00A10EE102A94EDFF0ADFED090A37
:1034800020EE200ABCEEC00A10EE101A4FF48E6037
:10349000065904F58A60B047BDEC068B70BD00008C
:1034A000601D002000D004460548006820B1044893
:1034B000006890ED020A70479FED020AFBE70000EA
:1034C000AC0000200000000010B50446206800B9E0
:1034D00010BD2068C0F781FD606830B1D4E90010EC
:1034E0008860D4E90001C0F8381400200149086060
:1034F00000BFEDE7AC00002010B5044604F11C004D
:10350000616A884794ED080A10BD10B5044604F1BD
:103510001C00E16B884710BD7047000010B50F48D4
:103520000078072817D2DFE800F01604070A0D100C
:103530001300C6F7DDFF10BDC6F7D8FFFBE704F0A8
:1035400037FFF8E705F0CCFDF5E7C7F7EBF8F2E752
:10355000C6F7D2FFEFE70320EDE70000540000209C
:1035600002460C4801600C4880ED000A0B480270CE
:10357000072A0CD2DFE802F00B0405060708090051
:1035800000BF00BF00BF00BF00BF01207047002088
:10359000FCE70000580000205C00002054000020E0
:1035A00070B52DED028B04460D46B0EE408A1148F1
:1035B0000470001DC0F77AFE00200E49486100210A
:1035C0000C4881619FED0C0A80ED070A072C0ED292
:1035D000DFE804F00D0405060708090000BF00BF7E
:1035E00000BF00BF00BF0120BDEC028B70BD0020FA
:1035F000FAE70000501000200000000010B500F0B5
:1036000027F9044624B1206810B10448FFF75CFF95
:103610000248143800F0DEF910BD0000A4100020AC
:103620007047000010B50C480078012806D0022829
:1036300007D0032808D004280CD108E004F0B6FE17
:1036400010BD05F0ADF8FBE7C6F758FFF8E7C7F780
:1036500067F8F5E70320F3E76800002002460B480F
:1036600001600B4880ED000A0A480270012A06D06A
:10367000022A05D0032A04D0042A05D102E000BFA3
:1036800000BF00BF012070470020FCE76C00002055
:10369000700000206800002010B502F05DFB0020E3
:1036A00006490870FF200649087000200549087087
:1036B0000021084600F022F910BD0000880000201B
:1036C000890000208A00002010B5474800780828AB
:1036D00001D3022010BD08214348007800F00EF904
:1036E000C2F754FD0446022C28D1404A3E4B1B78B9
:1036F00002EB430251783D4A3B4B1B7812F8130012
:10370000C0F790FD38480078401C37490870082100
:103710003548007800F0F2F800203549087032484A
:103720000078082803D302F03BFC0220D2E7C2F75E
:1037300045FD08B90320CDE70120CBE7032C50D18C
:10374000294800782B490870002020B1012804D0B6
:10375000022846D11BE00320BCE723480078401C28
:103760002149087008212048007800F0C7F800209F
:103770001F4908701C480078082801D30220A9E7D7
:10378000C2F71CFD08B90320A4E70120A2E71848EE
:10379000007801280BDA16480078401C144908709C
:1037A000C2F70CFD08B9032094E7012092E70E4808
:1037B0000078401C0C49087008210B48007800F084
:1037C0009DF800200A49087007480078082801D3AE
:1037D00002207FE7C2F7F2FC08B903207AE7012054
:1037E00078E7012076E700008800002040B4040854
:1037F0008A0000208900002070B52DED028B044660
:103800000D46B0EE408A0D4805600D4880ED008AF7
:1038100000200C490870FF200B49087000200B495C
:103820000870082100F06AF8012C04D1C2F7C6FC28
:10383000BDEC028B70BD0020FAE700008000002084
:103840008400002088000020890000208A000020D9
:1038500000487047381000200349CA6802600A8A8D
:103860008280897C817170473810002010B5204813
:10387000007B012802D11E48406910B91C48007B1A
:1038800010BD1C480068401C1A4908601A4988424B
:103890000FD303201649087301211548417340696D
:1038A000806818B112494969886880471048007BD0
:1038B000E6E70F4949694868804704460C480473A5
:1038C000022C09D164218173002141730246117CCD
:1038D000D07BC0F7A7FC09E0032C07D100210448E6
:1038E0008173407B10B90121014841732046C7E72D
:1038F0003810002050000020E0930400014A50746A
:1039000091747047381000202DE9F04104460D46AF
:103910000CB1082C02DB0020BDE8F0812648007BBA
:10392000012801D10020F7E7012D1FDB082D1DDA4A
:10393000224800EB841000EBC50306CB002381EA8C
:1039400003005340184310D01D48D0E900300B400D
:1039500010404B405040034307D00320164B1873D0
:103960000323154843730020D6E700BF154850F8DD
:1039700024600EB1306808B90020CDE70E48D0EDC4
:10398000020AB0EE600A416828463268904708B9DA
:103990000020C1E70848466101200749087300215B
:1039A00005488173C473057441744173002006494E
:1039B00008600120B0E700003810002010C70008A0
:1039C0004800002028000020500000200170002244
:1039D0004260704700210170416081609FED020AE2
:1039E00080ED030A704700000000000002465068A6
:1039F000401C5060884201D2012070470020FCE743
:103A000070B52DED028B04460D46B0EE408AF0EE07
:103A1000608A34212046BCF7CAFB256084ED0B8AFE
:103A2000C4ED0C8A002084F82800032084F82900C3
:103A3000022084F82A00201DC6F7CEF804F11400F5
:103A4000C6F7CAF8BDEC028B70BD000010B5044685
:103A5000201D04F0C2F904F1140004F0BEF99FED3A
:103A6000020A84ED090A10BD000000002DE9F041B2
:103A70002DED048B05460C4617461E46D5F80080F2
:103A8000404603F0FAFEF0EE408A4046C5F7BAF829
:103A9000B0EE408A207895F8281088420BD194F82F
:103AA000340095F82910884205D194F8350095F82E
:103AB0002A10884207D02078032804DB3A462146A2
:103AC0002846C0F709FC207805F8280F94F8340040
:103AD000687094F83500A870283D9FED4E0A86ED79
:103AE000000A9FED4C0A86ED010A207807287DD256
:103AF000DFE800F08987886B52230400D5ED0C1AAB
:103B0000B0EE611AD7ED011AF0EE610AD5ED091A8F
:103B1000B0EE610A94F8351005F11400C5F7ECFF1A
:103B2000B0EE409AB0EE481AF1EE480AB0EE490AFB
:103B300000F0D8F886ED010A66E0F5EEC08AF1EEF5
:103B400010FA04DDD4ED080A80EEA80A01E09FED2A
:103B5000310AF0EE409A95ED0C1AF0EE411A97ED0D
:103B6000011AF0EE410A94ED021AB0EE410A94F8FF
:103B70003510B0EE691A05F1140004F09BF8B0EEB0
:103B8000409AB0EE481AF1EE480AB0EE490A00F049
:103B9000A9F886ED010A37E0F5EEC08AF1EE10FAD9
:103BA0000EDD94ED030AC0EE280AB0EE609AB0EE86
:103BB000481AF1EE480AB0EE490A00F093F801E025
:103BC0009FED140A86ED010A1EE0D4ED040AB0EE62
:103BD000600AB0EE481AF1EE480A00F083F886ED6C
:103BE000000AD4ED050AB0EE600A00E008E0B0EE8D
:103BF000481AF1EE480A00F075F886ED010A03E074
:103C000000BF00BF00BF00BF00BFBDEC048BBDE81C
:103C1000F08100000000000070B52DED048B04461B
:103C20000D4616462878062802D0BDEC048B70BDE0
:103C3000D4ED0B1AB0EE611AD6ED001AF0EE610A5F
:103C4000D5ED011AB0EE610A95F83410201DC5F7C4
:103C500053FFB0EE408A206803F021FE95ED091A6B
:103C6000F0EE480A41EE000AB0EE608A2068C4F720
:103C7000C6FFF0EE408A2068C4F7C1FFB1EE400AEB
:103C8000B0EE409AB0EE681AF0EE490AB0EE480A7B
:103C900000F028F884ED090A00BFC6E710B52DED45
:103CA000048BF0EE408AB0EE609A38EEC90AB0EEAE
:103CB000408AB0EE480AFEF751FF38EE400AB0EEF7
:103CC000408AB6EE000AB4EEC08AF1EE10FA04D8CB
:103CD000B0EE480ABDEC048B10BDB7EE000A30EE22
:103CE000480AF7E7F0EE401AF4EEE01AF1EE10FAA7
:103CF00002D2B0EE600A7047F4EEC11AF1EE10FA8B
:103D000002DDB0EE410AF6E7B0EE610AF3E7F0EE4D
:103D1000401AF4EEE01AF1EE10FA02D2B0EE600AA8
:103D20007047F4EEC11AF1EE10FA02DDB0EE410A6E
:103D3000F6E7B0EE610AF3E7642001F007F8C1F797
:103D4000B3FE00BFC1F7D8FE04480069401C034918
:103D500008610120C1F7F2FEF4E700001012002014
:103D60002DE9F04107460E46154600242819077034
:103D70003912417000BFA41C07F0010088B1D6EDD4
:103D8000000AB0EE600A281901F0D4FF201D84B2A9
:103D9000D6ED010AB0EE600A281901F0CBFF201D14
:103DA00084B207F0020088B1D6ED030AB0EE600AD3
:103DB000281901F0BFFF201D84B2D6ED040AB0EE31
:103DC000600A281901F0B6FF201D84B207F0040034
:103DD000D0B1D6ED050AB0EE600A281901F0AAFFAD
:103DE000201D84B2D6ED060AB0EE600A281901F053
:103DF000A1FF201D84B2D6ED070AB0EE600A281993
:103E000001F098FF201D84B207F00800F0B1D6ED54
:103E1000080AB0EE600A281901F08CFF201D84B258
:103E2000D6ED090AB0EE600A281901F083FF201DC3
:103E300084B2D6ED080A96ED091A60EE810AB0EE5A
:103E4000600A281901F076FF201D84B207F01000E7
:103E500088B1D6ED0A0AB0EE600A281901F06AFFAF
:103E6000201D84B2D6ED0B0AB0EE600A281901F0CD
:103E700061FF201D84B207F0200070B12819316B5A
:103E8000C2F773F9201D84B2D6ED0D0AB0EE600AB8
:103E9000281901F04FFF201D84B207F0400040B107
:103EA000D6ED020AB0EE600A281901F043FF201D8A
:103EB00084B207F0800058B12819B16BC2F755F9E8
:103EC000201D84B22819F16BC2F74FF9201D84B26E
:103ED00007F48070A8B116F8402F2046611C8CB200
:103EE0002A5472782046611C8CB22A54B27820463B
:103EF000611C8CB22A54F278403E2046611C8CB280
:103F00002A5407F40070B0B14FF000080FE00B49DD
:103F100001EB8801D1ED000AB0EE600A281901F02A
:103F200009FF201D84B208F1010000F0FF08B8F17C
:103F3000080FECDB00BF2046BDE8F081B81400207C
:103F4000192000F003FF00BF4FF4FA7000F0FEFEEE
:103F50000248C068401C0149C860F5E71012002003
:103F600030B50246002000230BE012F8015B85EA21
:103F70002024E4B2044D35F8144084EA0024A0B2B1
:103F80005B1C8B42F1DB30BD68B704082DE9F041C2
:103F90002DED048B06460D46174634682878022816
:103FA0001FD195ED0C0AB0EE409AB6EE000AF6EE7F
:103FB000000A00EE890ADFED660A20EE200ABCEE58
:103FC000C00A10EE108A4FF48E6050F804C04346C9
:103FD0004246414604F58A60E047BDEC048BBDE8EB
:103FE000F081287850B94FF48E6050F804C0002357
:103FF0001A46194604F58A60E047EEE740F2CC40E5
:10400000015904F58F60884704F56D70D4F83C14AD
:10401000884704F56D70D4F8401488472878012843
:104020001CD1D5ED0A8A95ED0B8A4A48D0ED1D0AC0
:10403000B0EE600AF7EE000AB4EEE00AF1EE10FA14
:1040400003D2F7EE000AB0EE600AC8EE800AF0EE86
:10405000608AC8EE000AB0EE608A3DE0D6ED091A2B
:10406000B0EE611AD4EDF51AF0EE610AD7ED001A40
:10407000B0EE610A0021301DC5F73EFDF0EE408A2A
:10408000D6ED091AB0EE611AD4EDF61AF0EE610A17
:10409000D7ED011AB0EE610A012106F11400C5F74F
:1040A0002BFDB0EE408A2B4890ED1D0AB0EE409AF1
:1040B000B7EE000AB4EEC09AF1EE10FA03D2B7EEF2
:1040C000000AB0EE409A88EE890AF0EE408A88EE47
:1040D000090AB0EE408A00BFF0EE480AB0EE680A66
:1040E00004F56D70D4F84C14884704F56D70D4F85D
:1040F0004414884704F56D70D4F84814884704F5D3
:104100006D7090ED140ADFED120A20EE200ABCEE6D
:10411000C00A10EE103A90ED130ADFED0D0A20EE02
:10412000200ABCEEC00A10EE102A94EDFF0ADFED63
:10413000080A20EE200ABCEEC00A10EE101A4FF456
:104140008E6050F804C004F58A60E04700BF44E781
:1041500000D00446601D002070B505460C4605B130
:1041600003E08E2104A005F01BFE012C01D0601C91
:1041700000B92C7570BD00002E2E5C2E2E5C2E2EEC
:104180005C557365725C446576696365735C6465F0
:10419000765F6173353034372E63000070B50446A6
:1041A0000D4604B103E08E2117A005F0F9FD012DA5
:1041B00000DA03E08F2114A005F0F2FD4FF4CD6189
:1041C0002046BBF7F4FF05EB450000EBC50018499E
:1041D00001EB4006307D04F5BD6404F8C80C707D29
:1041E00004F8C70C0020A066012020641148E06696
:1041F00011482067114860671148A0671148E067BF
:10420000A4F5BD6470BD00002E2E5C2E2E5C2E2EFB
:104210005C557365725C446576696365735C64655F
:10422000765F636F6D6D756E5F756172742E63007E
:1042300081B6040851480008954204084942040820
:1042400041470008ED47000810B5044604B103E0FB
:10425000602106A005F0A4FDD4F84C06401CC4F86B
:104260004C0694F82005C1F76FF910BD2E2E5C2E78
:104270002E5C2E2E5C557365725C446576696365B1
:10428000735C6465765F636F6D6D756E5F7561728B
:10429000742E630010B5044604B103E044211EA04F
:1042A00005F07EFDD4F82C06401CC4F82C0694F8CA
:1042B000220508B1002010BD2148046094F8212592
:1042C000204B2046D4F85016C1F79EFE50B1D4F8CA
:1042D0003006401CC4F830064FF0FF30C4F8240606
:1042E0000120E8E794F820054FF48071C7F702F940
:1042F00050B1D4F83006401CC4F830066FF001000D
:10430000C4F824060120D6E7012084F82205002005
:10431000C4F8240600BFCEE72E2E5C2E2E5C2E2E77
:104320005C557365725C446576696365735C64654E
:10433000765F636F6D6D756E5F756172742E63006D
:10434000D8000020E960000810B500F097FBFCF7EA
:1043500071FF07498867084690ED1E0AB8EE400ACB
:10436000DFED040A80EE801A80ED1F1A10BD0000F8
:10437000E01C00200024744970B504460D4604B1C9
:1043800003E03B2115A005F00BFD012D00DA03E051
:104390003C2112A005F004FD05EB85011A4A02EB51
:1043A000C1002946C0F72EF905EB8500164901EB3F
:1043B000C00020609FED150A84ED010A1448A0603A
:1043C0001448E06014482061144860611448A061FA
:1043D0001448E0611448206270BD00002E2E5C2E4F
:1043E0002E5C2E2E5C557365725C44657669636540
:1043F000735C6465765F656E636F6465725F61733D
:10440000353034372E6300006C240020000000009B
:10441000014E0408E955000833560008F94D040818
:1044200021560008DB550008F15500082DE9F0473A
:1044300004460D461746984614B10FB1207E10B9B8
:104440000120BDE8F087A068A0F108060820A8FBBD
:104450000020521940F100000021B21A814101D21E
:104460000120EEE7A2682169206801FB0200083004
:1044700000EB050942463946484600F015FC08B1F4
:104480000120DEE70020DCE770B504460D4604B1EC
:1044900003E06D210AA005F083FC012D00DA03E0A2
:1044A0006E2107A005F07CFC2570012020710E48CC
:1044B000A0610E48E0610E4820620E48606270BD47
:1044C0002E2E5C2E2E5C2E2E5C557365725C446520
:1044D00076696365735C6465765F68616C665F626C
:1044E00072696467652E6300F9440408914B000803
:1044F0008D4A0008494B00082DE9F041064606B1F7
:1045000003E022211BA005F04BFC307800EBC0013A
:1045100001EB001021494418002500270EE004F1AA
:104520001502D15D207D00F0FBFB054304F115026F
:10453000D15D207D00F0DEFB05437F1C022FEEDD08
:10454000217E207D00F0ECFB0543217E207D42F2A0
:10455000BC02C0F70FFF0543207DC0F7E6FF05430F
:10456000207D7070207DB11CC0F7CFFF2846BDE8CC
:10457000F08100002E2E5C2E2E5C2E2E5C55736575
:10458000725C446576696365735C6465765F6861D7
:104590006C665F6272696467652E6300FAB5040831
:1045A00008B50648818AADF80010807D8DF80200BC
:1045B00000210098C0F7B3FE08BD0000C000002035
:1045C000014609B9072001E0072000BF00BF70477E
:1045D0002DE9FC4781460C46002005460646002191
:1045E0000F46884600900190B9F1000F00D003E01B
:1045F000732120A005F0D4FB0CB9BDE8FC874FF077
:10460000000A1AE04846C0F7B3FBD9F81400451970
:1046100046EBE076D9F81800C71948EBE078D9F8EE
:104620001C004FEAE073DDE9001240185341CDE968
:1046300000030AF101001FFA80FAA245E2DB2246DC
:10464000002328463146FBF77EFDC9F820002246AC
:10465000002338464146FBF776FDC9F82400224680
:104660000023DDE90001FBF76EFDC9F8280000BF5B
:10467000C3E700002E2E5C2E2E5C2E2E5C5573653B
:10468000725C446576696365735C6465765F6D6FC3
:10469000746F725F70686173655F63757272656E67
:1046A000742E630010B5044604B103E0872105A011
:1046B00005F076FB94ED0E0AD4ED0F0A94ED101A76
:1046C00010BD00002E2E5C2E2E5C2E2E5C557365C8
:1046D000725C446576696365735C6465765F6D6F73
:1046E000746F725F70686173655F63757272656E17
:1046F000742E63001FB5044604B103E06A2104A0D0
:1047000005F04EFB01A807C8C4E9091220621FBDCD
:104710002E2E5C2E2E5C2E2E5C557365725C4465CD
:1047200076696365735C6465765F6D6F746F725FE5
:1047300070686173655F63757272656E742E630075
:104740002DE9FC41064606B103E022211EA005F03A
:1047500027FB0020019000900027002521E005EBB9
:10476000450000EBC500244901EB4000047D002C0E
:1047700002DD042C00DA03E02C2113A005F010FB6D
:1047800006F8154001A8005D401C06EB4501487085
:1047900001A8005D401C01A9085501200DF8040086
:1047A0006D1C032DDBDB012409E01DF8040020B1A2
:1047B0002046C0F770FD00B10127601CC4B2042C74
:1047C000F3DB3846BDE8FC812E2E5C2E2E5C2E2EAF
:1047D0005C557365725C446576696365735C64659A
:1047E000765F6D6F746F725F70686173655F63751C
:1047F0007272656E742E63003FB6040810B50446ED
:1048000004B103E0AF2103A005F0CAFA94ED210A38
:1048100010BD00002E2E5C2E2E5C2E2E5C55736576
:10482000725C446576696365735C6465765F706F1E
:104830007765725F6D6F6E69746F722E6300000032
:1048400010B5044604B103E0A32103A005F0A8FAC3
:1048500094ED1F0A10BD00002E2E5C2E2E5C2E2E15
:104860005C557365725C446576696365735C646509
:10487000765F706F7765725F6D6F6E69746F722EA1
:104880006300000070B5044604B103E0402114A0A9
:1048900005F086FA012020E0215C01B91BE000212F
:1048A00015E00023002209E0251D05EBC005265C6C
:1048B00006FB021655F826502B44521C012AF3DB46
:1048C00004F1280202EBC00242F82130491C225CAC
:1048D0008A42E6DC00BF411CC8B20428DCDB70BDA4
:1048E0002E2E5C2E2E5C2E2E5C557365725C4465FC
:1048F00076696365735C6465765F706F7765725F18
:104900006D6F6E69746F722E6300000010B50446FF
:1049100004B103E0722107A005F042FA94ED150AF4
:10492000F3EE030A20EE200A84ED1D0A94ED1D0A21
:1049300010BD00002E2E5C2E2E5C2E2E5C55736555
:10494000725C446576696365735C6465765F706FFD
:104950007765725F6D6F6E69746F722E6300000011
:1049600010B52DED028B04469FED190AB0EE408A7A
:1049700004B103E0592117A005F012FA012021E04B
:10498000215C01B91CE0002116E004F1280202EBD1
:10499000C00252F8212000EE102AB8EE400ADFEDE6
:1049A0000C0A20EE200A04F1480202EBC00202EBDE
:1049B000810282ED000A491C225C8A42E5DC00BFCC
:1049C000411CC8B20428DBDBBDEC028B10BD00002B
:1049D0003333533A2E2E5C2E2E5C2E2E5C5573658F
:1049E000725C446576696365735C6465765F706F5D
:1049F0007765725F6D6F6E69746F722E6300000071
:104A00009FED010A70470000000000002DE9F04111
:104A100007460C46384600F097FD05461DB94FF68F
:104A2000FF70BDE8F0812046012801DB042801DD8C
:104A3000002102E0064951F820100E4616B94FF643
:104A4000FF70EEE731462846FBF7F6FFE9E7000086
:104A5000F8D000082DE9F04105460E4617462846D5
:104A600000F072FD044614B90120BDE8F0813A4619
:104A700031462046BCF742FA0020F6E709480068B4
:104A800040F0807007490860074808490860002026
:104A90000649503148600846006840F0010008604F
:104AA00070470000FCED00E055CEACC5B00F00E053
:104AB0002DE9F04186B006460D4690461DB9062008
:104AC00006B0BDE8F0813046FEF78AFA0446FF2CB6
:104AD00002D060190C2801D90120F1E70E4850F8E6
:104AE0003400B04201D00120EAE70020019002200A
:104AF000059003940495BCF7FFFDF3200749086077
:104B0000694601A8FCF780F90746BCF7EBFD0FB931
:104B10000020D5E70320D3E798B604080C3C0240F8
:104B200000B50146B1F1006F05D300F008F800F1BF
:104B30000060884201D8FF2000BD0120FCE74FF44F
:104B4000801070472DE9F04F87B005468B4616461A
:104B5000BBF1000F03D016B105F0070018B1062015
:104B600007B0BDE8F08F2846FFF7DAFFFF2801D134
:104B70000120F5E72846FEF733FA0446FF2C01D161
:104B80000120EDE7464850F83400454901EBC401E7
:104B900049680144059105EBC6000490DDE9040174
:104BA000884201D90120DBE73D4850F83400A84293
:104BB00009D1012211462846FFF77AFF07460FB1B7
:104BC0003846CDE700BFBCF797FDF32035490860B4
:104BD0004CF25030FBF7D2FD30B1F3203149086080
:104BE000BCF780FD0220BBE7002752E00BEBC700BB
:104BF00003C8CDE90201DDF80880DDF80C9005EB73
:104C0000C70A0AF1040001900020009012E0424619
:104C1000002351460220FCF74DF920B9DAF80000D4
:104C2000404500D109E0F3201E4908600098401C6F
:104C3000C0B2009000980A28E9DB00BFDAF8000053
:104C4000404503D0BCF74EFD052089E700200090C9
:104C500012E04A46002302200199FCF72BF920B903
:104C600001980068484500D109E0F3200D4908602B
:104C70000098401CC0B2009000980A28E9DB00BFF1
:104C800001980068484503D0BCF72CFD052067E774
:104C90007F1CB742AAD3BCF725FD002060E70000C7
:104CA00098B604080C3C0240F0B504460D46164682
:104CB00072B6324629462046C0F708FB074662B660
:104CC0003846F0BD2DE9F04104460D461646204613
:104CD000FFF726FFFF2802D10120BDE8F08172B660
:104CE0000123324629462046FFF72CFF074662B6CD
:104CF0003846F2E72DE9F04106460C46304600F012
:104D00004DFC054615B90120BDE8F0812046C0F7ED
:104D10008BFD074639462846FCF76AFF0020F3E77B
:104D20002DE9F04106460C46304600F037FC0546BA
:104D300015B90120BDE8F0812046C0F775FD074692
:104D400039462846FDF7D8F80020F3E710B50446A9
:104D5000204603F08BFA10BD10B505F08FF810BD9A
:104D60000146072913D2DFE801F01204070A0C0EEE
:104D700010006FF0010070474FF0FF30FBE700209C
:104D8000F9E70120F7E70220F5E70320F3E7002029
:104D9000F1E77CB506460C460020009001902146C4
:104DA0006846C5F78BF9054628467CBD70B50446B4
:104DB0000D460CB9012070BD2846C0F765FB0646BC
:104DC0003146204603F064FA08B10120F3E70020E1
:104DD000F1E701B582B0029804F041FD58B1BDF889
:104DE0000900ADF804009DF80B008DF806000021C5
:104DF0000198C0F794FA0EBD016891ED040A70475E
:104E000070B5044625682846E969884795ED020A89
:104E100084ED010A70BD704710B52DED028B04467C
:104E2000B0EE408A94ED010AB8EE400AF0EE408AF6
:104E300084ED708A94F8D80158B984ED718A9FED99
:104E4000220A84ED750A012084F8D801BDEC028B9A
:104E500010BD94ED700AD4ED710A30EE600A84ED55
:104E6000720A94ED720A20EE280A84ED730AD4EDDA
:104E7000730AB0EE600A04F5F470C6F77BF884EDAF
:104E8000740A94ED740AD4ED750A30EE600A84ED6C
:104E9000770A94ED770A20EE280A84ED780AD4ED9B
:104EA000780AB0EE600A04F51E70C6F763F884ED68
:104EB000790A94ED700A84ED710A94ED740A84ED18
:104EC000750A00BFC2E700000000000090ED790AFB
:104ED000704790ED740A7047014691ED080AB5EEEF
:104EE000C00AF1EE10FA21DD91ED080ADFED100A9B
:104EF000B4EEE00AF1EE10FA18D291ED090AB5EE1F
:104F0000C00AF1EE10FA11DD91ED090ADFED090A90
:104F1000B4EEE00AF1EE10FA08D291ED0A0AB5EE0D
:104F2000C00AF1EE10FA01DD012070470020FCE715
:104F300000401C460050C347B7EE003A80ED153ADA
:104F400090ED063A80ED0C3A90ED073A80ED0D3A7F
:104F5000B7EE083AF0EE432A90ED0C3AF7EE083A35
:104F600023EE233AB0EE431A90ED0D3AF7EE083AED
:104F700023EE233ADFEDFE3A23EE233AF0EE431A16
:104F800090ED0D3AF7EE083A23EE233ADFEDF93AC9
:104F900023EE233AB0EE432A90ED0D3A80ED0F3A1E
:104FA00090ED0C3ADFEDF43A23EE233AD0ED0D3AD2
:104FB000B6EE004A04EE633A80ED103A90ED0C3AFA
:104FC000DFEDEE3A23EE233AD0ED0D3AB6EE004A8D
:104FD00004EE633A80ED113A90ED0F3AB5EEC03A27
:104FE000F1EE10FA01DD012200E0002290ED103A0E
:104FF000B5EEC03AF1EE10FA01DD022100E0002129
:105000000A4490ED113AB5EEC03AF1EE10FA01DD26
:10501000042100E000210A448263816B07297DD2CC
:10502000DFE801F07C50F204F3A2F00031EE613AC7
:1050300080ED1A3A80ED1C2A90ED1A3AD0ED1C3A18
:1050400033EE230A90ED153AB4EEC03AF1EE10FAC1
:105050000FD290ED153AC3EE000A90ED1A3A23EE06
:10506000203A80ED1A3A90ED1C3A23EE203A80ED7A
:105070001C3A90ED153AD0ED1A3A33EE633AD0ED82
:105080001C3A33EE633AF0EE003A83EE234A80EDA9
:10509000164A90ED1A3AD0ED1C3A33EE233AD0ED91
:1050A000163A33EE233A80ED123A90ED1C3AD0EDE9
:1050B000163A33EE233A80ED133A90ED163A80ED2E
:1050C000143AAEE131EE213A80ED1C3AB1EE413AAC
:1050D00033EE213A80ED183A90ED183AD0ED1C3AB3
:1050E00033EE230A90ED153AB4EEC03AF1EE10FA21
:1050F0000FD290ED153AC3EE000A90ED183A23EE68
:10510000203A80ED183A90ED1C3A23EE203A80EDDB
:105110001C3A90ED153AD0ED183A00E06CE133EE10
:10512000633AD0ED1C3A33EE633AF0EE003A83EE88
:10513000234A80ED164A90ED1C3AD0ED163A33EE34
:10514000233A80ED123A90ED183AD0ED1C3A33EE46
:10515000233AD0ED163A33EE233A80ED133A90ED30
:10516000163A80ED143A5CE180ED182AB1EE413A2E
:1051700033EE613A80ED193A90ED183AD0ED193AD4
:1051800033EE230A90ED153AB4EEC03AF1EE10FA80
:105190000FD290ED153AC3EE000A90ED183A23EEC7
:1051A000203A80ED183A90ED193A23EE203A80ED3E
:1051B000193A90ED153AD0ED183A33EE633AD0ED46
:1051C000193A33EE633AF0EE003A83EE234A80ED6B
:1051D000164A90ED163A80ED123A90ED183AD0ED5D
:1051E000193A33EE233AD0ED163A33EE233A80EDF6
:1051F000133A90ED193AD0ED163A33EE233A80ED9A
:10520000143A0EE151E000E09FE0B1EE413A33EE96
:10521000213A80ED193AB1EE423A80ED173A90ED1D
:10522000173AD0ED193A33EE230A90ED153AB4EE61
:10523000C03AF1EE10FA0FD290ED153AC3EE000A23
:1052400090ED173A23EE203A80ED173A90ED193A97
:1052500023EE203A80ED193A90ED153AD0ED173A49
:1052600033EE633AD0ED193A33EE633AF0EE003A9A
:1052700083EE234A80ED164A90ED163A80ED123AFD
:1052800090ED193AD0ED163A33EE233A80ED133A09
:1052900090ED173AD0ED193A33EE233AD0ED163AA5
:1052A00033EE233A80ED143ABBE0B1EE413A33EEEF
:1052B000613A80ED173A31EE613A80ED1B3A90ED9C
:1052C000173AD0ED1B3A33EE230A90ED153AB4EEBF
:1052D000C03AF1EE10FA0FD290ED153AC3EE000A83
:1052E00090ED173A23EE203A80ED173A90ED1B3AF5
:1052F00023EE203A80ED1B3A90ED153AD0ED173AA7
:1053000033EE633AD0ED1B3A33EE633AF0EE003AF7
:1053100083EE234A80ED164A90ED1B3AD0ED163A03
:1053200033EE233A80ED123A90ED163A80ED133ABF
:1053300090ED173AD0ED1B3A33EE233AD0ED163A02
:1053400033EE233A80ED143A6BE0B1EE423A80ED51
:105350001B3A31EE213A80ED1A3A90ED1A3AD0ED2F
:105360001B3A33EE230A90ED153AB4EEC03A07E04B
:105370003ACD133F3ACD933FD7B35D3FD7B35DBF2F
:10538000F1EE10FA0FD290ED153AC3EE000A90ED4F
:105390001A3A23EE203A80ED1A3A90ED1B3A23EEAA
:1053A000203A80ED1B3A90ED153AD0ED1A3A33EEE3
:1053B000633AD0ED1B3A33EE633AF0EE003A83EEF7
:1053C000234A80ED164A90ED1A3AD0ED1B3A33EE9F
:1053D000233AD0ED163A33EE233A80ED123A90EDAF
:1053E000163A80ED133A90ED1B3AD0ED163A33EEB3
:1053F000233A80ED143A14E090ED153AF0EE003ABD
:1054000083EE234A80ED164A90ED163A80ED123A6B
:1054100090ED163A80ED133A90ED163A80ED143A7D
:1054200000BF00BF7047704770B504460D4694F842
:10543000070408287ED2DFE800F0040D1C283E5245
:105440006268A52D05D1A52084F80604012084F802
:10545000070476E05A2D08D194F806045A3084F8EF
:105460000604022084F8070402E0002084F8070400
:1054700067E02802A4F8000494F80604284484F89D
:105480000604032084F807045BE004F580642088A8
:1054900028432080A0792844A0712088A4F5806446
:1054A000B0F5806F03DD002084F8070402E00420DB
:1054B00084F8070445E094F80604A84203D00020CD
:1054C00084F8070470BD0020A4F80804B4F80004B0
:1054D00008B9062000E0052084F8070431E0B4F89C
:1054E0000814481CA4F808046554B4F80804B4F877
:1054F0000014884202DB062084F8070421E0A4F8A7
:105500000254072084F807041BE0B4F8020440EAC0
:105510000520A4F80204002084F80704B4F800145D
:105520002046FEF71DFD0646B4F80204B04202D143
:105530000120C7E701E00020C4E7002084F8070449
:1055400000BF00BF0020BDE70146042901DB0020A9
:105550007047024850F82100FAE700009CD000088C
:105560000146102902DB4FF6FF707047012088408A
:1055700080B2FAE710B501F0D9F910BD90ED020A3A
:10558000704700000146042901DB002070470248F3
:1055900050F82100FAE700000CD1000801460F295D
:1055A00001DB00207047024850F82100FAE70000B4
:1055B00018B704082DE9F04FC3B080468946174656
:1055C0001E46D8F80040A9F1E0000C2875D2DFE8AB
:1055D00000F00641AADD6B85F3F2F1F0EFEE00205A
:1055E0003D903C90022E07DA06224946404604F0E0
:1055F00007F943B0BDE8F08F0CB1A06828B90122CB
:105600004946404604F0FCF8F3E73846C0F766FD2B
:1056100082463CAB3DAAD11D5046D4F808C0E047B5
:1056200005462DB12A464946404604F0E9F8E0E730
:1056300051463EA8C0F795FD9DF8F4008DF8FA009C
:105640009DF8F000C31C3EAA4946404604F0E8F825
:105650000020CEE7032E05DA06224946404604F034
:10566000CFF8C6E70CB1E06828B9012249464046A8
:1056700004F0C6F8BDE73846C0F730FD8246B01EDC
:10568000C2B2B91C5046E36898470546514642A845
:10569000C0F767FD8DF80A51032342AA49464046E8
:1056A00004F0BEF82846A4E70CB1206930B9012205
:1056B0004946404604F0A4F89BE797E120698047FB
:1056C00005462DB900224946404604F08EF890E781
:1056D0002A464946404604F093F88AE7022E05DA46
:1056E00006224946404604F08BF882E70CB1606917
:1056F00028B901224946404604F082F879E7384645
:10570000C0F7ECFC83466169884705462DB9002245
:105710004946404604F069F86BE72A464946404648
:1057200004F06EF865E700204190042E05DA0622A9
:105730004946404604F064F85BE70CB1A06A28B91A
:1057400001224946404604F05BF852E73846C0F76C
:10575000C5FC8346B81CC0F7C1FC429041AB01AA0E
:10576000D4F828C058464299E04705462DB12A464C
:105770004946404604F044F83BE7BDF8043101AA2D
:105780004946404604F04CF8002032E7042E05DA82
:1057900006224946404604F033F82AE70CB1E06A95
:1057A00058B901224946404604F02AF821E7F8E0BA
:1057B000DEE0B2E07EE053E019E03846C0F78EFC50
:1057C0008346B81CC0F78AFC4290301F83B23A1D52
:1057D000D4F82CC058464299E0470546419501232C
:1057E00041AA4946404604F01BF8284601E700203C
:1057F00040903F90022E05DA06224946404603F0CB
:10580000FFFFF6E60CB1206B28B90122494640465D
:1058100003F0F6FFEDE63846C0F760FC82463FAB8A
:1058200040AAD11D5046D4F830C0E04705462DB1FE
:105830002A464946404603F0E3FFDAE6514641A8CE
:10584000C0F78FFC9DF800018DF806019DF8FC0063
:10585000C31C41AA4946404603F0E2FF0020C8E6C7
:10586000062E05DA06224946404603F0C9FFC0E687
:105870000CB1606B28B901224946404603F0C0FFD5
:10588000B7E63846C0F72AFC8246B01EC2B2B91C41
:105890005046636B98470546514642A8C0F761FCE5
:1058A0008DF80A51032342AA4946404603F0B8FF47
:1058B00028469EE600204190042E05DA062249463D
:1058C000404603F09DFF94E60CB1E06B28B901223D
:1058D0004946404603F094FF8BE63846C0F7FEFB8E
:1058E0008346B81CC0F7FAFB429041AB01AAD4F83A
:1058F0003CC058464299E04705462DB12A464946E4
:10590000404603F07DFF74E6BDF8043101AA494624
:10591000404603F085FF00206BE6042E05DA0622E0
:105920004946404603F06CFF63E60CB1206C28B991
:1059300001224946404603F063FF5AE63846C0F765
:10594000CDFB8346B81CC0F7C9FB4290301F83B221
:105950003A1DD4F840C058464299E0470546419563
:10596000012341AA4946404603F05AFF284640E633
:105970000CB1A06B28B901224946404603F040FF14
:1059800037E6A06B804705462DB9002249464046C0
:1059900003F02BFF2DE62A464946404603F030FF30
:1059A00027E6022E05DA06224946404603F028FF84
:1059B0001FE60CB1606C28B901224946404603F04D
:1059C0001FFF16E63846C0F789FB8346616C88479F
:1059D00005462DB900224946404603F006FF08E679
:1059E0002A464946404603F00BFF02E6012249469B
:1059F000404603F005FFFCE5F0B599B004460E46BD
:105A00000027206810B12068406830B90122314673
:105A1000204603F0F5FE19B0F0BD442108A8BAF7FE
:105A2000C6FB2068416808A8884705462DB12A466C
:105A30003146204603F0E4FEEDE7A6F1C000092858
:105A400070D2DFE800F0050B1D34445F70808D00DC
:105A5000694608A8C4F780FB074691E09DF86000FE
:105A60008DF800009DF861008DF801009DF862003E
:105A70008DF802009DF863008DF8030004277FE095
:105A8000DDED0D0AB0EE600A6846C0F759FBDDEDAA
:105A90000E0AB0EE600A01A8C0F752FBDDED0F0A56
:105AA000B0EE600A02A8C0F74BFB0C2768E0DDED02
:105AB0000B0AB0EE600A6846C0F742FBDDED0C0A47
:105AC000B0EE600A01A8C0F73BFB082758E0DDED07
:105AD000100AB0EE600A6846C0F732FBDDED110A2D
:105AE000B0EE600A01A8C0F72BFBDDED100A9DEDBA
:105AF000111A60EE810AB0EE600A02A8C0F720FB1E
:105B00000C273DE0DDED120AB0EE600A6846C0F7F2
:105B100017FBDDED130AB0EE600A01A8C0F710FB19
:105B200008272DE026E0DDED080AB0EE600A6846A1
:105B3000C0F706FBDDED090AB0EE600A01A8C0F768
:105B4000FFFA08271CE068461499C0F716FBDDED44
:105B5000150AB0EE600A01A8C0F7F2FA08270FE0B4
:105B600068461699C0F709FB01A81799C0F705FB0D
:105B7000082705E001223146204603F041FE4AE7AE
:105B800000BF3B466A463146204603F049FE0020EE
:105B900041E72DE9F043A1B004468946206810B1E1
:105BA0002068406A38B900224946204603F01DFEAD
:105BB00021B0BDE8F0830020009010260027206867
:105BC00032466946436A11A898478046B8F1000FEB
:105BD00005D042464946204603F012FEE8E79DF80C
:105BE0000000B04200DD009600250EE011A901EB97
:105BF0008501D1ED000AB0EE600A01A9C819C0F70D
:105C00009FFA381D87B2681CC5B29DF80000854216
:105C1000ECDB3B4601AA4946204603F001FE00208A
:105C2000C6E700BFEFF3058008B1012070470020F0
:105C3000FCE710B50446D4F88400804784ED000AE0
:105C4000D4ED000AB0EE600ABAF778FC84ED1E0AC3
:105C5000D4ED000AB0EE600AFAF702FC84ED1F0AE8
:105C600094ED0A0AD4ED1F0A20EE200AD4ED0B0AA7
:105C700094ED1E1A00EEC10A84ED060A94ED0A0A9C
:105C8000D4ED1E0A20EE200AD4ED0B0A94ED1F1A63
:105C900000EE810A84ED070A10BD10B504462046C7
:105CA000C2F744FC10BD000000487047ACC60008B5
:105CB00010B504462046C3F76BF810BD01480088B4
:105CC000704700001E00002010B506480068401C08
:105CD000044908600448006818B103480068BFF729
:105CE0008BFB10BD080000200400002070B50446A6
:105CF0000E46154604B970BD4FF484712046BAF7BC
:105D000056FA2660257100BFF5E7000070B504461D
:105D10000D46164604B105B970BD0548046032460B
:105D2000294604F58470C5F727FB00BFF4E700009F
:105D30001800002010B52DED028B82B00446B0EEA5
:105D4000408A8DED018A20460199C0F70EFA02B013
:105D5000BDEC028B10BD000010B509480078082882
:105D60000DD208480649097810F81100064951F883
:105D700020401CB1A06808B1A068804700BF10BDDA
:105D80008800002040B404088C000020FBF7ECF8E9
:105D9000FCF76CFCBCF7A8FCFCF7B8FABCF7F6FB08
:105DA000BCF750FCFCF790FAFCF73EFBFCF716FB47
:105DB000FCF738FABCF71CFDFCF7BEFB04F01AF840
:105DC000FCF7F2FA02F05EFAFEE7014611F1030F6A
:105DD0000CD011F1020F07D0B1F1FF3F02D039B959
:105DE000002070470420FCE70220FAE70720F8E7CC
:105DF0000820F6E7F0B585B006460C4615461F4666
:105E000014216846BAF7D3F98DF80040ADF8025076
:105E10004FF47A7001906946304600F003F805B0FF
:105E2000F0BD000070B504460D4600BF04B970BD5A
:105E300000BF00BF05B9FAE700BF4FF44F7120461D
:105E4000BAF7B5F928786070686808B9012000E0F1
:105E500068686060287A6075698909B9052100E081
:105E600069890846032800D20320102800D9102091
:105E7000A4F8A80195ED041AF0EE410A95ED031A75
:105E8000B0EE410A204602F067FA698804F1180072
:105E9000C5F7B4F8052104F1A800C5F7AFF805214E
:105EA00004F5F470C5F7AAF8052104F51E70C5F7CE
:105EB000A5F8104804F5427460600F4820600F4850
:105EC000E0600F48A0600F4820610F4860610F48F4
:105ED000A0610F48E0610F4820620F4860620F48E0
:105EE000A0620F48E0620F482063A4F5427400BF2F
:105EF0009DE70000A17F040853620008A57F040805
:105F0000995F040809580008B9B400087D550408D1
:105F10005398040825AF00082B8C0008194E04087C
:105F2000D34E0408CD4E040870B5044620783028BE
:105F300000DB70BD2078044951F820500DB1204697
:105F4000A84700BFF5E7000050AB040870B52DED81
:105F5000028B04460D46B0EE408A98212046BAF7DF
:105F600026F9256584ED238A0020207084F85400EA
:105F7000032184F88810022184F889109FED050A16
:105F800084ED240AB7EE000A84ED250ABDEC028BED
:105F900070BD000000000000014691F860017047EC
:105FA00010B5FFF7E7FA044614B94FF0FF3010BD03
:105FB00001212046C2F720F8F9E770B52DED028BDC
:105FC000F0EE408AB0EE608A0546FFF7D3FA064647
:105FD00026B94FF0FF30BDEC028B70BDB0EE680A01
:105FE0003046C1F71BFF04460CB12046F3E7B0EE84
:105FF000480A304600F0B0F904460CB12046EAE702
:1060000029463046C1F735FF04462046E3E710B580
:106010002DED028BB0EE408AFFF7ACFA044624B9AE
:106020004FF0FF30BDEC028B10BDB0EE480A2046A9
:1060300000F0CAF9F6E710B52DED028BB0EE408AFC
:10604000FFF798FA044624B94FF0FF30BDEC028BFD
:1060500010BDB0EE480A2046C2F7CEF8F6E790ED44
:106060002E0A704701464FF48C7040587047014625
:106070004FF484704058704790ED560A704790ED89
:106080003A0A704790ED300A704790ED550A704714
:1060900001468C204058704790ED360A7047014603
:1060A000486C70470146CC204058704701464FF479
:1060B0002A704058704790ED270A704790EDC50A46
:1060C000704790EDC60A704790ED2B0A704790ED2F
:1060D0002C0A704701464FF448704058704790EDC5
:1060E000C90A70470146D1F88000704790ED5D0AFB
:1060F000704790ED530A704790ED590A704790ED44
:10610000520A704790ED580A704790EDC10A7047E7
:1061100090EDC20A704790EDA60A704790EDA40A70
:10612000704790ED250A704790ED240A70470146AC
:1061300084204058704701464FF4297040587047FA
:1061400001464FF4C8704058704790ED620A70479E
:1061500090ED2F0A70470146C86C704790ED5E0ABB
:10616000704701464FF4BE704058704790ED280AC2
:10617000704790EDA50A704790ED5B0A70470146A5
:1061800011B96FF004007047B5EEC00AF1EE10FAD5
:1061900006D3F1EE040AB4EEE00AF1EE10FA02DDE5
:1061A0006FF00400EFE781ED5C0A0020EBE70000F0
:1061B000014611B96FF004007047DFED0A0AB4EE32
:1061C000E00AF1EE10FA06D3DFED070AB4EEE00ABA
:1061D000F1EE10FA02DD6FF00400EDE781ED2E0A1A
:1061E0000020E9E7CDCCCC3D00004842024612B980
:1061F0006FF00400704742F21070814202D30548EC
:10620000814202D96FF00400F4E74FF486708150A8
:106210000020EFE700127A00024612B96FF0040086
:106220007047012902D96FF00400F9E74FF48A7032
:1062300081500020F4E70000014611B96FF004001E
:106240007047B5EEC00AF1EE10FA06D3DFED060A8C
:10625000B4EEE00AF1EE10FA02DD6FF00400EFE7B1
:1062600081ED440A0020EBE700007042014611B9BD
:106270006FF004007047B5EEC00AF1EE10FA06D3D5
:10628000F3EE040AB4EEE00AF1EE10FA02DD6FF06C
:106290000400EFE781ED560A0020EBE7014611B953
:1062A0006FF004007047DFED0A0AB4EEE00AF1EE89
:1062B00010FA06D3DFED070AB4EEE00AF1EE10FAA9
:1062C00002DD6FF00400EDE781ED300A0020E9E720
:1062D000CDCCCC3D0000FA43014611B96FF004006B
:1062E0007047DFED0A0AB4EEE00AF1EE10FA06D3C9
:1062F000DFED070AB4EEE00AF1EE10FA02DD6FF00E
:106300000400EDE781ED400A0020E9E7560E49C19F
:10631000560E4941024612B96FF0040070470F292A
:1063200002D96FF00400F9E751640020F6E700009D
:10633000024612B96FF004007047642902D3054881
:10634000814202D96FF00400F6E7CC208150002092
:10635000F2E7000080969800014611B96FF0040042
:106360007047DFED0A0AB4EEE00AF1EE10FA06D348
:10637000DFED070AB4EEE00AF1EE10FA02DD6FF08D
:106380000400EDE781ED350A0020E9E70000B4C321
:106390000000B443024612B96FF0040070470A29A6
:1063A00002D96FF00400F9E7C82081500020F5E71A
:1063B000024612B96FF00400704700BF4FF42A7014
:1063C00081500020F8E70000014611B96FF0040089
:1063D0007047DFED0A0AB4EEE00AF1EE10FA06D3D8
:1063E000F7EE000AB4EEE00AF1EE10FA02DD6FF00B
:1063F0000400EDE781ED270A0020E9E7ACC5273767
:10640000014611B96FF004007047B5EEC00AF1EE15
:1064100010FA06D3DFED060AB4EEE00AF1EE10FA48
:1064200002DD6FF00400EFE781EDC50A0020EBE725
:1064300000401C46014611B96FF004007047B5EEEC
:10644000C00AF1EE10FA06D3DFED060AB4EEE00A58
:10645000F1EE10FA02DD6FF00400EFE781EDC60AFD
:106460000020EBE700007A44014611B96FF0040008
:106470007047B5EEC00AF1EE10FA06D3DFED060A5A
:10648000B4EEE00AF1EE10FA02DD6FF00400EFE77F
:1064900081ED2B0A0020EBE70000C842014611B94C
:1064A0006FF004007047F7EE000AB4EEE00AF1EE78
:1064B00010FA06D3DFED060AB4EEE00AF1EE10FAA8
:1064C00002DD6FF00400EDE781ED2C0A0020E9E722
:1064D00000401C46024612B96FF0040070470A29BA
:1064E00002D96FF00400F9E74FF4487081500020A2
:1064F000F4E70000014611B96FF004007047DFEDCA
:106500000A0AB4EEE00AF1EE10FA06D3DFED070A4C
:10651000B4EEE00AF1EE10FA02DD6FF00400EDE7F0
:1065200081EDC90A0020E9E76F12833A0000FA43BF
:10653000014611B96FF004007047B5EEC00AF1EEE4
:1065400010FA06D3F1EE040AB4EEE00AF1EE10FA06
:1065500002DD6FF00400EFE781ED5D0A0020EBE75C
:10656000014611B96FF004007047B5EEC00AF1EEB4
:1065700010FA06D3DFED060AB4EEE00AF1EE10FAE7
:1065800002DD6FF00400EFE781ED510A0020EBE738
:106590000050C347014611B96FF004007047B5EED3
:1065A000C00AF1EE10FA06D3DFED060AB4EEE00AF7
:1065B000F1EE10FA02DD6FF00400EFE781ED610A01
:1065C0000020EBE700401C46014611B96FF00400C3
:1065D0007047B5EEC00AF1EE10FA06D3DFED060AF9
:1065E000B4EEE00AF1EE10FA02DD6FF00400EFE71E
:1065F00081ED500A0020EBE700007A44014611B912
:106600006FF004007047B5EEC00AF1EE10FA06D341
:10661000DFED060AB4EEE00AF1EE10FA02DD6FF0EB
:106620000400EFE781ED600A0020EBE700401C4624
:10663000014611B96FF004007047B5EEC00AF1EEE3
:1066400010FA06D3DFED060AB4EEE00AF1EE10FA16
:1066500002DD6FF00400EFE781EDC30A0020EBE7F5
:106660000000FA43014611B96FF004007047B5EE1F
:10667000C00AF1EE10FA06D3DFED060AB4EEE00A26
:10668000F1EE10FA02DD6FF00400EFE781EDC00AD1
:106690000020EBE700401C46024612B96FF00400F0
:1066A0007047022902D96FF00400F9E78820815071
:1066B0000020F5E7014611B96FF004007047F3EED2
:1066C000040AB4EEE00AF1EE10FA06D3DFED060A92
:1066D000B4EEE00AF1EE10FA02DD6FF00400EDE72F
:1066E00081EDA30A0020E9E700001643014611B935
:1066F0006FF004007047F1EE040AB4EEE00AF1EE28
:1067000010FA06D3DFED060AB4EEE00AF1EE10FA55
:1067100002DD6FF00400EDE781EDA10A0020E9E75A
:106720000000F042014611B96FF004007047DFED40
:106730000A0AB4EEE00AF1EE10FA06D3DFED070A1A
:10674000B4EEE00AF1EE10FA02DD6FF00400EDE7BE
:1067500081ED250A0020E9E7BD378635CDCCCC3D5B
:10676000014611B96FF004007047DFED0A0AB4EE7C
:10677000E00AF1EE10FA06D3DFED070AB4EEE00A04
:10678000F1EE10FA02DD6FF00400EDE781ED240A6E
:106790000020E9E76F12833A00004842024612B92E
:1067A0006FF0040070470648814201DB002902DDDA
:1067B0006FF00400F6E74FF4287081500020F1E7F5
:1067C000806967FF024612B96FF004007047012923
:1067D00002D96FF00400F9E74FF4C870815000202F
:1067E000F4E70000014611B96FF004007047B5EE00
:1067F000C00AF1EE10FA06D3DFED060AB4EEE00AA5
:10680000F1EE10FA02DD6FF00400EFE781ED620AAD
:106810000020EBE700007A44024612B96FF0040052
:106820007047B1F57A7F02D30448814202D96FF0F4
:106830000400F5E7DC2081500020F1E7400D030063
:10684000014611B96FF004007047DFED0A0AB4EE9B
:10685000E00AF1EE10FA06D3DFED070AB4EEE00A23
:10686000F1EE10FA02DD6FF00400EDE781ED2F0A82
:106870000020E9E7CDCCCC3D00007042014611B9C3
:106880006FF004007047DFED0A0AB4EEE00AF1EEA3
:1068900010FA06D3F7EE000AB4EEE00AF1EE10FAB1
:1068A00002DD6FF00400EDE781ED390A0020E9E731
:1068B00017B7D138014611B96FF004007047B5EE33
:1068C000C00AF1EE10FA06D3F7EE000AB4EEE00AC1
:1068D000F1EE10FA02DD6FF00400EFE781ED5E0AE1
:1068E0000020EBE7024612B96FF00400704700BFCA
:1068F00011650020FAE70000014611B96FF00400AD
:106900007047DFED090AB4EEE00AF1EE10FA04D3A5
:10691000B5EEC00AF1EE10FA02DD6FF00400EFE709
:1069200081EDA50A0020EBE70000A0C210B5084CDD
:1069300034B1D4F8280418B1D4F82804006808B990
:10694000002010BDD4F82804016820468847F8E7E5
:1069500094010020014611B96FF004007047F74A16
:106960000868904202D04FF0FF30F7E700BF486C54
:106970000F2801D90120F1E7886C012801D90220F4
:10698000ECE7C86C012801D90320E7E700BFD1F884
:106990008000012801D91020E0E78420405818B178
:1069A00084204058802801D91120D7E788204058FA
:1069B000022801D91220D1E78C204058012801D9A2
:1069C0001320CBE791ED240ADFEDDD0AB4EEE00AF7
:1069D000F1EE10FA08D391ED240ADFEDDA0AB4EEF5
:1069E000E00AF1EE10FA01DD1420B7E791ED250A77
:1069F000DFEDD50AB4EEE00AF1EE10FA08D391ED1E
:106A0000250ADFEDD20AB4EEE00AF1EE10FA01DD5C
:106A10001520A3E791ED260ADFEDCB0AB4EEE00ADC
:106A2000F1EE10FA08D391ED260ADFEDC80AB4EEB4
:106A3000E00AF1EE10FA01DD16208FE791ED270A4A
:106A4000DFEDC30AB4EEE00AF1EE10FA08D391EDDF
:106A5000270AF7EE000AB4EEE00AF1EE10FA01DDC3
:106A600017207BE791ED280ADFEDB50AB4EEE00AC6
:106A7000F1EE10FA08D391ED280ADFEDB20AB4EE78
:106A8000E00AF1EE10FA01DD182067E791ED290A1E
:106A9000DFEDB00AB4EEE00AF1EE10FA08D391EDA2
:106AA000290AF7EE000AB4EEE00AF1EE10FA01DD71
:106AB000192053E791ED2A0AB5EEC00AF1EE10FA5B
:106AC00008D391ED2A0ADFEDA40AB4EEE00AF1EE54
:106AD00010FA01DD1A2041E791ED2B0AB5EEC00A4C
:106AE000F1EE10FA08D391ED2B0ADFED9C0AB4EE1B
:106AF000E00AF1EE10FA01DD1B202FE791ED2C0AE0
:106B0000F7EE000AB4EEE00AF1EE10FA08D391EDC8
:106B10002C0ADFED930AB4EEE00AF1EE10FA01DD83
:106B20001C201BE791ED2D0ADFED880AB4EEE00A88
:106B3000F1EE10FA08D391ED2D0AF7EE000AB4EE4B
:106B4000E00AF1EE10FA01DD1D2007E791ED2E0AB3
:106B5000DFED7E0AB4EEE00AF1EE10FA08D391ED13
:106B60002E0ADFED780AB4EEE00AF1EE10FA01DD4C
:106B70001E20F3E691ED2F0ADFED740AB4EEE00A71
:106B8000F1EE10FA08D391ED2F0ADFED760AB4EE9C
:106B9000E00AF1EE10FA01DD1F20DFE691ED300A88
:106BA000DFED6A0AB4EEE00AF1EE10FA08D391EDD7
:106BB000300ADFED690AB4EEE00AF1EE10FA01DD09
:106BC0002020CBE691ED310ADFED5E0AB4EEE00A5B
:106BD000F1EE10FA08D391ED310ADFED630AB4EE5D
:106BE000E00AF1EE10FA01DD2120B7E6C820405896
:106BF0000A2801D92220B1E6CC204058642804D3C9
:106C0000CC204058594A904201D92320A6E6D020F2
:106C10004058B0F1FF3F03DBD0204058012801DD90
:106C200024209BE691ED350ADFED510AB4EEE00A2F
:106C3000F1EE10FA08D391ED350ADFED4E0AB4EE0D
:106C4000E00AF1EE10FA01DD252087E691ED360A23
:106C5000DFED490AB4EEE00AF1EE10FA08D391ED47
:106C6000360ADFED460AB4EEE00AF1EE10FA01DD75
:106C7000262073E6DC204058B0F57A7F04D3DC2070
:106C800040583F4A904201D9272067E691ED380AE3
:106C9000DFED2C0AB4EEE00AF1EE10FA08D391ED24
:106CA000380ADFED380AB4EEE00AF1EE10FA01DD41
:106CB000282053E691ED390ADFED330AB4EEE00AFD
:106CC000F1EE10FA08D391ED390AF7EE000AB4EEAE
:106CD000E00AF1EE10FA01DD29203FE691ED3A0AD3
:106CE000F7EE000AB4EEE00AF1EE10FA08D391EDE7
:106CF0003A0ADFED1B0AB4EEE00AF1EE10FA01DD0C
:106D00002A202BE691ED400ADFED200AB4EEE00ADE
:106D1000F1EE10FA08D391ED400ADFED1D0AB4EE52
:106D2000E00AF1EE10FA01DD302017E64FF4827030
:106D30004058184A90422FD931200FE656524553F9
:106D40006F12833A00004842BD378635CDCCCC3D2A
:106D5000ACC5273795BFD6330000FA430000C842C0
:106D600000401C460000704200409C4680969800FF
:106D70000000B4C30000B443F90F49C0F90F494003
:106D8000400D030000409C4517B7D138560E49C14D
:106D9000560E4941FFE0F5054FF484704058B0F5B8
:106DA000006F01D33220D9E54FF48670405842F28B
:106DB0001072904205D34FF486704058FE4A9042BC
:106DC00001D93320CAE591ED440AB5EEC00AF1EECF
:106DD00010FA08D391ED440A5FED1E0AB4EEE00A02
:106DE000F1EE10FA01DD3420B8E54FF48A70405816
:106DF000012801D93520B1E54FF48C704058EF4A95
:106E0000904205D34FF48C704058EB4A904201D920
:106E10003620A3E54FF48E704058B0F5966F05D339
:106E20004FF48E704058E44A904201D9372095E5DE
:106E300091ED500AB5EEC00AF1EE10FA08D391EDCB
:106E4000500ADFEDDF0AB4EEE00AF1EE10FA01DDE0
:106E5000402083E591ED510AB5EEC00AF1EE10FA3B
:106E600008D391ED510ADFEDD70AB4EEE00AF1EE56
:106E700010FA01DD412071E591ED520AB5EEC00A2C
:106E8000F1EE10FA08D391ED520ADFEDCD0AB4EE1F
:106E9000E00AF1EE10FA01DD42205FE591ED530AC0
:106EA000B5EEC00AF1EE10FA08D391ED530ADFED0A
:106EB000C50AB4EEE00AF1EE10FA01DD43204DE51B
:106EC00091ED540AB5EEC00AF1EE10FA08D391ED37
:106ED000540ADFEDBB0AB4EEE00AF1EE10FA01DD70
:106EE00044203BE591ED550AB5EEC00AF1EE10FAEB
:106EF00008D391ED550AF1EE040AB4EEE00AF1EE82
:106F000010FA01DD452029E591ED560AB5EEC00ADB
:106F1000F1EE10FA08D391ED560AF3EE040AB4EE3E
:106F2000E00AF1EE10FA01DD462017E591ED570A6F
:106F30005FED7A0AB4EEE00AF1EE10FA08D391EDB3
:106F4000570ADFEDA10AB4EEE00AF1EE10FA01DD16
:106F5000472003E591ED580AB5EEC00AF1EE10FAAC
:106F600008D391ED580A5FED820AB4EEE00AF1EE23
:106F700010FA01DD4820F1E491ED590AB5EEC00A9E
:106F8000F1EE10FA08D391ED590ADFED8E0AB4EE56
:106F9000E00AF1EE10FA01DD4920DFE491ED5A0A32
:106FA000B5EEC00AF1EE10FA08D391ED5A0ADFED02
:106FB000840AB4EEE00AF1EE10FA01DD4A20CDE4D5
:106FC00091ED5B0AB5EEC00AF1EE10FA08D391ED2F
:106FD0005B0AF1EE040AB4EEE00AF1EE10FA01DD0C
:106FE0004B20BBE491ED5C0AB5EEC00AF1EE10FA5D
:106FF00008D391ED5C0AF1EE040AB4EEE00AF1EE7A
:1070000010FA01DD4C20A9E491ED5D0AB5EEC00A4D
:10701000F1EE10FA08D391ED5D0AF1EE040AB4EE38
:10702000E00AF1EE10FA01DD4D2097E491ED5E0AE1
:10703000B5EEC00AF1EE10FA08D391ED5E0AF7EE54
:10704000000AB4EEE00AF1EE10FA01DD4E2085E40C
:107050004FF4BE704058012801D94F207EE491EDD5
:10706000600AB5EEC00AF1EE10FA08D391ED600A9D
:107070005FEDC50AB4EEE00AF1EE10FA01DD502032
:107080006CE491ED610AB5EEC00AF1EE10FA08D396
:1070900091ED610A5FEDCE0AB4EEE00AF1EE10FA6E
:1070A00001DD51205AE491ED620AB5EEC00AF1EE1D
:1070B00010FA08D391ED620ADFED410AB4EEE00A5E
:1070C000F1EE10FA01DD522048E491ED630AB5EECD
:1070D000C00AF1EE10FA08D391ED630AF7EE000A48
:1070E000B4EEE00AF1EE10FA01DD532036E44FF47D
:1070F000C8704058012801D954202FE491ED650A49
:10710000B5EEC00AF1EE10FA08D391ED650ADFED95
:107110002F0AB4EEE00AF1EE10FA01DD55201DE46D
:1071200000BF91EDA00A5FEDF70AB4EEE00AF1EEC0
:1071300010FA08D391EDA00ADFED210AB4EEE00ABF
:10714000F1EE10FA01DD802008E491EDA10AF1EEE4
:10715000040AB4EEE00AF1EE10FA08D391EDA10AA8
:10716000DFED1B0AB4EEE00AF1EE10FA01DD81203A
:1071700006E491EDA20AB5EEC00AF1EE10FA08D3CA
:1071800091EDA20ADFED130AB4EEE00AF1EE10FA77
:1071900001DD822009E491EDA30AF3EE040AB4EEC6
:1071A000E00AF1EE10FA1CD391EDA30ADFED0A0A12
:1071B000B4EEE00A12E0000000127A00A08601009E
:1071C00000007A440050C347A4707D3F00247449F6
:1071D0000000F0420000704200001643F1EE10FA89
:1071E00001DD832015E491EDA40AF3EE040AB4EE68
:1071F000E00AF1EE10FA08D391EDA40ADFED860A59
:10720000B4EEE00AF1EE10FA01DD842015E491ED10
:10721000A50ADFED820AB4EEE00AF1EE10FA06D319
:1072200091EDA50AB5EEC00AF1EE10FA01DD852058
:1072300017E491EDA60AF7EE000AB4EEE00AF1EECB
:1072400010FA08D391EDA60ADFED750AB4EEE00A54
:10725000F1EE10FA01DD862017E44FF42770405854
:10726000012805DB4FF4277040586E4A904201DD3B
:1072700087200AE44FF4287040586B4A904204DBA0
:107280004FF428704058002801DD882011E44FF4A5
:1072900029704058002806DB4FF429704058624A94
:1072A0005242904201DD892015E400BF91EDC00AF1
:1072B000B5EEC00AF1EE10FA08D391EDC00ADFED89
:1072C0005B0AB4EEE00AF1EE10FA01DDA02014E44E
:1072D00091EDC10AB5EEC00AF1EE10FA08D391EDB6
:1072E000C10A5FED490AB4EEE00AF1EE10FA01DDE1
:1072F000A12016E491EDC20AB5EEC00AF1EE10FA33
:1073000008D391EDC20ADFED4A0AB4EEE00AF1EECD
:1073100010FA01DDA22004E491EDC30AB5EEC00A23
:10732000F1EE10FA08D391EDC30ADFED410AB4EE95
:10733000E00AF1EE10FA01DDA32006E491EDC40AA3
:10734000B5EEC00AF1EE10FA08D391EDC40ADFEDF4
:10735000370AB4EEE00AF1EE10FA01DDA42008E4E9
:1073600091EDC50AB5EEC00AF1EE10FA08D391ED21
:10737000C50ADFED2E0AB4EEE00AF1EE10FA01DDE7
:10738000A5200AE491EDC60AB5EEC00AF1EE10FAA6
:1073900008D391EDC60A5FED760AB4EEE00AF1EE8D
:1073A00010FA01DDA6200CE44FF447704058012884
:1073B00001D9A72005E44FF4487040580A2801D9A4
:1073C000A82012E491EDC90ADFED1A0AB4EEE00A32
:1073D000F1EE10FA08D391EDC90ADFED150AB4EE0B
:1073E000E00AF1EE10FA01DDA92004E491EDCA0AE9
:1073F000DFED110AB4EEE00AF1EE10FA08D391EDD8
:10740000CA0ADFED0E0AB4EEE00AF1EE10FA01DD71
:10741000AA2006E4002004E4000048430000A0C2C3
:1074200000409C4640420F00806967FF00401C46B8
:107430000000FA436F12833A560EC9C0560EC94077
:107440000EB50A4890ED0E0A8DED000A90ED0F0A78
:107450008DED010A90ED100A8DED020A9DED000AF6
:10746000DDED010A9DED021A0EBD0000400E002068
:10747000014890ED140A7047C809002010B5024673
:107480000D4902F2DC400478042C02D00478052C6B
:1074900001D1012400E00024234604788C70047A92
:1074A000CC7044780C710B700478052C01D1012448
:1074B00000E000244C7010BD70120020F0EE401A65
:1074C000F4EEE01AF1EE10FA02D2B0EE600A704764
:1074D000F4EEC11AF1EE10FA02DDB0EE410AF6E761
:1074E000B0EE610AF3E70000014601F15400032207
:1074F00080F83420022280F835200022027091EDBD
:107500000A0A80ED010A9FED020A80ED090A704720
:107510000000000070B52DED048B054605F1540404
:10752000032084F83400022084F8350028781138CC
:107530001F286DD2DFE800F02E2F30313233343582
:10754000363738101112132014156D6E6F46707B8C
:107550006C7C7D7E7F80810000BF00BF00BF00BFCC
:1075600000BF0620207095ED010A84ED010A95ED1B
:10757000090A84ED090A67E006202070052084F8D6
:10758000340095ED010A84ED010A95ED090A84EDB8
:10759000090A59E000BF00BF00BF00BF00BF00BF25
:1075A00000BF00BF00BF00BF06202070042084F889
:1075B000340095ED010A84ED010A9FED250A84ED62
:1075C000090A41E005202070062084F8350095ED79
:1075D000028A286DC1F713FBB1EE409A286DC1F7FE
:1075E0000EFBF0EE408AB4EEC98AF1EE10FA02D238
:1075F000B0EE490A09E0B4EEE88AF1EE10FA02DDD5
:10760000B0EE680A01E0B0EE480A84ED020A1BE021
:1076100000BF00BF00BF00BF0620207095ED010A2B
:1076200084ED010A9FED0A0A84ED090A0CE000BF0F
:1076300000BF00BF00BF00BF00BF0020207095ED5D
:107640000A0A84ED010A00BF00BFBDEC048B70BDC7
:107650000000000070B52DED048B0446266D04F18A
:107660005405304600F00FF9B0EE408A94ED010A5F
:10767000D4ED0A0A30EE600AB0EE409A94ED020AA8
:10768000D4ED0B0A30EE600AF0EE409A94ED060A53
:1076900020EE090AD4ED070A00EEA90AD4ED080A83
:1076A00030EE200AF0EE408A032085F834000220F4
:1076B00085F8350004202870B0EE680AB1EE481A4B
:1076C000F0EE480AB4EEC10AF1EE10FA02D2F0EE82
:1076D000411A09E0B4EEE00AF1EE10FA02DDF0EE34
:1076E000601A01E0F0EE401AC5ED031A9FED030A9F
:1076F00085ED080ABDEC048B70BD000000000000A1
:1077000070B52DED028B0446266D04F1540530460C
:1077100000F0BFF8B0EE408A032085F83400022064
:1077200085F8350001202870D4ED040AB0EE600A17
:10773000B0EE481AF1EE480AC1F7EDF885ED0A0AF5
:10774000D4ED030AB0EE600AB0EE481AF1EE480A32
:10775000C1F7E1F885ED0B0ABDEC028B70BD0000AE
:1077600070B52DED028B0446266D04F154053046AC
:1077700000F089F8B0EE408A032085F8340002203A
:1077800085F835000620287094ED010A85ED010A80
:107790009FED180A85ED090A2078072825D00828CA
:1077A00002D0092820D104E094ED020A85ED090AEF
:1077B0001CE094ED030AB1EE481AF0EE480AB4EE6C
:1077C000C10AF1EE10FA02D2F0EE411A09E0B4EE6D
:1077D000E00AF1EE10FA02DDF0EE601A01E0F0EEE0
:1077E000401AC5ED031A01E000BF00BF00BFBDECA9
:1077F000028B70BD0000000070B52DED028B0446B9
:10780000266D04F154053046C1F7F9F9B0EE408A0F
:10781000304600F038F8F0EE408A032085F8340056
:10782000022085F8350005202870D4ED020AB0EE5C
:10783000600AB0EE481AF1EE480AC1F781F885ED0A
:10784000020A94ED080A85ED080A20780A280BD16F
:10785000D4ED030AB0EE600AB0EE681AF1EE680AE1
:10786000C1F76EF885ED030ABDEC028B70BD90ED9B
:107870002C0A704790ED2B0A704790ED090A70476B
:107880000146481C704790ED120A704790ED3C0A83
:10789000704790ED0F0A704790ED380A704790EDF1
:1078A0003A0A7047024612B96FF004007047B1F10E
:1078B000FF3F01DB012902DD6FF00400F6E77020D5
:1078C00081540020F2E70000014611B96FF0040076
:1078D0007047DFED0A0AB4EEE00AF1EE10FA06D3C3
:1078E000DFED070AB4EEE00AF1EE10FA02DD6FF008
:1078F0000400EDE781ED1D0A0020E9E70000B4C3B4
:107900000000B443014611B96FF004007047DFED89
:107910000A0AB4EEE00AF1EE10FA06D3DFED070A28
:10792000B4EEE00AF1EE10FA02DD6FF00400EDE7CC
:1079300081ED060A0020E9E7ACC527370AD7233CCA
:10794000024612B96FF0040070471F2902DD6FF084
:107950000400F9E711700020F6E7024612B96FF053
:1079600004007047012901DB402902DD6FF00400AB
:10797000F7E7282081540020F3E70000014611B901
:107980006FF004007047DFED0A0AB4EEE00AF1EE92
:1079900010FA06D3F2EE040AB4EEE00AF1EE10FAA1
:1079A00002DD6FF00400EDE781ED050A0020E9E754
:1079B0006F12833A70B52DED048B8CB00646B0EE95
:1079C000409AB0EE608AF0EE418A2EB94FF0FF3057
:1079D0000CB0BDEC048B70BD06AA09A9B0EE490A33
:1079E0003046C1F7A3FF05460DB12846F0E703A9CD
:1079F000B0EE480A304600F05BF805460DB1284667
:107A0000E6E76946B0EE680A304600F02DF8054614
:107A10000DB12846DCE706F5A0749DED090A84ED5A
:107A2000000A9DED0A0A84ED010A9DED060A84ED27
:107A3000020A9DED070A84ED030A9DED080A84ED14
:107A4000040A9DED030A84ED080A9DED040A84ED05
:107A5000090A9DED050A84ED0A0A9DED000A84EDF0
:107A6000100A0020B4E70000024602B111B94FF03D
:107A7000FF307047B5EEC00AF1EE10FA03D8F3EE0E
:107A8000040AB0EE600ADFED080A60EE200AC1EDDC
:107A9000000ADFED060AC1ED010ADFED040AC1EDBF
:107AA000020A0020E5E70000DB0FC94000000000EB
:107AB00070B52DED048B0446F0EE409A0D4604B1EE
:107AC00025B94FF0FF30BDEC048B70BD2046BCF7EC
:107AD0003FFC10B96FF00100F5E794ED299A94EDA1
:107AE000288A9FED1D0AB4EEC09AF1EE10FA06D373
:107AF0009FED1A0AB4EEC08AF1EE10FA02D26FF0CE
:107B00000100E0E7F5EEC09AF1EE10FA03D89FED20
:107B1000140AF0EE409A9FED130A69EE808A29EE6E
:107B2000280AC0EE080AC5ED000A29EE280A20EE50
:107B3000280AF1EE000A68EE200A80EE201A85ED90
:107B4000011A94ED300AF6EE000A20EE200A85EDC7
:107B5000020A0020B7E7000095BFD6330AD7233CBE
:107B60000000C842DB0FC94070B586B004460E461F
:107B700004B10EB906B070BD06F5A0752846BDF774
:107B80005DFDB8B101204949087095ED000A84ED0A
:107B90002B0A95ED010A84ED2C0A95ED020A84ED7D
:107BA0002D0A95ED030A84ED2E0A95ED040A84ED65
:107BB0002F0A23E06A4603A99FED3D0A3046C1F72C
:107BC000B5FEB8B90220394908709DED030A84ED6D
:107BD0002B0A9DED040A84ED2C0A9DED000A84ED2C
:107BE0002D0A9DED010A84ED2E0A9DED020A84ED19
:107BF0002F0A02E000202D49087000BF2846FDF73B
:107C00006BF978B101202949487095ED080A84ED97
:107C1000370A95ED090A84ED380A95ED0A0A84EDD4
:107C2000390A1AE003A99FED220A3046FFF740FF08
:107C300078B902201D4948709DED030A84ED370A8A
:107C40009DED040A84ED380A9DED050A84ED390A9C
:107C500002E000201549487000BF2846BDF73EFDF0
:107C600058B101201149887095ED100A84ED3C0A45
:107C700095ED120A84ED3D0A16E003A99FED0C0A6A
:107C80003046FFF7F1FE58B90220084988709DED93
:107C9000030A84ED3C0A9DED050A84ED3D0A02E0ED
:107CA00000200249887000BF00BF63E7B8000020D1
:107CB0000000000070B52DED048B06460C46B0EEBA
:107CC000408AF0EE608AB0EE419AF0EE619A20466A
:107CD00000F016F8054625B99FED080ABDEC048BA7
:107CE00070BDF0EE691AB0EE491AF0EE680AB0EE17
:107CF000480A29463046C2F7F7FAEFE700000000CD
:107D00000146082901DB0020704701EB410000EB30
:107D1000C100024A02EB8000F6E70000B01000202C
:107D200070B505460D480560002411E004EB4402DF
:107D300002EBC4020A4B03EB820104EB440202EBA8
:107D4000C402084B03EB82002C22F8F73CFA641CB7
:107D5000082CEBDB2846C1F745FF70BDBC000020B6
:107D60005CB40408B010002070B52DED048B0546FE
:107D70000E46B0EE408AB0EE609A3046FFF7C0FF84
:107D800004462846C2F784FB14B9BDEC048B70BDD1
:107D9000F0EE488A94ED040AB4EEE80AF1EE10FA27
:107DA00004D294ED040AF0EE408A0EE094ED040A49
:107DB000B1EE400AB4EEE80AF1EE10FA05DD94EDFA
:107DC000040AB1EE400AF0EE408AC5ED008A85ED66
:107DD000028A85ED039A00BFD7E710B50446204616
:107DE000C2F756FB10BD000038B503460C46082B01
:107DF00000DA12B94FF0FF3038BD03EB430000EB5F
:107E0000C3001F4D05EB8001082C32D2DFE804F0DF
:107E100031040B121920272E106800909DED000AE6
:107E200081ED000A28E0106800909DED000A81EDC8
:107E3000010A21E0106800909DED000A81ED020A20
:107E40001AE0106800909DED000A81ED030A13E02E
:107E5000106800909DED000A81ED040A0CE01068A6
:107E600000909DED000A81ED050A05E0106888612B
:107E700002E04FF0FF30BFE700BF0020BCE700008A
:107E8000B01000200146084600B9704784221258FD
:107E900012B907238422135090ED240AB5EEC00ACC
:107EA000F1EE10FA03D19FED210A80ED240A90ED46
:107EB000250AB5EEC00AF1EE10FA03D19FED1C0AB7
:107EC00080ED250A90ED260AB5EEC00AF1EE10FA13
:107ED00003D19FED170A80ED260A90ED270AB5EE33
:107EE000C00AF1EE10FA03D19FED120A80ED270AC5
:107EF00090ED280AB5EEC00AF1EE10FA03D19FED1D
:107F00000E0A80ED280A90ED290AB5EEC00AF1EEBE
:107F100010FA03D19FED090A80ED290AD0221258E8
:107F200012B90123D022135000BFAEE76666664047
:107F300052499D3B0AD7A33C3D0A573EACC5273763
:107F40000146084600B970470723842213509FED6D
:107F50000F0A80ED240A9FED0E0A80ED250A9FEDA1
:107F60000C0A80ED260A9FED0B0A80ED270A9FED93
:107F70000A0A80ED280A9FED090A80ED290A0123EB
:107F8000D02213500122026400BFDCE7666666401F
:107F900052499D3B0AD7A33C3D0A573EACC5273703
:107FA0000175704780F8601170472DE9F041054672
:107FB0000C461CB94FF0FF30BDE8F08195F8240461
:107FC00010B96FF00200F7E780232246002128460F
:107FD0002F6AB847064616B16FF00100ECE720465D
:107FE000C1F724FFE8E7F0B5ADF2044D04460D46B5
:107FF00025B94FF0FF300DF2044DF0BD94F8240484
:1080000010B96FF00200F6E72846FEF7A3FC4FF424
:108010008062294601A8F8F7D6F8002003904FF4B3
:10802000806101A801F0ECFE0390802301AA0021E9
:108030002046E769B84706460EB90020DBE76FF037
:108040000100D8E7014688697047000070B5044612
:108050000D4604B105B970BD38212046B8F7A7F820
:10806000142229462046F8F7AEF80548A0620548D4
:10807000E062054820630548606300BFEBE700004D
:1080800071810408F18104086D9E00084580040890
:1080900070B52DED048B0446F0EE408AA08908B13E
:1080A000A08901E04FF47A700546A08CA8420DDA51
:1080B000A08C401CA0849FED2B0A28EE800A84ED42
:1080C000080A9FED290ABDEC048B70BD206910B130
:1080D0002069804701E09FED240AF0EE409A9FED71
:1080E000210AB0EE698A18EE808A9FED200AB4EE6C
:1080F000C08AF1EE10FA04DB9FED1C0A38EE400A4C
:108100000BE0B5EEC08AF1EE10FA04D29FED170A2B
:1081100038EE000A01E0B0EE480AB0EE408AD4ED35
:10812000080A78EE600AB0EE600A01F0B5FFB0EE22
:10813000409A94ED050A30EE090A84ED050A94EDA3
:10814000050ADFED0A0A80EE201ABDEEC10A84EDB1
:10815000060A84ED088A94ED050A84ED070A94ED79
:10816000050AB0E735FA8E3C00000000DB0FC9407D
:1081700070B506460C4615460EB104B115B99FED13
:108180001B0A70BD307840B3012825D0022802D0E8
:10819000032820D10FE0022D05D32A462146304680
:1081A000C1F768FEEDE7D4ED000AB0EE600A304694
:1081B000FFF76EFFE5E7022D05D32A46214630463C
:1081C000C1F758FEDDE7D4ED000AB0EE600A304694
:1081D000FFF75EFFD5E700BF00BFD4ED000AB0EEA9
:1081E000600A3046FFF754FFCBE7000000000000B4
:1081F00031B52DED020B0446012269462046FFF7FA
:10820000B7FF3EBD10B52DED028BF0EE408ADFEDDD
:108210000B0AB0EE680AFAF7D9FCB0EE408AB5EE68
:10822000C08AF1EE10FA04DBB0EE480ABDEC028B16
:1082300010BD9FED020A38EE000AF7E70000B443D4
:1082400070B504460D460848006858B106480068F5
:10825000D0F81C0530B1044800682946D0F81C2528
:108260002046904770BD00001800002070B50446FD
:1082700025460DB1294600E00121084601F07AFEAD
:10828000002070BD10B5C3F70BFB002010BD00002F
:10829000F8B506460C46002000900EB98020F8BDC7
:1082A0000025601C08B96D1E03E014B1254605B910
:1082B0000125FDF7B6FC98B16A460021304602F070
:1082C00060F8012801D0FF20E9E7009880B14FF065
:1082D000805008490860BFF34F8FBFF36F8F07E0EE
:1082E00029463046C3F718FE012801D0FF20D6E703
:1082F0000020D4E704ED00E07FB504460D46606938
:1083000098B1A06988B1B4F90800BDF77DFF0646B1
:10831000D4E90510CDE9006102902B462269D4E929
:108320000010C3F707FF039013E0B4F90800BDF78E
:108330006BFF064603A8CDE90060238A9AB22B465C
:10834000D4E90010C3F7C4FE012802D0002004B015
:1083500070BD0398FBE70000B5EEC00AF1EE10FA1D
:1083600003D8DFED0F1AB0EE610AF5EEC00AF1EEA8
:1083700010FA03D8F7EE001AF0EE610ADFED091AE1
:1083800020EE211AF0EE001A60EEA11A61EE811AB9
:10839000C0ED6E1A61EE011AC0ED6F1A7047000051
:1083A00000004842DB0FC94002207047022070479E
:1083B0000220704770B52DED028BFBF749FA064697
:1083C00035686648007930B1012827D0022842D0AC
:1083D000032870D1ABE0294660481830BBF70AFE8D
:1083E0002846FBF789F85D4880ED050A9FED5C1A89
:1083F000DFED5C0A9FED5A0A1830FAF7D1FF002032
:10840000BBF736FF01215548001DFBF7DFFA0120BD
:10841000BBF72EFF0120BDEC028B70BD9FED501A03
:10842000DFED500A9FED4E0A4C481830FAF7B8FFBE
:1084300042F210714948001DBBF744FF08B101200A
:10844000E9E702214548001DFBF7C0FA0220BBF70F
:108450000FFF0120DFE72846FBF74EF8F0EE408AD9
:108460003E4890ED050A38EEC00AB0EE408A9FED16
:108470003E0AB4EEC08AF1EE10FA06DD9FED3B0A2B
:1084800038EE400AB0EE408A0CE09FED390AB4EEB7
:10849000C08AF1EE10FA05D29FED340A38EE000AD8
:1084A000B0EE408AB7EE000AB4EEC08AF1EE10FAE0
:1084B00002DD012413E048E0BFEE000AB4EEC08AFA
:1084C000F1EE10FA02D24FF0FF3408E00520BBF7BE
:1084D000C9FE22481830FAF7F7FF03209BE7204631
:1084E000012801D0411C09B9012100E0002141B956
:1084F0000220BBF7B7FE19481830FAF7E5FF032052
:1085000089E7214605F11C006A6B90472146706897
:10851000FFF7C8F92046BDF79FFE03210F48001D55
:10852000FBF754FA0320BBF7A3FE012073E70B48C7
:108530001830FAF7C9FF02210320BBF773FE074882
:10854000001DFBF747FA022065E70120BBF78AFE12
:1085500002481830FAF7B8FF03205CE78C100020BF
:10856000000000000916A73F000034430000B44398
:10857000000034C370B52DED088BFBF769F9054693
:108580002C688248007930B101281FD0022840D0E1
:1085900003287CD1AEE07D484461002181619FEDDC
:1085A0007C0A80ED070A9FED7B0A80ED0D0A002012
:1085B000BBF75EFE01217548001DBBF772FE01206E
:1085C000BBF756FE0120BDEC088B70BD94ED140A7C
:1085D000B0EE408A6D4890ED0D0AF0EE400AB0EE24
:1085E000481A9FED6B0A1430FAF7DAFE44F6206160
:1085F0006648001DFBF7FAF908B10120E3E7022104
:108600006248001DBBF74DFE0220BBF731FE012082
:10861000D9E794ED140AB0EE40AA5C4890ED0D0A3B
:10862000F0EE400AB0EE4A1A9FED590A1430FAF7FC
:10863000B7FE04F56D70D4F83C14884704F56D70EE
:10864000D4F84014884794EDF60AB0EE409A94EDC1
:10865000620AF0EE40AA6868C0F7D7FA09EE900AFD
:10866000B8EE690A2AEE800AB0EE408A18EE100AC7
:10867000FAF74EFA70B3B0EEC80AF7EE000AB4EE9D
:10868000E00AF1EE10FA25DD19EE100A00E075E0BF
:10869000FAF73EFAF0B16868C0F7BEFAB0EE40BA39
:1086A0003A4890ED0D0A0BEE490AC0EE080AF0EECA
:1086B000608A18EE900AFAF72BFA50B1F5EEC08AEC
:1086C000F1EE10FA05DDB0EE680A3048001DBBF788
:1086D000D5FD00BF2D48C068C82801D2012072E72F
:1086E00003212A48001DBBF7DCFD0320BBF7C0FDBA
:1086F000012068E72046BBF770FC2448C06820B919
:108700000420BBF7AFFD03205DE72048001DBBF749
:10871000BFFDF0EE408A18EE900A08EE100A18EE3F
:10872000100AFAF7F5F978B19FED1B0AB4EEC08A8A
:10873000F1EE10FA08DB9FED190AB4EEC08AF1EEF3
:1087400010FA01D8012000E0002020B90220BBF778
:1087500089FD032037E7B0EE680A6868C0F7DCFAE5
:10876000B0EE680AFDF753FC06210220BBF75AFD64
:108770000648001DBBF79AFD022024E70120BBF745
:1087800071FD2046BBF729FC03201CE75010002098
:10879000000000007CF250406F12833B8FC2753D99
:1087A0000220704770B52DED068BFBF751F805469A
:1087B0002C6895ED020AF0EE409A7A48007920B1D3
:1087C000012835D002287CD196E021467548143026
:1087D000BBF710FC9FED740A724880ED0D0A90ED16
:1087E0000D0AF0EE400A9FED711A9FED700A1430E9
:1087F000FAF7D6FD04F56D70D4F83C14884704F5FB
:108800006D70D4F84014884794EDF60A654880ED01
:10881000080A0020BBF72CFD01216248001DBBF7B0
:1088200040FD0120BBF724FD0120BDEC068B70BD8F
:108830005C4890ED0D0AF0EE400A9FED5C1A9FED4A
:108840005B0A1430FAF7ACFD04F56D70D4F83C14F3
:10885000884704F56D70D4F84014884794EDF60A03
:10886000B0EE408A4F4890ED080A38EE400AC0EE5C
:10887000290AF0EE608A80ED088A18EE900AFAF76D
:1088800047F948B3B0EEE80AF7EE000AB4EEE00AA2
:10889000F1EE10FA20DD6868C0F7BEF9B0EE40AA2C
:1088A000404890ED0D0A0AEE480AC0EE280AB0EEE4
:1088B000609A19EE100AFAF72BF960B1B5EEC09A7A
:1088C00000E066E0F1EE10FA05DDB0EE490A354849
:1088D000001DBBF7D3FC00BF3248C0681E2801D280
:1088E0000120A2E702212F48001DBBF7DAFC02207D
:1088F000BBF7BEFC012098E72A48C06840B90420B5
:10890000BBF7B0FC27481430FAF7DEFD03208CE7F4
:108910002448001DBBF7BCFCF0EE408A18EE900A1C
:1089200008EE100A18EE100AFAF7F2F878B19FED87
:10893000200AB4EEC08AF1EE10FA08DB9FED1D0AA2
:10894000B4EEC08AF1EE10FA01D8012000E0002058
:1089500040B90220BBF786FC12481430FAF7B4FD88
:10896000032062E7B0EE680A6868C0F7F3F9B0EE7A
:10897000680AFDF760FB0B481430FAF7A5FD0521E6
:108980000220BBF74FFC0748001DBBF78FFC0220FD
:108990004BE70120BBF766FC02481430FAF794FD60
:1089A000032042E750100020BF261B4000000000BB
:1089B00083A87B3AFBED6B3C022070470220704796
:1089C00070B52DED028BFAF743FF05462C6863481E
:1089D0000079052875D2DFE800F003213E577500C5
:1089E00021465E481430BBF705FB9FED5D1ADFEDB5
:1089F0005C0A9FED5C0A59481430FAF7D1FC00205C
:108A0000BBF736FC01215548001DBBF74AFC01208D
:108A1000BBF72EFC0120BDEC028B70BD9FED501A00
:108A2000DFED4F0A9FED4F0A4C481430FAF7B8FCBF
:108A300042F210714948001DFAF7D8FF08B1012031
:108A4000E9E702214548001DBBF72BFC0220BBF7DC
:108A50000FFC0120DFE72046FAF74EFD3F4880ED8E
:108A6000090A9FED411ADFED3E0A9FED3E0A1430E0
:108A7000FAF796FC03213948001DBBF712FC0320CE
:108A8000BBF7F6FB0120C6E79FED371ADFED340A8E
:108A90009FED340A31481430FAF782FC41F28831F4
:108AA0002E48001DFAF7A2FF08B10120B3E7042108
:108AB0002A48001DBBF7F5FB0420BBF7D9FB0120BA
:108AC000A9E742E02046FAF717FDF0EE408A234876
:108AD00090ED090A38EEC00AB0EE408A9FED230AF5
:108AE000B4EEC08AF1EE10FA06DD9FED210A38EEF1
:108AF000400AB0EE408A0CE09FED1E0AB4EEC08A38
:108B0000F1EE10FA05D29FED1A0A38EE000AB0EE27
:108B1000408A12481430FAF7D7FCB0EEC80AF1EEDA
:108B2000040AB4EEE00AF1EE10FA04D20520BBF715
:108B300099FB03206FE701210220BBF773FB074875
:108B4000001DBBF7B3FB022065E70120BBF78AFBE2
:108B500002481430FAF7B8FC03205CE750100020FC
:108B600000000000C4B1EE3F920A0640000034430A
:108B70000000B443000034C370B52DED028BFAF74A
:108B800067FE05462E688748007905287DD2DFE814
:108B900000F00327465DB800314682481430BBF729
:108BA00029FA9FED810A7F4880ED0A0A90ED0A0AB2
:108BB000B0EE401ADFED7C0A9FED7C0A1430FAF724
:108BC000EFFB0020BBF754FB01217648001DBBF7EB
:108BD00068FB0120BBF74CFB0120BDEC028B70BD94
:108BE000704890ED0A0AB0EE401ADFED6F0A9FED73
:108BF0006F0A1430FAF7D4FB42F210716948001D75
:108C0000FAF7F4FE08B10120E7E702216548001DEC
:108C1000BBF747FB0220BBF72BFB0120DDE730460B
:108C2000FAF76AFC5F4880ED090A90ED090A80EDC9
:108C30000C0A9FED5D0A80ED0B0A0321001DBBF7B6
:108C400030FB0320BBF714FB0120C6E7554890ED2D
:108C50000A0ADFED570A30EE200A80ED0A0A90ED8D
:108C60000A0AB0EE401ADFED500A9FED500A1430A8
:108C7000FAF796FB3046FAF73FFCF0EE408A494897
:108C800090ED0C0A38EEC00A00E081E0B0EE408AB8
:108C90009FED480AB4EEC08AF1EE10FA06DD9FEDB2
:108CA000460A38EE400AB0EE408A0CE09FED430AD7
:108CB000B4EEC08AF1EE10FA05D29FED3F0A38EE0D
:108CC000000AB0EE408A374890ED0B0A30EE080AF1
:108CD00080ED0B0AC0ED0C8A90ED0A0ADFED380A30
:108CE000B4EEE00AF1EE10FA01D2012075E704219A
:108CF0002C48001DBBF7D5FA0420BBF7B9FA0120B8
:108D00006BE728481430FAF7DFFB264890ED0B0A92
:108D1000B0EEC00ADFED2B0A20EE200AB0EE408A4A
:108D20009FED290AB4EEC08AF1EE10FA04D20520B4
:108D3000BBF798FA032050E79FED210AC0EE088A9E
:108D4000B6EE000A38EE800ABCEEC00A10EE100A39
:108D5000C4B22046012803DB0E2801DC012100E01B
:108D6000002121B90220BBF77DFA032035E7214617
:108D70006868FEF7F2FD2046BDF790FA022108462A
:108D8000BBF750FA0748001DBBF790FA022024E712
:108D90000120BBF767FA03481430FAF795FB03206C
:108DA0001BE700005010002000000000C4B1EE3F9F
:108DB000BEB5A43A000034430000B443000034C3FD
:108DC000DB0F494235FA8E3CCDCCCC3D70B52DED54
:108DD000068BFAF73DFD05462C68B8480079052852
:108DE00076D2DFE800F0032746A9C8002146B34841
:108DF0001430BBF7FFF89FEDB20AB04880ED0D0AC2
:108E0000D0ED0D0AB0EE600A9FEDAE1ADFEDAD0AAF
:108E10001430FAF7C5FA0020BBF72AFA0121A74857
:108E2000001DBBF73EFA0120BBF722FA0120BDEC82
:108E3000068B70BDA148D0ED0D0AB0EE600A9FED23
:108E4000A11ADFEDA00A1430FAF7AAFA42F2107163
:108E50009A48001DFAF7CAFD08B10120E7E7022190
:108E60009648001DBBF71DFA0220BBF701FA01204E
:108E7000DDE79248D0ED0D0AB0EE600A9FED911A41
:108E8000DFED900A1430FAF78BFA04F56D70D4F820
:108E90003C14884704F56D70D4F84014884794ED6D
:108EA000F50AB0EE408A18EE100AF9F731FE30B13B
:108EB0009FED850AB4EEC08AF1EE10FA09D20420C3
:108EC000BBF7D0F97D481430FAF7FEFA0320AEE77D
:108ED000EAE0B0EE480A7948001DBBF7CFF97748C1
:108EE000C068B0F5FA7F01D20120A0E77348001DE9
:108EF000BBF7CEF9714880ED0E0A0021C1609FEDED
:108F0000710A80ED040A9FED710A80ED0D0AD0ED23
:108F10000D0AB0EE600A9FED6B1ADFED6A0A14309D
:108F2000FAF73EFA03216548001DBBF7BAF90320A2
:108F3000BBF79EF901207AE76048D0ED0D0AB0EE4C
:108F4000600A9FED601ADFED5F0A1430FAF728FA25
:108F500042F210715948001DFAF748FD08B101208E
:108F600065E704215548001DBBF79BF90420BBF7BA
:108F70007FF901205BE75148D0ED0D0AB0EE600AA1
:108F80009FED501ADFED4F0A1430FAF709FA04F595
:108F90006D70D4F83C14884704F56D70D4F8401413
:108FA000884794EDF50AF0EE409A19EE900AF9F729
:108FB000AFFD30B19FED440AF4EEC09AF1EE10FA25
:108FC00008D20420BBF74EF93C481430FAF77CFA7B
:108FD00003202CE7B0EE690A3848001DBBF74EF9B4
:108FE0003648C068B0F5FA7F01D201201FE7334848
:108FF000001DBBF74DF9B0EE40AA304890ED0E0AC7
:109000007AEE408ADFED32AA18EE900AF9F780FD79
:1090100030B19FED2D0AF4EEC08AF1EE10FA08D2BD
:109020000420BBF71FF925481430FAF74DFA032046
:10903000FDE68AEEA89AB0EE498A18EE100AF9F712
:1090400067FD78B19FED230AB4EEC08AF1EE10FA05
:1090500008DB9FED210AB4EEC08AF1EE10FA01D8C8
:10906000012000E0002040B90220BBF7FBF81348C4
:109070001430FAF729FA0320D9E6B0EE490A6868F5
:10908000FEF77CFCB0EE490ABDF716F90B48143028
:10909000FAF71AFA03210220BBF7C4F80748001DAB
:1090A000BBF704F90220C2E60120BBF7DBF8034856
:1090B0001430FAF709FA0320B9E600005010002036
:1090C0009DF43E3F000000006F12833AC4B1EE3FB2
:1090D00076378F3FEB51B83E0000104202207047B8
:1090E0000220704770B504460D46FF2D00DB70BDB1
:1090F000032D05D1657001212046C1F7FFFFF6E77A
:109100002078022807D1B02D04D1657003212046B4
:10911000C1F7F4FFEBE72078012807D1B02D04D187
:10912000657003212046C1F7E9FFE0E7942D53D095
:1091300011DC902D4CD007DCF5B1042D2AD0052D83
:109140001BD0062D6AD12EE0912D42D0922D41D018
:10915000932D63D13FE0982D5BD006DC952D3CD05C
:10916000962D3BD0972D59D152E0B22D27D0B32D5B
:1091700050D0B42D52D14FE000BF2078052803D144
:1091800004212046C1F7BAFF03212046C1F7B6FFEC
:109190006570ACE704212046C1F7B0FF20780428B1
:1091A00000D16570A3E72078052803D1042120466B
:1091B000C1F7A4FF2078042800D1657097E7082143
:1091C0002046C1F79BFF2078082800D165708EE704
:1091D00000BF00BF00BF00BF00BF00BF2078032852
:1091E00002D0207804280BD106212046C1F786FF43
:1091F0002078062801D1657009E0BAF7E1FF06E0A2
:109200002078062801D1657001E0BAF7D9FF6EE732
:1092100000BF6CE765706AE7657068E700BF00BF74
:10922000207804281CD105212046C1F767FF144887
:10923000465D002184F85C1094ED0C0A84ED180A58
:109240009FED100A84ED190A9FED0E0A84ED1A0AAB
:109250000D48314602682046C1F74BFE65700CE0B0
:109260002078052809D10648465D0748314602683E
:109270002046C1F73EFE657000BF00BF37E7000023
:1092800000AA040800000000000000202DE9F041C1
:1092900005460E461C4807681C480068001D00F083
:1092A000CBFD50B91948006890F82C100120884077
:1092B00017490968814316480160681C38B936B1FE
:1092C00012480168091D134800F0CBFD1AE07C1913
:1092D0000E4800684460BC4207D20C480168091D72
:1092E0000D480068C2F7B3F90CE008480168091D91
:1092F0000A480068C2F7ABF909480068844201D205
:1093000007480460BDE8F081200100200C01002026
:10931000240100208C2E00201401002010010020C8
:109320003C01002010B5044694F8510030B9206B80
:1093300000F0CEFD204600F0CBFD1AE094F851007D
:10934000012803D1204600F0C3FD12E094F851003B
:10935000022801D1012000E0002050B900BF5020B8
:1093600080F31188BFF34F8FBFF36F8F00BF00BF33
:10937000FEE710BD01464A6A22B10A6B1268C2F1CB
:10938000070000E00020704770B5054600F076FD4C
:10939000A86B08B9012400E00024C2F773F9204645
:1093A00070BD00000A490968096809B9012100E097
:1093B000002121B14FF0FF31064A116006E0044957
:1093C0000968C968C868034A4168116070470000AD
:1093D000100100203C0100200E480068401C08B924
:1093E000012000E0002050B900BF502080F3118818
:1093F000BFF34F8FBFF36F8F00BF00BFFEE700BF0B
:10940000502080F31188BFF34F8FBFF36F8F00BFE1
:1094100000BFFEE76801002070B5044600F02EFD95
:1094200094F9455010E0606A08B9012000E000207E
:1094300038B904F12400C2F73FFF18B1C2F79CF914
:1094400000E003E0681E45B2002DECDC00BFFF2009
:1094500084F84500C2F716F900F010FD94F9445065
:1094600010E0206908B9012000E0002048B904F1AB
:109470001000C2F721FF08B1C2F77EF9681E45B29D
:1094800000E001E0002DECDC00BFFF2084F8440088
:10949000C2F7F8F870BD91ED010A80ED000A91ED78
:1094A000020A80ED010A91ED030A80ED020A91EDB6
:1094B000040A80ED030A91ED050A80ED040A91ED9E
:1094C000080A80ED050A91ED090A80ED060A91ED82
:1094D0000A0A80ED090A91ED0B0A80ED0A0A91ED66
:1094E000060A80ED0B0A91ED070A80ED0C0A91ED5A
:1094F000120A80ED0D0A91ED130A80ED0E0A91ED2E
:10950000140A80ED0F0A704770B504460D461646E2
:1095100095ED020ADFED110A20EE200A84ED000A23
:1095200095ED040A84ED010A96ED080A84ED020A1D
:109530003046716B8847E0603046316B884784ED78
:10954000040A95ED520A84ED050A95ED520A84ED60
:10955000060A95ED570A84ED070A70BD35FA8E3C70
:1095600010B591ED090AD3ED090A20EE200AD3EDDA
:10957000170A20EE200A80ED200A90ED200AD2ED95
:10958000520A20EE200A80ED1F0A10BD001F4FF086
:1095900080730360001F21F001030360001F054B6F
:1095A000036014380260001F6FF00203036020386C
:1095B00070470000D99304082DE9F0412DED068B8A
:1095C00005460E461446B0EE408AB5EEC08AF1EE6E
:1095D00010FA04D80020BDEC068BBDE8F081DFED69
:1095E0005C8A94ED080AB5EEC00AF1EE10FA19DDB6
:1095F000D5ED010A96ED011A70EEC10AB0EE600ACF
:10960000C1F76AFCD4ED080A60EE880A80EE201AE1
:10961000B0EE419AB4EEE89AF1EE10FA01DDF0EE08
:10962000498A00BF94ED090AB5EEC00AF1EE10FABE
:1096300019DDD5ED020A96ED021A70EEC10AB0EE00
:10964000600AC1F749FCD4ED090A60EE880A80EE91
:10965000201AB0EE419AB4EEE89AF1EE10FA01DD6C
:10966000F0EE498A00BF94ED0A0AB5EEC00AF1EEA9
:1096700010FA19DDD5ED030A96ED031A70EEC10A52
:10968000B0EE600AC1F728FCD4ED0A0A60EE880A41
:1096900080EE201AB0EE419AB4EEE89AF1EE10FA9C
:1096A00001DDF0EE498A00BF94ED0B0AB5EEC00A69
:1096B000F1EE10FA37DDD5ED040A96ED041A70EEDE
:1096C000C10AB0EE600AC1F707FCD4ED0B0A60EEE8
:1096D000880A80EE201AF0EE419AD5ED050A96ED43
:1096E000051A70EEC10AB0EE600AC1F7F5FBD4EDC1
:1096F0000B0A60EE880A80EE201AB0EE41AAF4EE62
:10970000CA9AF1EE10FA02DDB0EE690A01E0B0EE9D
:109710004A0AB0EE409AB4EEE89AF1EE10FA01DD92
:10972000F0EE498A00BFF5EEC08AF1EE10FA01D8DA
:10973000002050E79FED070A38EE800ABCEEC00A11
:1097400010EE107A0FB9012045E7384643E70000D4
:109750000000000077BE7F3F012101704FF4FA71D5
:1097600041609FED140A80ED020AB7EE000A80ED19
:10977000030A9FED100A80ED040AB6EE000A80EDA0
:10978000050AB7EE000A80ED060A9FED0A0A80ED91
:10979000070A9FED090A80ED080A9FED080A80ED8F
:1097A000090AB3EE040A80ED0A0A9FED050A80ED6E
:1097B0000B0A7047CDCCCC3D000048420000FA4374
:1097C0000000C8420146C81E07280CD2DFE800F09E
:1097D00009080B070405060000BF00BF00BF00BF5B
:1097E00000BF012070470020FCE737B504460D4656
:1097F000012302AA2946204600F012F800203EBDAF
:10980000F8B506460D4614468DF800508DF8014017
:1098100002236A46FE21304600F002F82046F8BDD9
:109820002DE9F04105460F4616461C46B4F5807FEB
:1098300001DD4FF480746F7136B1002C04DD2246D7
:109840003146A81DF6F7BFFC601CA5F80601BDE86F
:10985000F08109B9012200E00A464260704701B573
:109860009DF8010008B1012008BD0020FCE770B59B
:109870002DED028B04460D461646B0EE408A4FF49D
:1098800092712046B6F793FCB0EE480A314604F1D7
:109890000800FCF75BFBB0EE480A31462846BAF7F1
:1098A000A9FCB0EE480A04F1A00000F031F8002055
:1098B00020706070606003212046C1F71FFCBDEC82
:1098C000028B70BD0246092901DA092A01DB00205A
:1098D0007047022901D0012901D10120F8E702EBEC
:1098E000C200024B1844405CF2E70000FFAA0408E3
:1098F00002210170B7EE000A80ED110A704710B521
:10990000044648212046B6F752FC0020207010BDC6
:1099100010B52DED028B0446B0EE408A8021204622
:10992000B6F745FC2046FFF7EAFF04F14800FFF7D1
:1099300013FF002084F87800B5EEC08AF1EE10FA2B
:1099400002DDB0EE480A01E09FED030A84ED1F0A34
:10995000BDEC028B10BD000017B7D138F0B59DB03B
:1099600005460C46287801281FD1267A95F87800FC
:10997000207204F10800FCF7D7FA382204F15C01E8
:109980000FA8F6F720FC267201AA0FA9284600F0BE
:1099900037F80746382201A904F15C00F6F713FCFA
:1099A00017B195F87800207228E0382204F15C01A4
:1099B0000FA8F6F708FC04F10800FCF7B5FA05F16A
:1099C00048000090D5ED1F0AB0EE600A217A0FAB77
:1099D00004F15C022846C1F7FCFB287801280CD171
:1099E00001AA04F15C01284600F00AF8382201A916
:1099F00004F15C00F6F7E7FB00BF00BF1DB0F0BD4F
:109A000070B504460E4615462078012806D0382247
:109A100031462846F6F7D7FB012070BD6068401C30
:109A20006060A06818B1D4E9010188420CD302201B
:109A30002070B7EE000A84ED110A3822314628461C
:109A4000F6F7C1FB0120E8E7207B3178884206D099
:109A5000382231462846F6F7B6FB0020DDE794EDC4
:109A6000010AF8EE400A94ED020AB8EE400A80EED0
:109A7000801A84ED111A382231462846F6F7A3FBE6
:109A8000D4ED111AB0EE611AD6ED011AF0EE610AAA
:109A9000D4ED041AB0EE610AF9F777FC85ED010AFE
:109AA000D4ED111AB0EE611AD6ED021AF0EE610A89
:109AB000D4ED051AB0EE610AF9F767FC85ED020AEC
:109AC000D4ED111AB0EE611AD6ED031AF0EE610A68
:109AD000D4ED061AB0EE610AF9F757FC85ED030ADA
:109AE000D4ED111AB0EE611AD6ED041AF0EE610A47
:109AF000D4ED071AB0EE610AF9F747FC85ED040AC8
:109B0000D4ED111AB0EE611AD6ED051AF0EE610A25
:109B1000D4ED081AB0EE610AF9F737FC85ED050AB5
:109B2000D4ED111AB0EE611AD6ED0A1AF0EE610A00
:109B3000D4ED0D1AB0EE610AF9F727FC85ED0A0A9B
:109B4000D4ED111AB0EE611AD6ED0B1AF0EE610ADF
:109B5000D4ED0E1AB0EE610AF9F717FC85ED0B0A89
:109B6000D4ED111AB0EE611AD6ED0C1AF0EE610ABE
:109B7000D4ED0F1AB0EE610AF9F707FC85ED0C0A77
:109B800094F8400085F8340094F8410085F83500D9
:109B9000002042E7024612B94FF0FF307047002024
:109BA00002F58062D060106110801081D071A2F542
:109BB000806200BFF2E700B97047C0F80C14C0F82B
:109BC000102400BFF8E7000090ED510ADFED040A11
:109BD00020EE200ABDEEC00A80ED500A704700005A
:109BE000E02E654210B5044694ED021A607800EE4E
:109BF000900AF8EE600A61EE200AB0EE600AFEF705
:109C000001FB84ED030A94ED030ADFED060A20EE62
:109C1000200A84ED040A01212046FEF7C1F994EDE3
:109C2000040A10BD35FA8E3C2DE9FC5F04468946D6
:109C300016464FF000082046BBF702FE019001983F
:109C400018B1B9F1000F00D02EB90EB1002030804C
:109C50000120BDE8FC9F2046072801DB002102E02F
:109C60004D4951F820100091009961B104EBC400F6
:109C70004A4901EB8000006A28B104EBC40001EB03
:109C80008000808818B9002030800120E1E70020A2
:109C9000308004EBC400414901EB80004069401C66
:109CA00004EBC4013D4A02EB81014861002004EB52
:109CB000C40102F8210004EBC400114601EB80004E
:109CC000B0F804A004EBC40001EB8000C788009842
:109CD00000684068AAEB000085B2554500DB00250E
:109CE00004EBC4002D4901EB80000581BD4211DB6E
:109CF000E81B1FFA80F8B8F1000F2BD004EBC4006A
:109D00000A4602EB8000006AC11942464846F6F74F
:109D10005AFA1FE0AAEB07001FFA80FB04EBC4000D
:109D20001E4A02EB8000006AC1195A464846F6F7FF
:109D30004AFA55B104EBC402184B03EB820209EB5B
:109D40000B00116A2A46F6F73EFA0BEB05001FFAE4
:109D500080F800BF04EBC400104901EB8000C5800F
:109D600004EBC40001EB8000A0F8028004EBC40007
:109D700001EB80008069404404EBC401074A02EB18
:109D800081018861002004EBC40102EB8101C861FC
:109D9000A6F8008000BF5CE754D10008B42500207D
:109DA00070B504460D4605A0B9F700F92A462146CC
:109DB00009A0B9F7FBF8012070BD00005B65727265
:109DC0006F725D20417373657274206661696C7592
:109DD0007265210D0A0000005B6572726F725D2072
:109DE0004C6F636174696F6E3A2025732025642E71
:109DF0000D0A000010B5BBF7B5FDC1F70FF910BD96
:109E0000F0B502460B464FF0FF3100200EE0155C26
:109E10006940072407E001F001077E42054F374003
:109E200087EA5101641E002CF5DA401C9842EED3FB
:109E3000C843F0BD783BF68201460A69D1E901309A
:109E40009860D1E9010358605068884201D1886860
:109E50005060002008611068401E10601068704754
:109E6000704742684A6093688B609368596091605C
:109E7000086103685B1C03607047000000BF50204E
:109E800080F31188BFF34F8FBFF36F8F00BF0E4871
:109E90000068401C0C49086008460068012812D17F
:109EA0000A480068C0B208B9012000E0002050B99B
:109EB00000BF502080F31188BFF34F8FBFF36F8F27
:109EC00000BF00BFFEE770476801002004ED00E01E
:109ED00070B506463546002E44D0083D2C46224932
:109EE00060680968084008B1012000E0002050B90E
:109EF00000BF502080F31188BFF34F8FBFF36F8FE7
:109F000000BF00BFFEE7206808B9012000E0002084
:109F100050B900BF502080F31188BFF34F8FBFF3BB
:109F20006F8F00BF00BFFEE70F49606809680840F7
:109F3000C0B12068B0B90C496068096888436060A6
:109F4000C1F706FD094960680968084407490860C7
:109F50002046C0F7C7FE06480068401C0449086058
:109F600000F0CAFB70BD0000640100205401002015
:109F70006001002070B504460025D4B11248006885
:109F800008B9012000E0002050B900BF502080F344
:109F90001188BFF34F8FBFF36F8F00BF00BFFEE785
:109FA000C1F7D6FC00212046FFF770F900F0A4FBB2
:109FB00005463DB94FF0805004490860BFF34F8F0C
:109FC000BFF36F8F70BD00004401002004ED00E07E
:109FD00010B52DED048B0446B0EE408A94ED010AD5
:109FE000B8EE400AF7EE000A80EE801AF0EE418AE1
:109FF000D4ED6C0A78EE600AB0EE600A00F02EF83C
:10A00000B0EE409A94ED6D0AD4ED6F0A60EE890AC5
:10A0100000EEA80A84ED6D0A94ED6D0AD4ED6E0A87
:10A0200000EE890AD4ED6C0A40EE280AC4ED6C0AF1
:10A03000D4ED6C0AB0EE600AFEF7E4F884ED6C0A29
:10A0400084ED4E8A94ED6D0ADFED030A20EE200ABE
:10A05000BDEC048B10BD000035FA8E3CF0EEC00A5A
:10A060009FED0B1AF4EEC10AF1EE10FA0FDDB5EE1A
:10A07000C00AF1EE10FA04DDDFED060A70EE600AA8
:10A0800003E0DFED040A70EE200AB0EE600A7047CC
:10A09000000034430000B44305E0DFED0E0A70EE2B
:10A0A000600AB0EE600ADFED0C0AB4EEE00AF1EEF1
:10A0B00010FAF2DC05E0DFED070A70EE200AB0EEE0
:10A0C000600ADFED060AB4EEE00AF1EE10FAF2D90A
:10A0D00070470000DB0FC940DB0F4940DB0F49C070
:10A0E0001CB5524800685249884201D0012000E066
:10A0F000002050B900BF502080F31188BFF34F8F6C
:10A10000BFF36F8F00BF00BFFEE7484800684849B3
:10A11000491E884201D0012000E0002050B900BF54
:10A12000502080F31188BFF34F8FBFF36F8F00BFB4
:10A1300000BFFEE73F49084600780190FF200A462D
:10A1400010700846007800909DF8000000F0F000C4
:10A150009DF80020904201D1012000E0002050B97C
:10A1600000BF502080F31188BFF34F8FBFF36F8F74
:10A1700000BF00BFFEE79DF8000000F050002E4A2F
:10A18000107007202D4A106009E02C480068401E1E
:10A190002A4A10609DF800004006000E00909DF8CD
:10A1A000000000F080008028EFD024480068C0F153
:10A1B0000700042801D1012000E0002050B900BFB1
:10A1C000502080F31188BFF34F8FBFF36F8F00BF14
:10A1D00000BFFEE7194800680002184A10601046E8
:10A1E000008800F4E0601060124A019810700F4877
:10A1F0002030006840F470000C49203108600846A7
:10A20000006840F070400860C1F75AFA00200C491D
:10A210000860F5F719FF0B48006840F04040094915
:10A220000860F5F7FDFE00201CBD000000ED00E019
:10A2300071C20F4100E400E06C01002070010020B9
:10A240006801002034EF00E02DE9F84305460E4692
:10A2500017460DB1012000E0002050B900BF50208A
:10A2600080F31188BFF34F8FBFF36F8F00BF00BF24
:10A27000FEE705FB06F808F14800C0F777FD044645
:10A2800064B1A14609F14809002084F846003B4624
:10A290004A46314628460094C0F77EFC2046BDE879
:10A2A000F8832DE9F04706460F46344654B900BFFF
:10A2B000502080F31188BFF34F8FBFF36F8F00BF23
:10A2C00000BFFEE7206C08B9012000E0002050B973
:10A2D00000BF502080F31188BFF34F8FBFF36F8F03
:10A2E00000BF00BFFEE7206808B9A06808B90120D8
:10A2F00000E0002050B900BF502080F31188BFF368
:10A300004F8FBFF36F8F00BF00BFFEE7C1F7ECF9BF
:10A3100000BF5021EFF3118081F31188BFF34F8FFD
:10A32000BFF36F8F00BF0546D4F83890E06B484507
:10A330001ED994F945A009F10100A0630AF10100BA
:10A3400070B9606A08B9012000E0002068B904F122
:10A350002400C1F7B1FF40B13FB10120386004E0F3
:10A360000AF1010040B284F845004FF0010801E015
:10A370004FF0000800BF85F3118800BF4046BDE8DC
:10A38000F0872DE9F05F064689461746344654B9F2
:10A3900000BF502080F31188BFF34F8FBFF36F8F42
:10A3A00000BF00BFFEE7B9F1000F01D1206C08B972
:10A3B000012000E0002050B900BF502080F3118838
:10A3C000BFF34F8FBFF36F8F00BF00BFFEE7C1F732
:10A3D0008BF900BF5021EFF3118081F31188BFF397
:10A3E0004F8FBFF36F8F00BF0546D4F838A0BAF186
:10A3F000000F22D094F944B049462046C0F724FB10
:10A40000AAF10100A0630BF1010070B9206908B93D
:10A41000012000E0002068B904F11000C1F74CFFF2
:10A4200040B13FB10120386004E00BF1010040B2BF
:10A4300084F844004FF0010801E04FF0000800BF2D
:10A4400085F3118800BF4046BDE8F09F70B5054612
:10A450000C4655B900BF502080F31188BFF34F8FD1
:10A46000BFF36F8F00BF00BFFEE754B900BF50209D
:10A4700080F31188BFF34F8FBFF36F8F00BF00BF12
:10A48000FEE7FFF7FBFC124802686868131A2068B1
:10A49000401C08B9002617E00E4928680968884260
:10A4A00004D06868904201D801260DE020689842E7
:10A4B00007D92068C01A20602846C1F751F9002644
:10A4C00002E0002020600126C1F7DCF8304670BDB4
:10A4D00020010020340100200549096809B9012044
:10A4E00005E00449096809B9022000E0002070472E
:10A4F00028010020440100202DE9F0414FF0000820
:10A500004448006800287CD143480068451C424804
:10A51000056015BB41480068006808B9012000E0EB
:10A52000002050B900BF502080F31188BFF34F8F37
:10A53000BFF36F8F00BF00BFFEE738480768384899
:10A540000068364908603648076036480068401C95
:10A5500034490860FEF726FF00BF33480068854293
:10A560003CD300BF2D480068006808B9012000E016
:10A57000002020B14FF0FF302B4908602DE0274824
:10A580000068C068C4686668B54202D226480660A2
:10A5900023E0201DFFF750FCA06A18B104F1180059
:10A5A000FFF74AFC94F82C10012088401F490968E5
:10A5B00008431E490860E16A01EB81011C4A02EB75
:10A5C0008100211DFFF74DFC1A49E06A0968C96A3C
:10A5D0008842C7D34FF00108C4E700BF15480068A0
:10A5E000C06A00EB8000124951F82000012801D90F
:10A5F0004FF001081048006808B14FF0010805E06D
:10A60000FFE70E480068401C0C4908604046BDE862
:10A61000F0810000440100202001002010010020F2
:10A6200014010020340100203C01002024010020FE
:10A63000B02D00200C010020300100202C01002052
:10A6400070B505462C460026002D4DD02749E06AFE
:10A650000968C96A884240D2A06900F0004028B960
:10A6600022480068C06AC0F10700A061E16A01EBFE
:10A6700081011F4A02EB81016069884201D10120FA
:10A6800000E0002018B3201DFFF7D6FB40B994F876
:10A690002C10012088401749096881431548016042
:10A6A00012480068C06AE06294F82C1001208840CB
:10A6B0001049096808430F490860E16A01EB81010C
:10A6C0000B4A02EB8100211DFFF7CBFB03E007489B
:10A6D0000068C06AE062012606E00449606C09680F
:10A6E000C96A884200D20126304670BD0C010020A4
:10A6F000B02D00202401002070B50024002636482B
:10A70000006850B900BF502080F31188BFF34F8F0D
:10A71000BFF36F8F00BF00BFFEE7FFF7AFFB2E4810
:10A720000068401E2C4908600846006800284FD188
:10A730002A48006800284BD024E02948C068C46833
:10A7400004F11800FFF778FB201DFFF775FB94F864
:10A750002C100120884023490968084321490860DA
:10A76000E16A01EB8101204A02EB8100211DFFF724
:10A7700078FB1E49E06A0968C96A884202D3012051
:10A780001B4908601648006808B9012000E0002055
:10A790000028D2D00CB1FEF705FE1648056865B159
:10A7A00000BFFFF7A9FE10B10120114908606D1E1E
:10A7B000002DF6D100200F4908600D48006838B11F
:10A7C000012630070C490860BFF34F8FBFF36F8F2E
:10A7D000C0F758FF304670BD440100201C01002026
:10A7E000642E002024010020B02D00200C01002048
:10A7F000300100202C01002004ED00E000000000EA
:10A800000000000000000000000000000000000048
:10A810000000000000000000000000000000000038
:10A820000000000000000000000000000000000028
:10A830000000000000000000000000000000000018
:10A840000000000000000000000000000000000008
:10A8500000000000000000000000000000000000F8
:10A8600000000000000000000000000000000000E8
:10A8700000000000000000000000000000000000D8
:10A8800000000000000000000000000000000000C8
:10A8900000000000000000000000000000000000B8
:10A8A00000040000000000000004000000000000A0
:10A8B0000004000000000000000000000000000094
:10A8C0000000000000000000000000000000000088
:10A8D0000000010000000000000000000000000077
:10A8E0000000000000000000000000000000000068
:10A8F0000000000000000000000000000000000058
:10A900000000000000000000000000000000000047
:10A910000000000000000000000000000000000037
:10A920000000000000000000000000000000000027
:10A930000000000000000000000000000000000017
:10A940000000000000000000000000000000000007
:10A9500000000000000000000000000000000000F7
:10A9600000000000000000000000000000000000E7
:10A9700000000000000000000000000000000000D7
:10A9800000000000000000000000000000000000C7
:10A9900000000000000000000000000000000000B7
:10A9A00000000000000000000000000000000000A7
:10A9B0000000000000000000000000000000000097
:10A9C0000000000000000000000000000000000087
:10A9D0000000000000000000000000000000000077
:10A9E0000000000000000000000000000000000067
:10A9F0000000000000000000000000000000000057
:10AA00000001010000000000000000000000000044
:10AA100002030405060708090A0D0E0F10000000C6
:10AA20000000000000000000000000000000000026
:10AA30001112131415161718191A1B000000000024
:10AA40000000000000000000000000000000000006
:10AA50001C1D1E1F2007070604070B0C21220000E7
:10AA600000000000000000000000000000000000E6
:10AA7000232425262728292A2B2C0000000000004B
:10AA800000000000000000000000000000000000C6
:10AA900000000000000000000000000000000000B6
:10AAA00000000000000000000000000000000000A6
:10AAB000002D00000000002E2F000000000000000C
:10AAC0000000000000000000000000000000000086
:10AAD0000000000000000000000000000000000076
:10AAE0000000000000000000000000000000000066
:10AAF0000000000000000000000000000000000056
:10AB00000000010000000000000000010000000043
:10AB10000000000001000000000000000000010033
:10AB2000010101000000010001010000000000001F
:10AB30000100000000000000010000000000000013
:10AB40000001000000000000000001000000000003
:10AB5000E9740408158A0008017704086B89000865
:10AB60007D8B000855760408F9770408617704089E
:10AB70006177040861770408F9770408B18A00084E
:10AB8000418A0008C9890008017704086B89000818
:10AB90006B890008157504081575040815750408F7
:10ABA000157504081575040815750408157504084D
:10ABB000157504081575040815750408157504083D
:10ABC000157504081575040815750408157504082D
:10ABD000157504081575040815750408157504081D
:10ABE000157504081575040815750408157504080D
:10ABF000157504081D8B00081575040815750408E3
:10AC000015750408157504081575040815750408EC
:10AC10000000000000000000000000000000000034
:10AC20000000000000000000000000000000000024
:10AC30000000000000000000000000000000000014
:10AC40000000000000000000000000000000000004
:10AC500000000000000000000000000000000000F4
:10AC600000000000000000000000000000000000E4
:10AC700000000000000000000000000000000000D4
:10AC800000000000000000000000000000000000C4
:10AC900000000000000000000000000000000000B4
:10ACA00000000000000000000000000000000000A4
:10ACB000000400000000000000040000000000008C
:10ACC0000004000000000000000000000000000080
:10ACD0000000000000000000000000000000000074
:10ACE0000000010000000000000000000000000063
:10ACF0000000000000000000000000000000000054
:10AD00000000000000000000000000000000000043
:10AD10000000000000000000000000000000000033
:10AD20000000000000000000000000000000000023
:10AD30000000000000000000000000000000000013
:10AD40000000000000000000000000000000000003
:10AD500000000000000000000000000000000000F3
:10AD600000000000000000000000000000000000E3
:10AD700000000000000000000000000000000000D3
:10AD800000000000000000000000000000000000C3
:10AD900000000000000000000000000000000000B3
:10ADA00000000000000000000000000000000000A3
:10ADB0000000000000000000000000000000000093
:10ADC0000000000000000000000000000000000083
:10ADD0000000000000000000000000000000000073
:10ADE0000000000000000000000000000000000063
:10ADF0000000000000000000000000000000000053
:10AE00000000000000000000000000000000000042
:10AE1000A13504084540000821400008000000005A
:10AE20000000000000000000000000000000000022
:10AE30000000000000000000000000000000000012
:10AE40000000000000000000000000000000000002
:10AE500000000000000000000000000000000000F2
:10AE600000000000000000000000000000000000E2
:10AE700000000000000000000000000000000000D2
:10AE800000000000000000000000000000000000C2
:10AE900000000000000000000000000000000000B2
:10AEA00000000000000000000000000000000000A2
:10AEB0000000000000000000000000000000000092
:10AEC000000400000000000000040000000000007A
:10AED000000400000000000000000000000000006E
:10AEE0000000000000000000000000000000000062
:10AEF0000000010000000000000000000000000051
:10AF00000000000000000000000000000000000041
:10AF10000000000000000000000000000000000031
:10AF20000000000000000000000000000000000021
:10AF30000000000000000000000000000000000011
:10AF40000000000000000000000000000000000001
:10AF500000000000000000000000000000000000F1
:10AF600000000000000000000000000000000000E1
:10AF700000000000000000000000000000000000D1
:10AF800000000000000000000000000000000000C1
:10AF900000000000000000000000000000000000B1
:10AFA00000000000000000000000000000000000A1
:10AFB0000000000000000000000000000000000091
:10AFC0000000000000000000000000000000000081
:10AFD0000000000000000000000000000000000071
:10AFE0000000000000000000000000000000000061
:10AFF0000000000000000000000000000000000051
:10B000000000000000000000000000000000000040
:10B010000000000000000000000000000000000030
:10B02000294100081F4100081D41000800000000E0
:10B030000000000000000000000000000000000010
:10B040000000000000000000000000000000000000
:10B0500000000000000000000000000000000000F0
:10B0600000000000000000000000000000000000E0
:10B0700000000000000000000000000000000000D0
:10B0800000000000000000000000000000000000C0
:10B0900000000000000000000000000000000000B0
:10B0A00000000000000000000000000000000000A0
:10B0B0000000000000000000000000000000000090
:10B0C0000000000000000000000000000000000080
:10B0D0000004000000000000000400000000000068
:10B0E000000400000000000000000000000000005C
:10B0F0000000000000000000000000000000000050
:10B10000000001000000000000000000000000003E
:10B11000000000000000000000000000000000002F
:10B12000000000000000000000000000000000001F
:10B13000000000000000000000000000000000000F
:10B1400000000000000000000000000000000000FF
:10B1500000000000000000000000000000000000EF
:10B1600000000000000000000000000000000000DF
:10B1700000000000000000000000000000000000CF
:10B1800000000000000000000000000000000000BF
:10B1900000000000000000000000000000000000AF
:10B1A000000000000000000000000000000000009F
:10B1B000000000000000000000000000000000008F
:10B1C000000000000000000000000000000000007F
:10B1D000000000000000000000000000000000006F
:10B1E000000000000000000000000000000000005F
:10B1F000000000000000000000000000000000004F
:10B20000000000000000000000000000000000003E
:10B21000000000000000000000000000000000002E
:10B22000000000000000000000000000000000001E
:10B23000854100084D410008494100080000000018
:10B2400000000000000000000000000000000000FE
:10B2500000000000000000000000000000000000EE
:10B2600000000000000000000000000000000000DE
:10B2700000000000000000000000000000000000CE
:10B2800000000000000000000000000000000000BE
:10B2900000000000000000000000000000000000AE
:10B2A000000000000000000000000000000000009E
:10B2B000000000000000000000000000000000008E
:10B2C000000000000000000000000000000000007E
:10B2D000000000000000000000000000000000006E
:10B2E0000004000000000000000400000000000056
:10B2F000000400000000000000000000000000004A
:10B30000000000000000000000000000000000003D
:10B31000000001000000000000000000000000002C
:10B32000000000000000000000000000000000001D
:10B33000000000000000000000000000000000000D
:10B3400000000000000000000000000000000000FD
:10B3500000000000000000000000000000000000ED
:10B3600000000000000000000000000000000000DD
:10B3700000000000000000000000000000000000CD
:10B3800000000000000000000000000000000000BD
:10B3900000000000000000000000000000000000AD
:10B3A000000000000000000000000000000000009D
:10B3B000000000000000000000000000000000008D
:10B3C000000000000000000000000000000000007D
:10B3D000000000000000000000000000000000006D
:10B3E000000000000000000000000000000000005D
:10B3F000000000000000000000000000000000004D
:10B40000000000000000000000000000000000003C
:10B41000000000000000000000000000000000002C
:10B42000000000000000000000000000000000001C
:10B43000000000000000000000000000000000000C
:10B4400002010202020302040205020603010302D2
:10B45000F9370408C9360408993604080000B040DA
:10B460000080BB44000000000000C04100004843D1
:10B470000000803F0100000063757272656E745FAA
:10B4800064000000000000000000B0400080BB44E9
:10B490000000000000004042000020410000803F0A
:10B4A0000100000063757272656E745F71000000C8
:10B4B000000000000AD7A33DCDCC4C3F00000000A7
:10B4C0000000A041000048430000803F030000004E
:10B4D00076656C6F636974790000000000000000FD
:10B4E0000000204100000000000000000000F041CA
:10B4F000000000000000803F00000000706F7369D2
:10B5000074696F6E000000000000000000004842F7
:10B51000000000000000004000002041000000008A
:10B52000CDCC4C3F08000000696D706564616E63AE
:10B53000650000000000000000004842000000001C
:10B540000000004000002041000000000000803F9B
:10B5500000000000686F6D696E6700000000000069
:10B56000000000009A99993ECDCC4C3D6F12033BF0
:10B5700000007041000040400000803F01000000DA
:10B580006A6F67000000000000000000000000007B
:10B590000000000000000000000000000000A041CA
:10B5A000000000000000803F00000000746573741C
:10B5B0000000000000000000000000004153353092
:10B5C00034375F3100000000000000000000000080
:10B5D0000300000002020000445256383330315F4D
:10B5E0003100000000000000000000000300000027
:10B5F000030D000402000004060048414C465F426F
:10B6000052494447455F310000000000000001003E
:10B610000102030000000000000000000000000024
:10B6200000000000000000000056425553000000DA
:10B630000000000000000000000000000001064DB6
:10B64000305F4941000000000000000000000000E1
:10B65000000000010A4D305F494200000000000078
:10B66000000000000000000000010B4D305F494366
:10B670005F5048414E544F4D000000000000000153
:10B680000A4A4D5F554152545F31000000000000EE
:10B69000000000000004010000000008004000005D
:10B6A000004000080040000000800008004000004A
:10B6B00000C0000800400000000001080000010078
:10B6C0000000020800000200000004080000020060
:10B6D0000000060800000200000008080000020048
:10B6E00000000A080000020000000C080000020030
:10B6F00000000E08000002000000000000000240F0
:10B700000004024000080240000C02400010024009
:10B710000014024000180240000000006C330120B9
:10B720000000000000000000000000000000000019
:10B730000000000000000000000000000000000009
:10B7400000000000000000000000000000000000F9
:10B75000C4350120000000000400000008000000C3
:10B760000C0000003C00000000002110422063306B
:10B770008440A550C660E770088129914AA16BB149
:10B780008CC1ADD1CEE1EFF13112100273325222F1
:10B79000B5529442F772D662399318837BB35AA399
:10B7A000BDD39CC3FFF3DEE36224433420040114C1
:10B7B000E664C774A44485546AA54BB528850995E9
:10B7C000EEE5CFF5ACC58DD5533672261116300691
:10B7D000D776F6669556B4465BB77AA71997388739
:10B7E000DFF7FEE79DD7BCC7C448E5588668A77851
:10B7F0004008611802282338CCC9EDD98EE9AFF989
:10B80000488969990AA92BB9F55AD44AB77A966A30
:10B81000711A500A333A122AFDDBDCCBBFFB9EEBD8
:10B82000799B588B3BBB1AABA66C877CE44CC55C00
:10B83000222C033C600C411CAEED8FFDECCDCDDD28
:10B840002AAD0BBD688D499D977EB66ED55EF44ED0
:10B85000133E322E511E700E9FFFBEEFDDDFFCCF78
:10B860001BBF3AAF599F788F8891A981CAB1EBA1CC
:10B870000CD12DC14EF16FE18010A100C230E32048
:10B880000450254046706760B9839893FBA3DAB3F0
:10B890003DC31CD37FE35EF3B1029012F322D23298
:10B8A0003542145277625672EAB5CBA5A8958985C0
:10B8B0006EF54FE52CD50DC5E234C324A0148104E8
:10B8C0006674476424540544DBA7FAB79987B89790
:10B8D0005FE77EF71DC73CD7D326F2369106B01638
:10B8E00057667676154634564CD96DC90EF92FE950
:10B8F000C899E9898AB9ABA9445865480678276888
:10B90000C018E1088238A3287DCB5CDB3FEB1EFB2F
:10B91000F98BD89BBBAB9ABB754A545A376A167AD7
:10B92000F10AD01AB32A923A2EFD0FED6CDD4DCDFF
:10B93000AABD8BADE89DC98D267C076C645C454C27
:10B94000A23C832CE01CC10C1FEF3EFF5DCF7CDFCF
:10B950009BAFBABFD98FF89F176E367E554E745E77
:10B96000932EB23ED10EF01E0006101600061016E1
:10B97000ACB90408B928000800000000000000006D
:10B9800000010000000000000000000000000000B6
:10B990006E83F9A22915444ED15727FCC0DD34F53A
:10B9A000999562DB4190433CAB6351FE64656661EF
:10B9B000756C745461736B0000000000920E493C7A
:10B9C000B10AC93C2BC3163D2EFB483D752B7B3D70
:10B9D00004A9963D80B6AF3D36BDC83D2FBCE13DC4
:10B9E00073B2FA3D87CF093E8340163EB5AB223E87
:10B9F000A2102F3ECF6E3B3EC2C5473E0115543EBE
:10BA0000135C603E7F9A6C3ECCCF783EC07D823E18
:10BA1000938E883E229A8E3E32A0943E86A09A3E15
:10BA2000E59AA03E128FA63ED47CAC3EEF63B23EB8
:10BA30002A44B83E491DBE3E15EFC33E53B9C93E28
:10BA4000CA7BCF3E4136D53E80E8DA3E4F92E03E9B
:10BA50007533E63EBBCBEB3EEA5AF13ECBE0F63E19
:10BA6000275DFC3EE4E7003F3D9C033F824B063FE1
:10BA70009BF5083F6B9A0B3FDA390E3FCDD3103F51
:10BA80002A68133FD9F6153FC07F183FC6021B3FF7
:10BA9000D17F1D3FCBF61F3F9967223F25D2243F20
:10BAA0005636273F1594293F4AEB2B3FDE3B2E3F6E
:10BAB000BB85303FC9C8323FF304353F233A373F97
:10BAC0004268393F3B8F3B3FF9AE3D3F67C73F3F41
:10BAD00070D8413F01E2433F03E4453F65DE473F05
:10BAE00012D1493FF8BB4B3F029F4D3F207A4F3F59
:10BAF0003D4D513F4918533F31DB543FE595563F8B
:10BB00005348583F6AF2593F1A945B3F532D5D3FAB
:10BB100005BE5E3F2146603F97C5613F5A3C633F8B
:10BB200059AA643F880F663FD86B673F3CBF683FA8
:10BB3000A7096A3F0C4B6B3F5E836C3F93B26D3F2E
:10BB40009ED86E3F73F56F3F0809713F5213723FE5
:10BB50004714733FDD0B743F0BFA743FC6DE753F2D
:10BB600007BA763FC58B773FF853783F9812793FF5
:10BB70009DC7793F02737A3FBE147B3FCDAC7B3FBC
:10BB8000283B7C3FC9BF7C3FAC3A7D3FCCAB7D3F7F
:10BB900023137E3FB0707E3F6DC47E3F580E7F3FC3
:10BBA0006D4E7F3FAB847F3F0FB17F3F97D37F3F89
:10BBB00043EC7F3F11FB7F3F0000803F11FB7F3F45
:10BBC00043EC7F3F97D37F3F0FB17F3FAB847F3FF5
:10BBD0006D4E7F3F580E7F3F6DC47E3FB0707E3FFD
:10BBE00023137E3FCCAB7D3FAC3A7D3FC9BF7C3F4A
:10BBF000283B7C3FCDAC7B3FBE147B3F02737A3F3A
:10BC00009DC7793F9812793FF853783FC58B773FAE
:10BC100007BA763FC6DE753F0BFA743FDD0B743F03
:10BC20004714733F5213723F0809713F73F56F3F1A
:10BC30009ED86E3F93B26D3F5E836C3F0C4B6B3F63
:10BC4000A7096A3F3CBF683FD86B673F880F663FD4
:10BC500059AA643F5A3C633F97C5613F2146603F04
:10BC600005BE5E3F532D5D3F1A945B3F6AF2593F1C
:10BC70005348583FE595563F31DB543F4918533FF1
:10BC80003D4D513F207A4F3F029F4D3FF8BB4B3F08
:10BC900012D1493F65DE473F03E4453F01E2433FA0
:10BCA00070D8413F67C73F3FF9AE3D3F3B8F3B3FB9
:10BCB0004268393F233A373FF304353FC9C8323F22
:10BCC000BB85303FDE3B2E3F4AEB2B3F1594293F8F
:10BCD0005636273F25D2243F9967223FCBF61F3F98
:10BCE000D17F1D3FC6021B3FC07F183FD9F6153FCD
:10BCF0002A68133FCDD3103FDA390E3F6B9A0B3FC2
:10BD00009BF5083F824B063F3D9C033FE4E7003F25
:10BD1000275DFC3ECBE0F63EEA5AF13EBBCBEB3E64
:10BD20007533E63E4F92E03E80E8DA3E4136D53E3E
:10BD3000CA7BCF3E53B9C93E15EFC33E491DBE3E37
:10BD40002A44B83EEF63B23ED47CAC3E128FA63E8E
:10BD5000E59AA03E86A09A3E32A0943E229A8E3E5C
:10BD6000938E883EC07D823ECCCF783E7F9A6C3EDB
:10BD7000135C603E0115543EC2C5473ECF6E3B3E4C
:10BD8000A2102F3EB5AB223E8340163E87CF093E20
:10BD900073B2FA3D2FBCE13D36BDC83D80B6AF3D24
:10BDA00004A9963D752B7B3D2EFB483D2BC3163DCC
:10BDB000B10AC93C920E493C00000000920E49BCF9
:10BDC000B10AC9BC2BC316BD2EFB48BD752B7BBD6C
:10BDD00004A996BD80B6AFBD36BDC8BD2FBCE1BDC0
:10BDE00073B2FABD87CF09BE834016BEB5AB22BE83
:10BDF000A2102FBECF6E3BBEC2C547BE011554BEBA
:10BE0000135C60BE7F9A6CBECCCF78BEC07D82BE14
:10BE1000938E88BE229A8EBE32A094BE86A09ABE11
:10BE2000E59AA0BE128FA6BED47CACBEEF63B2BEB4
:10BE30002A44B8BE491DBEBE15EFC3BE53B9C9BE24
:10BE4000CA7BCFBE4136D5BE80E8DABE4F92E0BE97
:10BE50007533E6BEBBCBEBBEEA5AF1BECBE0F6BE15
:10BE6000275DFCBEE4E700BF3D9C03BF824B06BFDD
:10BE70009BF508BF6B9A0BBFDA390EBFCDD310BF4D
:10BE80002A6813BFD9F615BFC07F18BFC6021BBFF3
:10BE9000D17F1DBFCBF61FBF996722BF25D224BF1C
:10BEA000563627BF159429BF4AEB2BBFDE3B2EBF6A
:10BEB000BB8530BFC9C832BFF30435BF233A37BF93
:10BEC000426839BF3B8F3BBFF9AE3DBF67C73FBF3D
:10BED00070D841BF01E243BF03E445BF65DE47BF01
:10BEE00012D149BFF8BB4BBF029F4DBF207A4FBF55
:10BEF0003D4D51BF491853BF31DB54BFE59556BF87
:10BF0000534858BF6AF259BF1A945BBF532D5DBFA7
:10BF100005BE5EBF214660BF97C561BF5A3C63BF87
:10BF200059AA64BF880F66BFD86B67BF3CBF68BFA4
:10BF3000A7096ABF0C4B6BBF5E836CBF93B26DBF2A
:10BF40009ED86EBF73F56FBF080971BF521372BFE1
:10BF5000471473BFDD0B74BF0BFA74BFC6DE75BF29
:10BF600007BA76BFC58B77BFF85378BF981279BFF1
:10BF70009DC779BF02737ABFBE147BBFCDAC7BBFB8
:10BF8000283B7CBFC9BF7CBFAC3A7DBFCCAB7DBF7B
:10BF900023137EBFB0707EBF6DC47EBF580E7FBFBF
:10BFA0006D4E7FBFAB847FBF0FB17FBF97D37FBF85
:10BFB00043EC7FBF11FB7FBF000080BF11FB7FBF41
:10BFC00043EC7FBF97D37FBF0FB17FBFAB847FBFF1
:10BFD0006D4E7FBF580E7FBF6DC47EBFB0707EBFF9
:10BFE00023137EBFCCAB7DBFAC3A7DBFC9BF7CBF46
:10BFF000283B7CBFCDAC7BBFBE147BBF02737ABF36
:10C000009DC779BF981279BFF85378BFC58B77BFAA
:10C0100007BA76BFC6DE75BF0BFA74BFDD0B74BFFF
:10C02000471473BF521372BF080971BF73F56FBF16
:10C030009ED86EBF93B26DBF5E836CBF0C4B6BBF5F
:10C04000A7096ABF3CBF68BFD86B67BF880F66BFD0
:10C0500059AA64BF5A3C63BF97C561BF214660BF00
:10C0600005BE5EBF532D5DBF1A945BBF6AF259BF18
:10C07000534858BFE59556BF31DB54BF491853BFED
:10C080003D4D51BF207A4FBF029F4DBFF8BB4BBF04
:10C0900012D149BF65DE47BF03E445BF01E243BF9C
:10C0A00070D841BF67C73FBFF9AE3DBF3B8F3BBFB5
:10C0B000426839BF233A37BFF30435BFC9C832BF1E
:10C0C000BB8530BFDE3B2EBF4AEB2BBF159429BF8B
:10C0D000563627BF25D224BF996722BFCBF61FBF94
:10C0E000D17F1DBFC6021BBFC07F18BFD9F615BFC9
:10C0F0002A6813BFCDD310BFDA390EBF6B9A0BBFBE
:10C100009BF508BF824B06BF3D9C03BFE4E700BF21
:10C11000275DFCBECBE0F6BEEA5AF1BEBBCBEBBE60
:10C120007533E6BE4F92E0BE80E8DABE4136D5BE3A
:10C13000CA7BCFBE53B9C9BE15EFC3BE491DBEBE33
:10C140002A44B8BEEF63B2BED47CACBE128FA6BE8A
:10C15000E59AA0BE86A09ABE32A094BE229A8EBE58
:10C16000938E88BEC07D82BECCCF78BE7F9A6CBED7
:10C17000135C60BE011554BEC2C547BECF6E3BBE48
:10C18000A2102FBEB5AB22BE834016BE87CF09BE1C
:10C1900073B2FABD2FBCE1BD36BDC8BD80B6AFBD20
:10C1A00004A996BD752B7BBD2EFB48BD2BC316BDC8
:0CC1B000B10AC9BC920E49BC000000801E
:040000050800018965
:00000001FF
